{"noiseKey":{"private":{"type":"Buffer","data":"yOO/8moiwTRRZYwwHUbIkyzeeglEvdHrlARvPx3DR3c="},"public":{"type":"Buffer","data":"AjUNRxezOmt5ebs4xTJZKJ8la3+tSzLSG0aD0jiWMTc="}},"pairingEphemeralKeyPair":{"private":{"type":"Buffer","data":"QMgw9GaLUzn3YHJqrtLOeakFzaPhz9gnn6UB3Ix5JV8="},"public":{"type":"Buffer","data":"zOm5fDESpyI9PIB7LuHe1xSUSsB0HginCr9Unjy+GVE="}},"signedIdentityKey":{"private":{"type":"Buffer","data":"eLINbiulgKV2IH3XqhBnoavjxImB9OLkhZQkn7BiV2E="},"public":{"type":"Buffer","data":"KisKXRDvau+cnKR5bKWKRrGpkG7YndXnDYOPNxyzNFI="}},"signedPreKey":{"keyPair":{"private":{"type":"Buffer","data":"eJ/KXvlFoaaPEKD56Wc+s4xCQxcB4U7mJII/Rhp8518="},"public":{"type":"Buffer","data":"X7F842nmeJbXOCQJkFsbZDeHDI18uqnv2YLMQUa7fQc="}},"signature":{"type":"Buffer","data":"PxtnyZJ1AKKJZDbsPFPg35/yd5BwSQe+Ax3IaTPGm9S6QTjawZYIkdajxnBdnJyGuIFpDOn3+e4h+Q3MGolEgA=="},"keyId":1},"registrationId":16,"advSecretKey":"euWw1z0bqffM8dRikxbCV8QFpAEc2TCVZvXoUyqmBQI=","processedHistoryMessages":[],"nextPreKeyId":1,"firstUnuploadedPreKeyId":1,"accountSyncCounter":0,"accountSettings":{"unarchiveChats":false},"deviceId":"_dUZPWdmR7aQ0ATwiR_qvA","phoneId":"83465086-d163-40b6-a80d-45d03a916249","identityId":{"type":"Buffer","data":"1E4bigH4ytOcJjXaXBvDZe179sk="},"registered":false,"backupToken":{"type":"Buffer","data":"NI1aGjq+WcRT9H2seYEcUQ3qWmY="},"registration":{},"pairingCode":"1Z6SWCD4","me":{"id":"201063808608@s.whatsapp.net","name":"~"}}