{"version":2,"hash":{"type":"Buffer","data":"XSEPpoIRoKRlMg5ZE7XXZvCCDXn9ypPLsVlz37fC0KWn4vbvhwW5qO0aacSj0Naw//YnEEeOzrZDcur47IGoaLvYvZ3MAykPhgt41afRoxb8EojWkJwaUfyuenQnaiuACghayMzmyw7H3GW9NT1t8t+9BxmoPVLFzDMf8+h8Uv4="},"indexValueMap":{"arAcq7JryZaSEvSHvcokErGsbcCeRfiQPw0cwSODmec=":{"valueMac":{"type":"Buffer","data":"pnaAPflLGCbyot5H4Pc61vDM/4n1UIsu1n3Uqyf0zsM="}},"u9PbpTKrtbT5BSF6VYDMXpa2tzRf8fltpGZLkC+3k1U=":{"valueMac":{"type":"Buffer","data":"ZOmcAE+/o9rzAEFAvLPCuCkj9lL/6oCrxqd/vziKlwI="}},"tn7dpKjRO+SMo+KmR06SdglsrwQjYDLZTxJ6q0ozrNM=":{"valueMac":{"type":"Buffer","data":"8qgmP2d5O6b9KVaVHHfAUuIM6tns5ZNp/kaDuaImU1o="}},"zin2d4cADv/+DeQBegKVb5O2gctGYy378bv5GYZFF9A=":{"valueMac":{"type":"Buffer","data":"1giGM3otjB/L5+GnOqDK9Zq45bRGUnbW7P2d6xX6kkA="}},"EsjxO0OK91/oANCNJ2xjp7TmGEmHIWBi0pvL1WEL59s=":{"valueMac":{"type":"Buffer","data":"RaoJ4k7krt6XjQ61AACvs2VoPGw7/us2AboF0SPJmyw="}},"DUx57LdhAaG6OWCQZQa1hYmaU+7qMcoQKWhcwjiFJlw=":{"valueMac":{"type":"Buffer","data":"Ko672tkSmgcEdQEMcLHEG7og3yh+3Qh78sJ2ccE0k4o="}},"bFNBZ2Xvr9av3/2XCvgg4214mtCTxbeg6c0OgBDVAFA=":{"valueMac":{"type":"Buffer","data":"ah36nMTP8U5BDFCRSpclpQdMb4mxWB0hcLEWPU3AJg8="}},"iLMCVzwKaFkoInUxeKolDR9RXvE4o9h+vy/C632GnVY=":{"valueMac":{"type":"Buffer","data":"oA+7o3WD5IU8INyGwD3abltZzWnbFbWUrKkVWWGfVbg="}},"+aLgm3b0bN2DQkSiEVky4vXQ1bkNC6py/kCc1CtqPeQ=":{"valueMac":{"type":"Buffer","data":"KEsfydFpH1rRZkYY9C+TxmgHAemlBqjlPjxEoK8vobc="}}}}