{"noiseKey":{"private":{"type":"Buffer","data":"uN3AloabR+KOE4rInLoVcPruxJybLMNWTLSvGtauXkY="},"public":{"type":"Buffer","data":"+0mrY6t/amRTPX51RI4X9eGGwEOFCqDZ7pHGjJqNfHM="}},"pairingEphemeralKeyPair":{"private":{"type":"Buffer","data":"qBWNoNvhPqvmwaSw2/6fHlB+8/lIRUzj9Ykdt0oXMVw="},"public":{"type":"Buffer","data":"Lb3XfDsxlyEvQFCjYSMfR3Augwe1DgPE75YJobEwUBA="}},"signedIdentityKey":{"private":{"type":"Buffer","data":"eMji6915+kUQ1MaxMr44rKx1Ue0y4caDYDZRIn27PHE="},"public":{"type":"Buffer","data":"qmM61GOiS47PDsiTnRStIFElZVr/wYWxpD8nbIw5QD8="}},"signedPreKey":{"keyPair":{"private":{"type":"Buffer","data":"WFcJPhClkkumQEhrEsMFr0VujmX+yW4E3iEhysKrnGU="},"public":{"type":"Buffer","data":"TYzuDl5CWW9oYsgyYSaKufua8CMoICYOjyfht8Zs6Ek="}},"signature":{"type":"Buffer","data":"lK1gnjA1AbOTMN2pxX8QvjerwZ36wGhcSpPTK8p0k5kZ+8dWZjDbKJk4UnHMSqDAdvbyoIIDYEYi10E7LHs/hg=="},"keyId":1},"registrationId":35,"advSecretKey":"OCU4F636ksWU0sfXajCHG24pGx0g/zQIEK/sPOFWI6c=","processedHistoryMessages":[{"key":{"remoteJid":"201210457447@s.whatsapp.net","fromMe":true,"id":"6201A01F02EAEF0091E1A5FC90E392AA"},"messageTimestamp":1737991991},{"key":{"remoteJid":"201210457447@s.whatsapp.net","fromMe":true,"id":"06F5F613A028596729C4D51CE72ABA5E"},"messageTimestamp":1737992003}],"nextPreKeyId":41,"firstUnuploadedPreKeyId":41,"accountSyncCounter":1,"accountSettings":{"unarchiveChats":false},"deviceId":"igP-E41QT_CkdJwobfsNJw","phoneId":"809f3380-df21-4f4f-a7f8-5ef16255f2e8","identityId":{"type":"Buffer","data":"ySSanEANf6exqX+OCjEx7RmZlDc="},"registered":true,"backupToken":{"type":"Buffer","data":"hki0wqp9Znoe4I1XHfDf/UF2iwg="},"registration":{},"pairingCode":"HHQ5K56V","lastPropHash":"1K4hH4","routingInfo":{"type":"Buffer","data":"CAgIAg=="},"me":{"id":"201210457447:10@s.whatsapp.net","name":"A7med 7assan","jid":"201210457447@s.whatsapp.net","lid":"43847639941146:10@lid"},"account":{"details":"CMzPrZMCEPfN3rwGGAEgACgA","accountSignatureKey":"mQWtiGTMoGjF6IeN+NDgIX2YkDZJtOT1FPhT53WY9BU=","accountSignature":"YbxITUo1jpSJH9a/CI2ZAp+2HfnQEJrCP6iD9aDextEVhvHvrEhDDJIabGbVOEyOp0aQ5HowWXsVqemfBtnSBQ==","deviceSignature":"T6KzvmWOKFWdmRLlQNK+cvMSx+kRWw5dfA7OWPjlhIGEXmyMoEvaFTpPS+V5FkZhYjni87TnXtMlfuoZc/5rjw=="},"signalIdentities":[{"identifier":{"name":"201210457447:10@s.whatsapp.net","deviceId":0},"identifierKey":{"type":"Buffer","data":"BZkFrYhkzKBoxeiHjfjQ4CF9mJA2SbTk9RT4U+d1mPQV"}}],"platform":"smba","lastAccountSyncTimestamp":1737991932,"myAppStateKeyId":"AAAAABbe"}