{"201091183808@s.whatsapp.net":true,"201210457447@s.whatsapp.net":true,"962796261690@s.whatsapp.net":true,"966578008949@s.whatsapp.net":true,"96170798433@s.whatsapp.net":true,"249117053806@s.whatsapp.net":true,"213799767757@s.whatsapp.net":true,"212718038224@s.whatsapp.net":true,"212707316173@s.whatsapp.net":true,"212707316173:20@s.whatsapp.net":true,"212608264146@s.whatsapp.net":true,"201289863299@s.whatsapp.net":true,"201289863299:10@s.whatsapp.net":true,"201226652862@s.whatsapp.net":true,"201104472172@s.whatsapp.net":true,"201010704426@s.whatsapp.net":true}