[{"senderKeyId":1630888866,"senderChainKey":{"iteration":17,"seed":"9Bmw7BzpJ0e0B0V8C5woaRvaeXbRxAXXk0CVJOvB2Dk="},"senderSigningKey":{"public":"BbdD7Q6G4nUv8UoFHFxYQUwXUbVIDw3+vf2hld9BpadO"},"senderMessageKeys":[{"iteration":1,"seed":"SDKaSBWp2oxAzj4+6k41JtWfNJNi7jV9+H2RHZfHJhQ="},{"iteration":3,"seed":"9rvYyu/EuP2s9eIOfT0q01QOtLHqTpfYQnXcDRreOn4="},{"iteration":5,"seed":"cW8LqmSL2mQj/m9OrDTb/qSgTSUEMyJKo3zky6VHiw0="},{"iteration":7,"seed":"Da1DMF2lUmelufIwzaimWxpABAjl/uIekzhTDnkIcgI="},{"iteration":9,"seed":"PuUowBg19K0pAl86JTlTWEsFXjMh94JD7h+NiN3B7rk="},{"iteration":11,"seed":"+MsfiAAfO0VHGI+3KCiC9/6EyTQcDYq82hWpGUKXpjQ="},{"iteration":13,"seed":"knNcir5RPQHv3MakNpvPKUV71fZpK9VqfF89n590nQo="},{"iteration":15,"seed":"89tbNVGA8zmUEz/YyZn+Ztc+JCBPcNiVi1WJMZd4pZQ="}]},{"senderKeyId":1065219349,"senderChainKey":{"iteration":31,"seed":"FMmMvimqJkiCBxd1u1rvbaC4Me8eY9A5WFWZRKBqg6c="},"senderSigningKey":{"public":"BZzF8SSBWwzMsXt4dlUi5Z8py+5aJV+ouN8T49LRn1Qy"},"senderMessageKeys":[{"iteration":1,"seed":"eeSkDswtovwqq9RlZQK0gYgQlQmibrMwl4h+qM6p/sU="},{"iteration":3,"seed":"cVj5g7yyQ/IhKVhqYedHtixBPga1IWNlQgeMipUTot4="},{"iteration":5,"seed":"RQgnkL4OWHBCD3JKC1/jw1SE2QVu+vk8SHrQZE8fQpE="},{"iteration":7,"seed":"I/X6247enUz+ufy9W4MmlRHw1EX/cmm9ZbbQtB18u8U="},{"iteration":9,"seed":"NTyhUlyNT+xPhV7r9sDskqRrmaVpwMaXbejdNqMRroo="},{"iteration":11,"seed":"VtgyZG4DgvFQlkr6nMu27MJaCxEamFR8zvSK+JIl4tk="},{"iteration":12,"seed":"dw0YeGxmUsiIHHF60Fm2A54Ui3dt5+rcaCedGGJskis="},{"iteration":13,"seed":"9Defx1Lqe8eoi+WtvNOfZZk33SAK2ZcemjNxqi3CzjQ="},{"iteration":15,"seed":"nM3vpU++QcJQo+UdVWTa3F97r6KQIub19LzwfUHsR48="},{"iteration":17,"seed":"+afQVYKTrFQu0b5YoXL4rkUIkVgDnMNKNFuThY2xrKE="},{"iteration":19,"seed":"2NtVY7Om8zwlXp8drczdpnaYO8BkhM5OI/1r8XoeKyA="},{"iteration":21,"seed":"lGw6/e8NYL2BvOLIlhOzXvSyUOrVhIUbKao+WJOqb6U="},{"iteration":23,"seed":"YHLt5PijizgqZ4V7UYnXaOe9KJTvOXvDpj/akaqfojs="},{"iteration":25,"seed":"pS6M6juXsnOv/mKloQdS+vWsD9PnxE/7wi+O6t+DkyA="},{"iteration":27,"seed":"Zvz2kx2tw8v21H9Ljcgp1c2mfyYpd05Shdy2Gxycn6s="},{"iteration":29,"seed":"lT+kP658yGdzFqMBfC2/NG8jpoWvXCTetqXqznCEJrg="}]}]