{"201006391232@s.whatsapp.net":true,"218916675880@s.whatsapp.net":true,"966554838568@s.whatsapp.net":true,"249110744777@s.whatsapp.net":true,"96877320373@s.whatsapp.net":true,"201559859003@s.whatsapp.net":true,"201091796963@s.whatsapp.net":true,"201091796963:35@s.whatsapp.net":true,"249992481277@s.whatsapp.net":true,"201028401194@s.whatsapp.net":true,"9647716488209@s.whatsapp.net":true,"249992545406@s.whatsapp.net":true,"218917278619@s.whatsapp.net":true,"201289834680@s.whatsapp.net":true,"201289834680:2@s.whatsapp.net":true,"218921754984@s.whatsapp.net":true,"218922144608@s.whatsapp.net":true,"201550444655@s.whatsapp.net":true,"201550444655:30@s.whatsapp.net":true,"967772569719@s.whatsapp.net":true,"201063624442@s.whatsapp.net":true,"96567784068@s.whatsapp.net":true,"249914060761@s.whatsapp.net":true,"201063640718@s.whatsapp.net":true,"212638375865@s.whatsapp.net":true,"212638375865:14@s.whatsapp.net":true,"972584600089@s.whatsapp.net":true,"201159034590@s.whatsapp.net":true,"213655167888@s.whatsapp.net":true,"213552085685@s.whatsapp.net":true,"201211022928@s.whatsapp.net":true,"966505344932@s.whatsapp.net":true,"249115534736@s.whatsapp.net":true,"966576763810@s.whatsapp.net":true,"966576763810:5@s.whatsapp.net":true,"963964798920@s.whatsapp.net":true,"201113288579@s.whatsapp.net":true,"201113288579:36@s.whatsapp.net":true,"218920003413@s.whatsapp.net":true,"201064804871@s.whatsapp.net":true,"218931474795@s.whatsapp.net":true,"966530271065@s.whatsapp.net":true,"966576732760@s.whatsapp.net":true,"9647771828339@s.whatsapp.net":true,"966546605263@s.whatsapp.net":true,"201115870268@s.whatsapp.net":true,"201095614883@s.whatsapp.net":true,"249968559484@s.whatsapp.net":true,"9647876552664@s.whatsapp.net":true,"201555240523@s.whatsapp.net":true,"201555240523:33@s.whatsapp.net":true,"201128692644@s.whatsapp.net":true,"218930984951@s.whatsapp.net":true,"963960640428@s.whatsapp.net":true,"12264572706@s.whatsapp.net":true,"212678927537@s.whatsapp.net":true,"212678927537:23@s.whatsapp.net":true,"12264993748@s.whatsapp.net":true,"967737794015@s.whatsapp.net":true,"249116917152@s.whatsapp.net":true,"212698191704@s.whatsapp.net":true,"201028347415@s.whatsapp.net":true,"967773780566@s.whatsapp.net":true,"967773780566:3@s.whatsapp.net":true,"967778441211@s.whatsapp.net":true,"9647848778885@s.whatsapp.net":true,"966559271283@s.whatsapp.net":true,"963938563017@s.whatsapp.net":true,"201062806778@s.whatsapp.net":true,"201062806778:4@s.whatsapp.net":true,"201080931834@s.whatsapp.net":true,"201222849171@s.whatsapp.net":true,"963990748156@s.whatsapp.net":true,"218923874233@s.whatsapp.net":true,"22233468877@s.whatsapp.net":true,"201283828420@s.whatsapp.net":true,"249994370367@s.whatsapp.net":true,"96879515981@s.whatsapp.net":true,"22248813613@s.whatsapp.net":true,"966534128455@s.whatsapp.net":true,"212654656621@s.whatsapp.net":true,"9647767435680@s.whatsapp.net":true,"966559393288@s.whatsapp.net":true,"201221950999@s.whatsapp.net":true,"966557239875@s.whatsapp.net":true,"966557239875:9@s.whatsapp.net":true,"9647875209600@s.whatsapp.net":true,"201146644945@s.whatsapp.net":true,"966501582017@s.whatsapp.net":true,"212638988472@s.whatsapp.net":true,"212657077097@s.whatsapp.net":true,"212657077097:1@s.whatsapp.net":true,"212775956506@s.whatsapp.net":true,"212690184745@s.whatsapp.net":true,"201282442497@s.whatsapp.net":true,"966534410497@s.whatsapp.net":true,"967778286278@s.whatsapp.net":true,"972553302147@s.whatsapp.net":true,"966500988303@s.whatsapp.net":true,"212620928222@s.whatsapp.net":true,"989021527883@s.whatsapp.net":true,"201225471412@s.whatsapp.net":true,"249912903655@s.whatsapp.net":true,"249912903655:15@s.whatsapp.net":true,"249912903655:17@s.whatsapp.net":true,"249912903655:19@s.whatsapp.net":true,"249912903655:20@s.whatsapp.net":true,"963983611691@s.whatsapp.net":true,"201011668450@s.whatsapp.net":true,"218911616065@s.whatsapp.net":true,"201205337272@s.whatsapp.net":true,"201205337272:19@s.whatsapp.net":true,"96879098095@s.whatsapp.net":true,"212684192860@s.whatsapp.net":true,"966559731812@s.whatsapp.net":true,"201010260527@s.whatsapp.net":true,"212696203453@s.whatsapp.net":true,"249116944083@s.whatsapp.net":true,"201009870264@s.whatsapp.net":true,"96877320401@s.whatsapp.net":true,"218917844603@s.whatsapp.net":true,"212604651581@s.whatsapp.net":true,"212771024618@s.whatsapp.net":true,"201012938272@s.whatsapp.net":true,"905360577183@s.whatsapp.net":true,"201153120043@s.whatsapp.net":true,"212781578815@s.whatsapp.net":true,"6289523313870@s.whatsapp.net":true,"201069993163@s.whatsapp.net":true,"212624852220@s.whatsapp.net":true,"212624852220:2@s.whatsapp.net":true,"201094809249@s.whatsapp.net":true,"966508822107@s.whatsapp.net":true,"966508822107:2@s.whatsapp.net":true,"966561005372@s.whatsapp.net":true,"201015752742@s.whatsapp.net":true,"21693110629@s.whatsapp.net":true,"967771006084@s.whatsapp.net":true,"218915273251@s.whatsapp.net":true,"213798634930@s.whatsapp.net":true,"201551538273@s.whatsapp.net":true,"213654378699@s.whatsapp.net":true,"249129607326@s.whatsapp.net":true,"212678169700@s.whatsapp.net":true,"212678169700:16@s.whatsapp.net":true,"249118432451@s.whatsapp.net":true,"967774867392@s.whatsapp.net":true,"201121885867@s.whatsapp.net":true,"213782395899@s.whatsapp.net":true,"201129220631@s.whatsapp.net":true,"249960417581@s.whatsapp.net":true,"201122121401@s.whatsapp.net":true,"21699419725@s.whatsapp.net":true,"966531561533@s.whatsapp.net":true,"255753660330@s.whatsapp.net":true,"201554488482@s.whatsapp.net":true,"212774023496@s.whatsapp.net":true,"201025520471@s.whatsapp.net":true,"201025520471:57@s.whatsapp.net":true,"201025520471:58@s.whatsapp.net":true,"201025520471:59@s.whatsapp.net":true,"201211378964@s.whatsapp.net":true,"201551367853@s.whatsapp.net":true,"212699299912@s.whatsapp.net":true,"212699299912:1@s.whatsapp.net":true,"966537050422@s.whatsapp.net":true,"212621838912@s.whatsapp.net":true,"212632329236@s.whatsapp.net":true,"212617980072@s.whatsapp.net":true,"9647855219297@s.whatsapp.net":true,"201125732513@s.whatsapp.net":true,"212657107005@s.whatsapp.net":true,"201551657717@s.whatsapp.net":true,"212780540527@s.whatsapp.net":true,"962796358451@s.whatsapp.net":true,"967772890193@s.whatsapp.net":true,"447538369802@s.whatsapp.net":true,"967730584494@s.whatsapp.net":true,"79264034886@s.whatsapp.net":true,"967774795508@s.whatsapp.net":true,"963956778623@s.whatsapp.net":true,"212775979550@s.whatsapp.net":true,"306986397624@s.whatsapp.net":true,"19397497706@s.whatsapp.net":true,"218911406597@s.whatsapp.net":true,"962798060175@s.whatsapp.net":true,"201206597188@s.whatsapp.net":true,"2349114224628@s.whatsapp.net":true,"201552216029@s.whatsapp.net":true,"213791010282@s.whatsapp.net":true,"201022349985@s.whatsapp.net":true,"9647730809711@s.whatsapp.net":true,"9647730809711:6@s.whatsapp.net":true,"966574144096@s.whatsapp.net":true,"963951849437@s.whatsapp.net":true,"201115363981@s.whatsapp.net":true,"79232896611@s.whatsapp.net":true,"212638709565@s.whatsapp.net":true,"201014751384@s.whatsapp.net":true,"201210856548@s.whatsapp.net":true,"201143131104@s.whatsapp.net":true,"967737675662@s.whatsapp.net":true,"212724995143@s.whatsapp.net":true,"201060258704@s.whatsapp.net":true,"9647772845197@s.whatsapp.net":true,"201220536235@s.whatsapp.net":true,"905376830430@s.whatsapp.net":true,"218920766045@s.whatsapp.net":true,"249129873759@s.whatsapp.net":true,"22233903350@s.whatsapp.net":true,"249111651829@s.whatsapp.net":true,"212600350574@s.whatsapp.net":true,"201009429938@s.whatsapp.net":true,"201009429938:23@s.whatsapp.net":true,"966557295439@s.whatsapp.net":true,"31685019045@s.whatsapp.net":true,"972598976670@s.whatsapp.net":true,"9647723811559@s.whatsapp.net":true,"213791606926@s.whatsapp.net":true,"201128486553@s.whatsapp.net":true,"201128486553:20@s.whatsapp.net":true,"201128486553:21@s.whatsapp.net":true,"21620806443@s.whatsapp.net":true,"4917672339436@s.whatsapp.net":true,"4917672339436:1@s.whatsapp.net":true,"4917672339436:2@s.whatsapp.net":true,"4917672339436:3@s.whatsapp.net":true,"971509226050@s.whatsapp.net":true,"971509226050:78@s.whatsapp.net":true,"971509226050:79@s.whatsapp.net":true,"971509226050:80@s.whatsapp.net":true,"201029106367@s.whatsapp.net":true,"201029106367:9@s.whatsapp.net":true,"966533959847@s.whatsapp.net":true,"201210457447@s.whatsapp.net":true,"201142738836@s.whatsapp.net":true,"201119517569@s.whatsapp.net":true,"962780129031@s.whatsapp.net":true,"994409094326@s.whatsapp.net":true,"9647873853845@s.whatsapp.net":true,"249967513126@s.whatsapp.net":true,"201210118809@s.whatsapp.net":true,"201551494713@s.whatsapp.net":true,"201117227954@s.whatsapp.net":true,"201117227954:8@s.whatsapp.net":true,"17165335294@s.whatsapp.net":true,"967771702444@s.whatsapp.net":true,"201100931179@s.whatsapp.net":true,"967776495933@s.whatsapp.net":true,"967776495933:14@s.whatsapp.net":true,"967776495933:15@s.whatsapp.net":true}