{"201091183808@s.whatsapp.net":true,"201210457447@s.whatsapp.net":true,"218927854828@s.whatsapp.net":true,"218946944326@s.whatsapp.net":true,"962796261690@s.whatsapp.net":true,"9647772845197@s.whatsapp.net":true,"966534128455@s.whatsapp.net":true,"967779096431@s.whatsapp.net":true,"967783477074@s.whatsapp.net":true,"972599727588@s.whatsapp.net":true,"967781368399@s.whatsapp.net":true,"966574144096@s.whatsapp.net":true,"966553300415@s.whatsapp.net":true,"966553300415:10@s.whatsapp.net":true,"96597632193@s.whatsapp.net":true,"9647758594799@s.whatsapp.net":true,"963981664475@s.whatsapp.net":true,"962797681102@s.whatsapp.net":true,"3197010526336@s.whatsapp.net":true,"3197010526336:7@s.whatsapp.net":true,"249124014424@s.whatsapp.net":true,"218927668891@s.whatsapp.net":true,"213557446559@s.whatsapp.net":true,"212715536298@s.whatsapp.net":true,"212707249382@s.whatsapp.net":true,"201278487278@s.whatsapp.net":true,"201144320069@s.whatsapp.net":true,"201126713509@s.whatsapp.net":true,"201063174691@s.whatsapp.net":true,"201063174691:3@s.whatsapp.net":true,"201063174691:4@s.whatsapp.net":true,"201063174691:5@s.whatsapp.net":true,"201063174691:6@s.whatsapp.net":true,"201024215049@s.whatsapp.net":true,"201021633420@s.whatsapp.net":true}