[{"senderKeyId":707681761,"senderChainKey":{"iteration":16,"seed":"aPgs0//oy4rwukj6uppl0Ui7cAMY1FW74xzWYck77a0="},"senderSigningKey":{"public":"BYDoT5jkmt3sjJSMfMPc2qnj/hJpNHbAKGg5w3mGfHsl"},"senderMessageKeys":[]},{"senderKeyId":1218289503,"senderChainKey":{"iteration":20,"seed":"ES5Rpd17N85mgEj0mzSKvP5J3Ps8CLcuhwf6JcvQnVA="},"senderSigningKey":{"public":"BV92Q8igIkwEXT/mucnk3yPuCj9k9oBWv1VuE6lhMd4Y"},"senderMessageKeys":[]},{"senderKeyId":2081490188,"senderChainKey":{"iteration":1,"seed":"dpk134Fjcx90X6+dqDAOM5CUj1w3JV7aCbYAopTpP0k="},"senderSigningKey":{"public":"BYTnU1bE64oLFO25Q/Z81mhGCyDixIy1/+sI6xw36VJc"}}]