[{"senderKeyId":1135556295,"senderChainKey":{"iteration":1,"seed":"9bsCrrPiF8xINyIkYoBdHmJICZidoyiH/Z+PWnBwIPo="},"senderSigningKey":{"public":"BeiIqfCJJe7Z+9kdgQYV+4+KeKEGXkEM/8z/Vl6DHqsL"},"senderMessageKeys":[]},{"senderKeyId":1560665642,"senderChainKey":{"iteration":0,"seed":"aU+BBrJoD9UzLXelOczg0fc7E/BgUgnrFRkF3w2/dks="},"senderSigningKey":{"public":"BYdxlJTHzeVmS1SBducuw3D9mJHujGTOsRRkdG125e58"}},{"senderKeyId":711279341,"senderChainKey":{"iteration":1,"seed":"yNHEi1uelNrqkyHT7tXIFF1ibP73lFE79Ndl+R50Emg="},"senderSigningKey":{"public":"BWIadm/516kK/WsOlbkJEdEz31W6/zDc4h3JOKHKE8YV"}}]