{"201210457447@s.whatsapp.net":true,"201127283202@s.whatsapp.net":true,"9647758594799@s.whatsapp.net":true,"212781045911@s.whatsapp.net":true,"252611683038@s.whatsapp.net":true,"218917278619@s.whatsapp.net":true,"212774652400@s.whatsapp.net":true,"212774652400:1@s.whatsapp.net":true,"212644167745@s.whatsapp.net":true,"967783477074@s.whatsapp.net":true,"201276270483@s.whatsapp.net":true,"212637939979@s.whatsapp.net":true,"201551626226@s.whatsapp.net":true,"201551626226:19@s.whatsapp.net":true,"212714573947@s.whatsapp.net":true,"966532649338@s.whatsapp.net":true,"201271777395@s.whatsapp.net":true,"9647750132833@s.whatsapp.net":true,"966503696023@s.whatsapp.net":true,"966503696023:20@s.whatsapp.net":true,"212614813279@s.whatsapp.net":true,"967779096431@s.whatsapp.net":true,"201150348933@s.whatsapp.net":true,"201155630921@s.whatsapp.net":true,"201121201483@s.whatsapp.net":true,"218915677348@s.whatsapp.net":true,"249123812601@s.whatsapp.net":true,"966534128455@s.whatsapp.net":true,"213561677308@s.whatsapp.net":true,"15047584117@s.whatsapp.net":true,"201091183808@s.whatsapp.net":true,"218946944326@s.whatsapp.net":true,"201098403594@s.whatsapp.net":true,"966553300415@s.whatsapp.net":true,"966553300415:10@s.whatsapp.net":true,"212783227634@s.whatsapp.net":true,"212783227634:20@s.whatsapp.net":true,"9647716646899@s.whatsapp.net":true,"213557446559@s.whatsapp.net":true,"201144320069@s.whatsapp.net":true,"218916423545@s.whatsapp.net":true,"306993312726@s.whatsapp.net":true,"963945868057@s.whatsapp.net":true,"9647869789871@s.whatsapp.net":true,"218928343171@s.whatsapp.net":true,"201202829113@s.whatsapp.net":true,"970594107318@s.whatsapp.net":true,"212724428455@s.whatsapp.net":true,"967781368399@s.whatsapp.net":true,"4368120144985@s.whatsapp.net":true,"201017275366@s.whatsapp.net":true,"212771335423@s.whatsapp.net":true,"12044417660@s.whatsapp.net":true,"212644772541@s.whatsapp.net":true,"12067418300@s.whatsapp.net":true,"967736949268@s.whatsapp.net":true,"218927668891@s.whatsapp.net":true,"201555645052@s.whatsapp.net":true,"201099216321@s.whatsapp.net":true,"249116316790@s.whatsapp.net":true,"963991066092@s.whatsapp.net":true,"201278487278@s.whatsapp.net":true,"9647855219297@s.whatsapp.net":true,"966592407516@s.whatsapp.net":true,"201554234545@s.whatsapp.net":true,"963992390680@s.whatsapp.net":true,"962796261690@s.whatsapp.net":true,"966574144096@s.whatsapp.net":true,"963992081393@s.whatsapp.net":true,"970598394644@s.whatsapp.net":true,"972599727588@s.whatsapp.net":true,"966533733558@s.whatsapp.net":true,"994404532925@s.whatsapp.net":true,"9647772845197@s.whatsapp.net":true,"201066469108@s.whatsapp.net":true,"201066469108:14@s.whatsapp.net":true,"201066469108:15@s.whatsapp.net":true,"249117894193@s.whatsapp.net":true,"201024290694@s.whatsapp.net":true,"6285723960467@s.whatsapp.net":true,"201029993418@s.whatsapp.net":true,"972598976670@s.whatsapp.net":true,"962797681102@s.whatsapp.net":true,"218927854828@s.whatsapp.net":true,"212707249382@s.whatsapp.net":true,"201103301091@s.whatsapp.net":true,"212715536298@s.whatsapp.net":true,"201021633420@s.whatsapp.net":true,"963945857907@s.whatsapp.net":true,"201557964566@s.whatsapp.net":true,"201507046404@s.whatsapp.net":true}