{"201210457447@s.whatsapp.net":true,"201555892923@s.whatsapp.net":true,"201140743247@s.whatsapp.net":true,"201011902310@s.whatsapp.net":true,"201019910536@s.whatsapp.net":true,"201152922155@s.whatsapp.net":true,"201025800458@s.whatsapp.net":true,"201551365551@s.whatsapp.net":true,"201066820201@s.whatsapp.net":true,"201024250338@s.whatsapp.net":true,"201128943719@s.whatsapp.net":true,"201030891123@s.whatsapp.net":true,"201207366890@s.whatsapp.net":true,"212608719662@s.whatsapp.net":true,"212608719662:12@s.whatsapp.net":true,"201066327574@s.whatsapp.net":true,"918609483875@s.whatsapp.net":true,"201000093240@s.whatsapp.net":true,"201148334377@s.whatsapp.net":true,"201026833645@s.whatsapp.net":true,"201050708202@s.whatsapp.net":true,"201150108218@s.whatsapp.net":true,"201551726119@s.whatsapp.net":true,"923329750018@s.whatsapp.net":true,"201000381651@s.whatsapp.net":true,"201153234890@s.whatsapp.net":true,"201096277750@s.whatsapp.net":true,"967734348261@s.whatsapp.net":true,"201227269274@s.whatsapp.net":true,"201021086582@s.whatsapp.net":true,"201061679966@s.whatsapp.net":true,"201007204648@s.whatsapp.net":true,"201273030194@s.whatsapp.net":true,"201224906925@s.whatsapp.net":true,"201224906925:11@s.whatsapp.net":true,"971527302259@s.whatsapp.net":true,"971527302259:4@s.whatsapp.net":true,"971528234469@s.whatsapp.net":true,"201002125744@s.whatsapp.net":true,"201116317397@s.whatsapp.net":true,"201001522669@s.whatsapp.net":true,"201014736205@s.whatsapp.net":true,"201005453443@s.whatsapp.net":true,"201225334948@s.whatsapp.net":true,"201010136047@s.whatsapp.net":true,"201223748109@s.whatsapp.net":true,"201223584448@s.whatsapp.net":true,"905374523804@s.whatsapp.net":true,"201285597031@s.whatsapp.net":true,"201065491424@s.whatsapp.net":true,"201000993280@s.whatsapp.net":true,"201113893870@s.whatsapp.net":true,"201000324117@s.whatsapp.net":true,"972592747277@s.whatsapp.net":true,"201208371911@s.whatsapp.net":true,"201225859668@s.whatsapp.net":true,"201030977164@s.whatsapp.net":true,"201030977164:9@s.whatsapp.net":true,"201144215114@s.whatsapp.net":true,"201550554776@s.whatsapp.net":true,"201003585368@s.whatsapp.net":true,"201007348427@s.whatsapp.net":true,"201102187956@s.whatsapp.net":true,"201005291334@s.whatsapp.net":true,"201012291868@s.whatsapp.net":true,"201020903899@s.whatsapp.net":true,"249116704486@s.whatsapp.net":true,"201007799648@s.whatsapp.net":true,"970569808062@s.whatsapp.net":true,"201228160207@s.whatsapp.net":true,"201210457477@s.whatsapp.net":true,"201002940507@s.whatsapp.net":true,"201155210180@s.whatsapp.net":true,"201064247951@s.whatsapp.net":true,"201007390619@s.whatsapp.net":true,"201066130664@s.whatsapp.net":true,"201080169762@s.whatsapp.net":true,"201010549076@s.whatsapp.net":true,"201553301059@s.whatsapp.net":true,"201017788183@s.whatsapp.net":true,"201019789766@s.whatsapp.net":true,"201220119286@s.whatsapp.net":true,"201229733542@s.whatsapp.net":true,"201008381692@s.whatsapp.net":true,"201015160569@s.whatsapp.net":true,"972598021976@s.whatsapp.net":true,"201143384721@s.whatsapp.net":true,"201066318219@s.whatsapp.net":true,"201554809643@s.whatsapp.net":true,"201013997815@s.whatsapp.net":true,"201002899168@s.whatsapp.net":true,"201000927318@s.whatsapp.net":true,"201012261651@s.whatsapp.net":true,"201557997971@s.whatsapp.net":true,"201015404689@s.whatsapp.net":true}