{"994401808008@s.whatsapp.net":true,"967771700229@s.whatsapp.net":true,"966578008949@s.whatsapp.net":true,"962796261690@s.whatsapp.net":true,"96170798433@s.whatsapp.net":true,"249998114918@s.whatsapp.net":true,"249117855636@s.whatsapp.net":true,"218912580167@s.whatsapp.net":true,"213799767757@s.whatsapp.net":true,"212717364327@s.whatsapp.net":true,"212713877645@s.whatsapp.net":true,"212693206521@s.whatsapp.net":true,"212688151232@s.whatsapp.net":true,"212621176652@s.whatsapp.net":true,"212619756439@s.whatsapp.net":true,"212619217882@s.whatsapp.net":true,"212614425331@s.whatsapp.net":true,"212614425331:20@s.whatsapp.net":true,"212609746281@s.whatsapp.net":true,"212608264146@s.whatsapp.net":true,"212603653125@s.whatsapp.net":true,"212602429599@s.whatsapp.net":true,"201221154622@s.whatsapp.net":true,"201221154622:12@s.whatsapp.net":true,"201210457447@s.whatsapp.net":true,"201156408235@s.whatsapp.net":true,"201152395145@s.whatsapp.net":true,"201115618853@s.whatsapp.net":true,"201115618853:52@s.whatsapp.net":true,"201115618853:54@s.whatsapp.net":true,"201104472172@s.whatsapp.net":true,"201091183808@s.whatsapp.net":true,"201063808608@s.whatsapp.net":true,"201032238860@s.whatsapp.net":true,"201032238860:4@s.whatsapp.net":true,"201010704426@s.whatsapp.net":true,"971528234469@s.whatsapp.net":true,"212603653125:6@s.whatsapp.net":true,"966590181908@s.whatsapp.net":true}