[{"senderKeyId":1169752282,"senderChainKey":{"iteration":19,"seed":"iO8ZPf9dFLZzyRWGumbwdJ42TtXO6kXXznKi6YpKfds="},"senderSigningKey":{"public":"BRG97knT2jWj7niY/4iPyovSa4O/7rhsn7VMF2KNpHQw"},"senderMessageKeys":[{"iteration":1,"seed":"0DbIR5ESyR0/7u7WAh8LH3WT0m765JruaIVbXQJ33sM="},{"iteration":3,"seed":"jvLvvmAjHJ5WrtHk1Y6vXJpKw16gM7zHXjq4lmHLQhI="},{"iteration":5,"seed":"XYoShPmWAZuf4dbe+WEA0b+9PygND376iQck6JnIbLI="},{"iteration":7,"seed":"RLHMBrSd3aeadVwJhuTrPRBuC89WKKnWccM9BUadVeA="},{"iteration":9,"seed":"E3hfRaS1cL+Vlhc3C0Gn0pxXOguztTPV8yVT/TZD3kY="},{"iteration":11,"seed":"TKblDA5C1FWytPET/D2qxthsV/cKxqChJdDzASRQ5ZU="},{"iteration":13,"seed":"7m33L5j70KYT/C/MF3RWMx7GFTqX/jjNtkDi438H+PA="},{"iteration":15,"seed":"d7Spr+l/tek3C2HAzC03OsuVYqqMZ9kAc4nYm/8ddr0="},{"iteration":17,"seed":"L4wzihz2C2KkKLXc7i9RYDAbBDwxOAZYP5vAzPFaoVs="}]}]