[{"senderKeyId":688902524,"senderChainKey":{"iteration":1,"seed":"eXLctNY7FhPgY7m4e2W2XUWHvQrQC/wlHynUhzYkyao="},"senderSigningKey":{"public":"BZaLMrv3zQRgVoEq+obLyj0C+UJ7mAK+PTX7TYxEenU2"},"senderMessageKeys":[]},{"senderKeyId":494448566,"senderChainKey":{"iteration":1,"seed":"ZBVrFS2oRIShjzE76PXE1gT1JkEg3ZmgRGbSA+ZkIWk="},"senderSigningKey":{"public":"BVDPobqr4lnZca93IhW5BmQ+IMDfCtJXn9gvL9gKnkB+"}},{"senderKeyId":1815668358,"senderChainKey":{"iteration":1,"seed":"YClUWQqtPbK3GuUF74O7oNZ82EfcjH6nNpEJusRnJrU="},"senderSigningKey":{"public":"BYHFmyWFE7CfogOoPO4/EJdcCH1GGIJKekvf1UCvR54v"}},{"senderKeyId":806823863,"senderChainKey":{"iteration":1,"seed":"BBqVWqFTh9Gpi3N36pYGLUrgn+DPT5mxgm1FqO05+lI="},"senderSigningKey":{"public":"BaD/bBsNJhPHRGilQLppReWp1UQuTSzqhOX2esFVO7sp"}}]