[{"senderKeyId":1946596270,"senderChainKey":{"iteration":4,"seed":"BXbFuMXfvIXAerSUGqkFrDrZAcId6XACYroslrHOH/c="},"senderSigningKey":{"public":"BWQK847DOD/srN//Fdm7gw7cqWrJN5c30Lp3gkZVMyJ3"},"senderMessageKeys":[]},{"senderKeyId":1946596270,"senderChainKey":{"iteration":1,"seed":"Itn6a92sQ+2CyrOpZalvpDgPTxiObCMaEi2vqNBWv88="},"senderSigningKey":{"public":"BWQK847DOD/srN//Fdm7gw7cqWrJN5c30Lp3gkZVMyJ3"},"senderMessageKeys":[]},{"senderKeyId":1566469054,"senderChainKey":{"iteration":1,"seed":"PQOiB0Okg66LvT9ZZPIb2g/wqe/n9z+zlGZbUbBzjP8="},"senderSigningKey":{"public":"BTRy973WICxOxhhKuM33TfzbVfXmMtU2gpw0qqjCx1lc"}}]