{"972599727588@s.whatsapp.net":true,"967783477074@s.whatsapp.net":true,"967779096431@s.whatsapp.net":true,"967739957751@s.whatsapp.net":true,"967717477319@s.whatsapp.net":true,"967711931906@s.whatsapp.net":true,"966536267653@s.whatsapp.net":true,"966534128455@s.whatsapp.net":true,"9647772845197@s.whatsapp.net":true,"962796261690@s.whatsapp.net":true,"218946944326@s.whatsapp.net":true,"218927854828@s.whatsapp.net":true,"212724428455@s.whatsapp.net":true,"201276270483@s.whatsapp.net":true,"201210457447@s.whatsapp.net":true,"201091183808@s.whatsapp.net":true}