[{"senderKeyId":1904637840,"senderChainKey":{"iteration":25,"seed":"7aWnRl8Ijq08rbD/kTQyG4XZgvxs/tqbWlOldBp+fYE="},"senderSigningKey":{"public":"BUS9M08IeuShh758S//V+o5S+wItDkJ48lyTnTD4geg3","private":"eFXbSkO//z0QzNvBdVjkU6e8OEfKVzJOW+wO86OK9Wc="},"senderMessageKeys":[{"iteration":1,"seed":"GByFWxd/dDc8UZKu5hac5OBznyBWsSwgYb4WnjmKS+8="},{"iteration":3,"seed":"2Sm70UsrW3Fod2BZhejzR+GUF/pa3qCLZbVqSM5Dk3s="},{"iteration":5,"seed":"cYHJjjbvHwCivdw2o8iuSiWJ688f+8NVBK9TeCInwQA="},{"iteration":7,"seed":"d8IyDt/QkFOoPG5HRerS98VVTMqI7rA+nMtNUBLKMI8="},{"iteration":9,"seed":"Hj9N4ETiJBTLsSt4FBlM0tdmbVgMWfJ0LoJFtlbM/8Q="},{},{},{},{},{},{},{}]}]