{"_sessions":{"BZ26e2JEi90F7c+M5Qmwitp6puIFNY0wiF3wymmkyv4o":{"registrationId":11862,"currentRatchet":{"ephemeralKeyPair":{"pubKey":"BTpbYZ+mfpb5eAxD4d2XlvJaU04qLqJw2RH+3d2E9qY1","privKey":"IIms1czUmVhrxQGtXJR6b5DdblbKTl9ev8i28enCH0M="},"lastRemoteEphemeralKey":"BRak/lr6s3pKZovErDDh/ogzq1ZYCLYfi5O5HAKIyOk6","previousCounter":0,"rootKey":"dBNs6KBNxz/n+67DBdIGim1E6UOOwyrjl0zjSihXBLQ="},"indexInfo":{"baseKey":"BZ26e2JEi90F7c+M5Qmwitp6puIFNY0wiF3wymmkyv4o","baseKeyType":1,"closed":-1,"used":1737993014286,"created":1737993014286,"remoteIdentityKey":"BRuj+NJNnLLrpJdUD2cqEMB1N5v9dG5pxn7C/934H01P"},"_chains":{"BTpbYZ+mfpb5eAxD4d2XlvJaU04qLqJw2RH+3d2E9qY1":{"chainKey":{"counter":0,"key":"bSIYG0xBsQsA33iaSYRwFF1DrAU6AEKmmI7+tGCPo1Y="},"chainType":1,"messageKeys":{}}},"pendingPreKey":{"signedKeyId":1,"baseKey":"BZ26e2JEi90F7c+M5Qmwitp6puIFNY0wiF3wymmkyv4o"}}},"version":"v1"}