{"_sessions":{"BQDj0bu5bcOnqejCiFc8ia0JURLBIt858YwXPSOP8v00":{"registrationId":811262894,"currentRatchet":{"ephemeralKeyPair":{"pubKey":"BZDPn1ajtgToxATikfn2ZjmfcmlGX1XRnY7w5gfhwV5N","privKey":"WCif6m4GRLw7PTH8qyPCXWJvYeH4k2uL5ZXJRnby61A="},"lastRemoteEphemeralKey":"BX7Y4PQ9asXBIvjGlqN6YO7ws/80zuO9pIebD09KX7YM","previousCounter":0,"rootKey":"3pNtVe8tqwYQUrEjB44mQuv7n3Tl6g8bRczN3c8Cqjg="},"indexInfo":{"baseKey":"BQDj0bu5bcOnqejCiFc8ia0JURLBIt858YwXPSOP8v00","baseKeyType":1,"closed":-1,"used":1737993538464,"created":1737993538464,"remoteIdentityKey":"BVZCjFbHn3yzLQCOq2TxbkWtIRkgyojWlKnHa35nkt5F"},"_chains":{"BZDPn1ajtgToxATikfn2ZjmfcmlGX1XRnY7w5gfhwV5N":{"chainKey":{"counter":0,"key":"PqxWQ9BcYGW2on7HkVc1leY2Yak4cetyc44fDfR3FFg="},"chainType":1,"messageKeys":{}}},"pendingPreKey":{"signedKeyId":6156949,"baseKey":"BQDj0bu5bcOnqejCiFc8ia0JURLBIt858YwXPSOP8v00","preKeyId":14713}}},"version":"v1"}