{"_sessions":{"BWEdKmfQFXsRbmZ4/mdr/2qYT2m8HCpxj+MLhDNrA4hn":{"registrationId":197785955,"currentRatchet":{"ephemeralKeyPair":{"pubKey":"BV8maNjOCiIlU8eIng95R7eF5MtTAf9OoAW05WyAvKYT","privKey":"0OuFLBUy/EWpm9heT+jW9ZEYW9NvoGw44MF4lrTUxno="},"lastRemoteEphemeralKey":"BX0DMiK7GfusZA0XwZ3br/cWfgE+N83QAOb4mxomISN+","previousCounter":0,"rootKey":"e25omGs3BPYU6ICaJh+OUiWop818H7a4z33oES6KPAU="},"indexInfo":{"baseKey":"BWEdKmfQFXsRbmZ4/mdr/2qYT2m8HCpxj+MLhDNrA4hn","baseKeyType":1,"closed":-1,"used":1737993014420,"created":1737993014420,"remoteIdentityKey":"BacZFQlb+SZXUVddzPGEsC62+RVowgoYXzi/U4Sk6MI2"},"_chains":{"BV8maNjOCiIlU8eIng95R7eF5MtTAf9OoAW05WyAvKYT":{"chainKey":{"counter":0,"key":"zTwbP29a9VzFxDNhRU0lhI4ziKi5EnRQXguxQplf1r0="},"chainType":1,"messageKeys":{}}},"pendingPreKey":{"signedKeyId":2,"baseKey":"BWEdKmfQFXsRbmZ4/mdr/2qYT2m8HCpxj+MLhDNrA4hn","preKeyId":8248236}}},"version":"v1"}