{"_sessions":{"BbUo/AfCCFAW0GuplBz7JpIbZ2K28S9wuE2eNVmRRJMs":{"registrationId":1634346639,"currentRatchet":{"ephemeralKeyPair":{"pubKey":"BZserqZI5oqCBiRvUCE8paBRGWo/WeajLMqZk1zvxNs/","privKey":"kNnAhweXPkfDoEycvXYUFmN89w1JkPufsf38o40uf08="},"lastRemoteEphemeralKey":"BaQsR4Ih153fENERhStIg4Jqu81ifhNaeXQd8W03gcwZ","previousCounter":0,"rootKey":"w5+GZhUFWfuB2paz50bTdqQ5zXY9SLt0xLmHWPqRpEg="},"indexInfo":{"baseKey":"BbUo/AfCCFAW0GuplBz7JpIbZ2K28S9wuE2eNVmRRJMs","baseKeyType":1,"closed":-1,"used":1737993538474,"created":1737993538474,"remoteIdentityKey":"BViPrEuKBGLWQeD494oC2g67ZvHNKlUP10cgEJAm3CAK"},"_chains":{"BZserqZI5oqCBiRvUCE8paBRGWo/WeajLMqZk1zvxNs/":{"chainKey":{"counter":0,"key":"8qGko3v0IOcakPtODVPq85bvkixzP7vwRNLJOc7TQfM="},"chainType":1,"messageKeys":{}}},"pendingPreKey":{"signedKeyId":3,"baseKey":"BbUo/AfCCFAW0GuplBz7JpIbZ2K28S9wuE2eNVmRRJMs","preKeyId":6929821}}},"version":"v1"}