{"_sessions":{"Bf/x99Tfz8Q4mcQvn/VkYd1nsFPFlHNhjFMMU3+zoyMS":{"registrationId":646678166,"currentRatchet":{"ephemeralKeyPair":{"pubKey":"BRZEdZDa4CVtb1CHYFYCq198tLxrPBEgEgG+A5R3pPwY","privKey":"EBMav//OFLK5cWe7giTEMiA85mDqO9jW6ir1GuBPHns="},"lastRemoteEphemeralKey":"BaUbtmscQ0jDSvF8tFFkbrgPlA6pXj70AF5JuulLcR4E","previousCounter":0,"rootKey":"vNjeCTAxcVIB5XpXmnKWHzGvderMPHtNJ5QPTAcRNyw="},"indexInfo":{"baseKey":"Bf/x99Tfz8Q4mcQvn/VkYd1nsFPFlHNhjFMMU3+zoyMS","baseKeyType":1,"closed":-1,"used":1737993538349,"created":1737993538349,"remoteIdentityKey":"BT8sOrBgmhdY2QEKHB+TfuWp1+Q8XVQQqbZkp5KLghwL"},"_chains":{"BRZEdZDa4CVtb1CHYFYCq198tLxrPBEgEgG+A5R3pPwY":{"chainKey":{"counter":0,"key":"y6JJ0qFtKjDmL1F2c45CPyznj7DXc3Wc/JpGp3hycB8="},"chainType":1,"messageKeys":{}}},"pendingPreKey":{"signedKeyId":44,"baseKey":"Bf/x99Tfz8Q4mcQvn/VkYd1nsFPFlHNhjFMMU3+zoyMS","preKeyId":13075929}}},"version":"v1"}