{"_sessions":{"BWS1ip3HVnplthrb/3AnrPhpPGzx0wfdb30pj//C//Bg":{"registrationId":207531875,"currentRatchet":{"ephemeralKeyPair":{"pubKey":"BUpzsFVdTUs3d6eljb7x4ENXCdG1hd1AYvQ+jjbEAwhT","privKey":"iPIxBuICw9Ukpaf4UaRIqvH2mR092gXu6KwT1Uqr9mg="},"lastRemoteEphemeralKey":"BZqNEqwZivAq6veS5YG9nR64e8f1ZUGr70C+keLg5a5Z","previousCounter":0,"rootKey":"nykskSoI1bZbZ47jUMh0qJIe+Fja8Klw1be2cfV8ayA="},"indexInfo":{"baseKey":"BWS1ip3HVnplthrb/3AnrPhpPGzx0wfdb30pj//C//Bg","baseKeyType":1,"closed":-1,"used":1737993538425,"created":1737993538425,"remoteIdentityKey":"BVVGhjNy+4DfpjaqVTHY3OJJC5EC0U1b54YjaTF9jQt1"},"_chains":{"BUpzsFVdTUs3d6eljb7x4ENXCdG1hd1AYvQ+jjbEAwhT":{"chainKey":{"counter":0,"key":"zCnhJp0Hgrx/wAeAl1MEqte3zOKtGm5Lxpgk4dXIS+U="},"chainType":1,"messageKeys":{}}},"pendingPreKey":{"signedKeyId":0,"baseKey":"BWS1ip3HVnplthrb/3AnrPhpPGzx0wfdb30pj//C//Bg"}}},"version":"v1"}