{"_sessions":{"BSy53e7Ecw/ykpMEHPC1wPt1wZX0UplmiJSEiyrJOskE":{"registrationId":1312504599,"currentRatchet":{"ephemeralKeyPair":{"pubKey":"BbPWSL8ObTUw59tIspo3iEPU0hwLPVLkqXXeLolGxNtx","privKey":"gFDTRCGnayhhKgMTeWghx41tybWoFZkwm6bASDRanmQ="},"lastRemoteEphemeralKey":"BdoGf9fovKnB98Eqzub2OPqtHwcHTg2WymPF1HAtcO5L","previousCounter":0,"rootKey":"7Ad6wyspcxoaeMO11pc5vOlrSXTNacXkxp0VFqHMtXQ="},"indexInfo":{"baseKey":"BSy53e7Ecw/ykpMEHPC1wPt1wZX0UplmiJSEiyrJOskE","baseKeyType":2,"closed":-1,"used":1737997671320,"created":1737997671320,"remoteIdentityKey":"BRk0jpcWjOPK+JaSEDahOxwGRWL7zpTMMqZLpujJA45L"},"_chains":{"BdoGf9fovKnB98Eqzub2OPqtHwcHTg2WymPF1HAtcO5L":{"chainKey":{"counter":3,"key":"Pszhkq2jg1mF8ckjwKSufwo+e64JAtqgiZNakNfr17Q="},"chainType":2,"messageKeys":{}},"BbPWSL8ObTUw59tIspo3iEPU0hwLPVLkqXXeLolGxNtx":{"chainKey":{"counter":-1,"key":"xdhWJbtd4U0ygdcK5WUJTArZRGEMKgQIlMHhhi/Lh8U="},"chainType":1,"messageKeys":{}}}}},"version":"v1"}