{"_sessions":{"BYFp8jFwhYOq1QglsDkcNbAIWZO6ztlX4U6Ds7k0/7tY":{"registrationId":1047244991,"currentRatchet":{"ephemeralKeyPair":{"pubKey":"BUxJ86zVo2hwSGrf1C6IpIf18ddJ90sDVhMZDSUNn99/","privKey":"wGJxI9g6Jr8MTWQ7pNZqKwwrm0SjK0wjAUQ+2duyxWw="},"lastRemoteEphemeralKey":"BUi/EWPrz39K4yEj4mW9/1obPUuGpRWDAMCRoIB8Dd8m","previousCounter":0,"rootKey":"oognV3DELh3svunzKRfbY6QFHyPxNCO5P9XFuCRUv9c="},"indexInfo":{"baseKey":"BYFp8jFwhYOq1QglsDkcNbAIWZO6ztlX4U6Ds7k0/7tY","baseKeyType":1,"closed":-1,"used":1737994371161,"created":1737994371161,"remoteIdentityKey":"BReMSwS+rTgp+mF9smfhGmVEtT5JvzgM2BfIXFJ20v8a"},"_chains":{"BUxJ86zVo2hwSGrf1C6IpIf18ddJ90sDVhMZDSUNn99/":{"chainKey":{"counter":0,"key":"k2NLOY9RwbHHQ47w8l/+n4uk27EP+kDwmvXYR4N15AI="},"chainType":1,"messageKeys":{}}},"pendingPreKey":{"signedKeyId":1,"baseKey":"BYFp8jFwhYOq1QglsDkcNbAIWZO6ztlX4U6Ds7k0/7tY","preKeyId":5996880}}},"version":"v1"}