{"_sessions":{"BQFwbdV5Grh6pQ5Z3729xNB0yLdp+vFOu7JqHLKoXzBL":{"registrationId":2004392243,"currentRatchet":{"ephemeralKeyPair":{"pubKey":"BcVDCKBqLgfyplwZz1Ng7tyHHiSP1lt9o1uo/qsERR9n","privKey":"WPUBXlJstib28at+wOqDGOCeGlx6cBAu64R2AayHGWY="},"lastRemoteEphemeralKey":"BYPwT92L5ZqbtqwtD+lp75/mqZ4KYAEgF3UWKiVXPT9d","previousCounter":0,"rootKey":"u+Oo1AO4fcZohmsH+xiMZUt0Bgk7if10jhEWaGkCxtM="},"indexInfo":{"baseKey":"BQFwbdV5Grh6pQ5Z3729xNB0yLdp+vFOu7JqHLKoXzBL","baseKeyType":1,"closed":-1,"used":1737994371128,"created":1737994371128,"remoteIdentityKey":"BUOc/08hh5taE8LQs5q1uN4y2znI5D9vNiEuqjwex6lb"},"_chains":{"BcVDCKBqLgfyplwZz1Ng7tyHHiSP1lt9o1uo/qsERR9n":{"chainKey":{"counter":0,"key":"EdXMjt5+oSkdMzq9oayr6EjKtldHf9ny+9NjD1YCvYA="},"chainType":1,"messageKeys":{}}},"pendingPreKey":{"signedKeyId":1,"baseKey":"BQFwbdV5Grh6pQ5Z3729xNB0yLdp+vFOu7JqHLKoXzBL","preKeyId":351679}}},"version":"v1"}