{"_sessions":{"BeGuOaJx1M8EQPUAusEC944RRmTe+MLnNAkIg2sIlWQe":{"registrationId":1444572309,"currentRatchet":{"ephemeralKeyPair":{"pubKey":"BaYXh5D+zOLjQyllfxin3c9UGAqnLZg98JZE6GMfBeRv","privKey":"QEZ99UaIVSE5vrKVjCUVwuE5OLUnmkbRW2pIkhjNtVo="},"lastRemoteEphemeralKey":"BcnFSZ6cHoQcsWJmL/p3pKGAi3jNZ+qDDRq86m+EofgP","previousCounter":0,"rootKey":"PPOmS+YkXp5fGDkZT+QAUyqfNwjIPbcOxtn0ozTZ6pM="},"indexInfo":{"baseKey":"BeGuOaJx1M8EQPUAusEC944RRmTe+MLnNAkIg2sIlWQe","baseKeyType":2,"closed":-1,"used":1737997186856,"created":1737997186856,"remoteIdentityKey":"BRcH8IKrTmLyyJigulipp/y9DI2PwnF2dpDFbI3mhxtv"},"_chains":{"BcnFSZ6cHoQcsWJmL/p3pKGAi3jNZ+qDDRq86m+EofgP":{"chainKey":{"counter":1,"key":"tu7t1taKa/JKqHrcZE4gsQJzafyUoweAQxHQBlw9BHw="},"chainType":2,"messageKeys":{}},"BaYXh5D+zOLjQyllfxin3c9UGAqnLZg98JZE6GMfBeRv":{"chainKey":{"counter":-1,"key":"6tvJ4Dh+N8aTJr+hnb4IJ6TaddYKXrjuOO8VXkPYYT8="},"chainType":1,"messageKeys":{}}}}},"version":"v1"}