{"_sessions":{"BSHbn78C6ay3c/SWlJleainxM+TLQckYoLphivSwiaxJ":{"registrationId":658773996,"currentRatchet":{"ephemeralKeyPair":{"pubKey":"BeZj2QzJJm/76SJmL3GxY3DWwv+9KYs5QcJIZxvn9lAj","privKey":"KKodbdg8oIKnwQIH+OCnGZiGx0EhFG34LM8N4kfm2FM="},"lastRemoteEphemeralKey":"BUKRSjFTp1UZRqnNWJ56yjUzhCz5CqC/Dj/wD02alQVc","previousCounter":0,"rootKey":"gTBrxe3EtMjbguTQIPsvsxVqxIzO3try2LxlG72Senk="},"indexInfo":{"baseKey":"BSHbn78C6ay3c/SWlJleainxM+TLQckYoLphivSwiaxJ","baseKeyType":1,"closed":-1,"used":1737993014660,"created":1737993014660,"remoteIdentityKey":"BTyBxXQYxADerJiWahSiDHYJ6BF+iODQxX/z5G/ZPhFy"},"_chains":{"BeZj2QzJJm/76SJmL3GxY3DWwv+9KYs5QcJIZxvn9lAj":{"chainKey":{"counter":0,"key":"oz+lf77Kfc0YM9nAnMahrGsS+2vkmbcI1wC+RrOlYbM="},"chainType":1,"messageKeys":{}}},"pendingPreKey":{"signedKeyId":2,"baseKey":"BSHbn78C6ay3c/SWlJleainxM+TLQckYoLphivSwiaxJ","preKeyId":5868520}}},"version":"v1"}