{"_sessions":{"BchJuMwfOk1N4k9Sby1snG2e6y5t4+Q//rjKUyrGDJsn":{"registrationId":1541431263,"currentRatchet":{"ephemeralKeyPair":{"pubKey":"BdTG5/QuA0CVyTu3J8TItZMI5QfJZv8qNCLHI7zlYidD","privKey":"WFOAnxQLvTu1yTI/MMiJpiGeASzvTEkf24XK6rt7nWE="},"lastRemoteEphemeralKey":"BQ92ms1NqLAAwS4fSoSeOZJpthauvyRBwN8aT5aHdiQ6","previousCounter":0,"rootKey":"Bn/mDqbF9qvvSVT2sjm/KrIKJz1hgEbRVTUsHnPNlO0="},"indexInfo":{"baseKey":"BchJuMwfOk1N4k9Sby1snG2e6y5t4+Q//rjKUyrGDJsn","baseKeyType":1,"closed":-1,"used":1737993481660,"created":1737993481660,"remoteIdentityKey":"BUR5g78mQKn5T/WNvjwvtMdjm8kGQLkQYROfD2X8zAMr"},"_chains":{"BdTG5/QuA0CVyTu3J8TItZMI5QfJZv8qNCLHI7zlYidD":{"chainKey":{"counter":0,"key":"yRd1f5/CS26zgU3McnrB/TsvuZw5BP3HhZG1Uoo9XWU="},"chainType":1,"messageKeys":{}}},"pendingPreKey":{"signedKeyId":0,"baseKey":"BchJuMwfOk1N4k9Sby1snG2e6y5t4+Q//rjKUyrGDJsn","preKeyId":4224661}}},"version":"v1"}