{"_sessions":{"BT+feocxaWF8GRrAWsFInYy+Y93F9Z3embMM64aXpoZi":{"registrationId":2049169354,"currentRatchet":{"ephemeralKeyPair":{"pubKey":"BVyNo3eDF2arV4rtvFKtDT8AhSEFY8aVlyzyJI0K+t4u","privKey":"AAPiqmR7/I8X1OZK8YIsrAPAZgiU9XUa+k9B/dtyYVU="},"lastRemoteEphemeralKey":"BUMudolXdYxJEFD2T4iWDJ6u8CtIGf7H6Yc55g7v+RBo","previousCounter":0,"rootKey":"neT1ttnp6Pn7i0INcvasmaCp3Hk+UAIFXft/8/RH7a4="},"indexInfo":{"baseKey":"BT+feocxaWF8GRrAWsFInYy+Y93F9Z3embMM64aXpoZi","baseKeyType":1,"closed":-1,"used":1737994370955,"created":1737994370955,"remoteIdentityKey":"Bd8CieiAbJoA5eVWULHV+AmrMe69vB0T/bdYDZPQCe9E"},"_chains":{"BVyNo3eDF2arV4rtvFKtDT8AhSEFY8aVlyzyJI0K+t4u":{"chainKey":{"counter":1,"key":"GH2RCWcGWTFekNeUFi2hsYiU1Js7AZ2omYoMMKtUl7U="},"chainType":1,"messageKeys":{}}},"pendingPreKey":{"signedKeyId":4,"baseKey":"BT+feocxaWF8GRrAWsFInYy+Y93F9Z3embMM64aXpoZi","preKeyId":7667618}}},"version":"v1"}