{"_sessions":{"BSlkWOTkrCKohWblf4vEFB4KuQavDZmFr7Tp3sjzvehs":{"registrationId":560593814,"currentRatchet":{"ephemeralKeyPair":{"pubKey":"BaQzpRkImAZzNwdeVBFwWvyqGima/uvV+OUmlkdP4vJq","privKey":"MFjMpQRpnUOmfhZBlt4iwHVnz28GP+rNb9XdJidlwno="},"lastRemoteEphemeralKey":"BdtrJSJoZtPiboSUECVEdBunT5OiwJSKIy0d8RdVxQsv","previousCounter":0,"rootKey":"afQGMVedjW41q7MkW1zdo5GbUMnjoQWOT7IGdl4ZDN0="},"indexInfo":{"baseKey":"BSlkWOTkrCKohWblf4vEFB4KuQavDZmFr7Tp3sjzvehs","baseKeyType":2,"closed":-1,"used":1737993049818,"created":1737993049818,"remoteIdentityKey":"BbDrf+D1bx1luDELcS/tTtsBHuj6IQDxbaQG1QDekfYc"},"_chains":{"BdtrJSJoZtPiboSUECVEdBunT5OiwJSKIy0d8RdVxQsv":{"chainKey":{"counter":1,"key":"0NW/CaujFYILE3vZQBmslSHRihed9HZJTv+QtMQaCzY="},"chainType":2,"messageKeys":{}},"BaQzpRkImAZzNwdeVBFwWvyqGima/uvV+OUmlkdP4vJq":{"chainKey":{"counter":-1,"key":"RdPl9VH3IjqWI0RCyUb/BhJHm4RVbfluM4Lw9DQSA9w="},"chainType":1,"messageKeys":{}}}}},"version":"v1"}