{"_sessions":{"BVJpsQZziv6BgNNbOi7BOgS6tUhWdRSEBoZxWwlKQRl8":{"registrationId":107207763,"currentRatchet":{"ephemeralKeyPair":{"pubKey":"BT9N/Z+1DhI/5pGCuRZnixeFrZH19kqcCsVH87WRpO5S","privKey":"AIlVThgQX/5MXN7SZ1kWVoWezgEZOJtQ8sPq7OoqmXE="},"lastRemoteEphemeralKey":"Bd+u9Jcr3CQmUvfYwzQxpX56IZEHJH6APD0zxkNeX5Ae","previousCounter":0,"rootKey":"ebtnlN/JtghdxHSMaFXWXyvxPMIgwACzjHUT3qrIs7k="},"indexInfo":{"baseKey":"BVJpsQZziv6BgNNbOi7BOgS6tUhWdRSEBoZxWwlKQRl8","baseKeyType":2,"closed":-1,"used":1737992556680,"created":1737992556680,"remoteIdentityKey":"BcJunQeZALuoDO41DrEBlZVF8zUYywnCgtEC+946/6Ny"},"_chains":{"Bd+u9Jcr3CQmUvfYwzQxpX56IZEHJH6APD0zxkNeX5Ae":{"chainKey":{"counter":5,"key":"A4MlaywxCl53nwsmZpTdX82NArozSuSc5nPqfdmtrz8="},"chainType":2,"messageKeys":{}},"BT9N/Z+1DhI/5pGCuRZnixeFrZH19kqcCsVH87WRpO5S":{"chainKey":{"counter":-1,"key":"A0nKZTrWheWcxUgEvLaKsBpv8M3wQKxVPNpglnNeijI="},"chainType":1,"messageKeys":{}}}}},"version":"v1"}