{"_sessions":{"BW7thJVpObuyrdw1Rs5vbKtXYWqE4XLsBPHUfPb1STc0":{"registrationId":251849735,"currentRatchet":{"ephemeralKeyPair":{"pubKey":"BSbWl3lYyfJHBiQA01FNB6RWHofGD4misbjMLc45Md40","privKey":"WPKpLfcjoVm1rLo3X8ob3hu8eWTMS4t2r+xp39ppvk0="},"lastRemoteEphemeralKey":"BYUDpesClqd5uJaItK6HUlYghU3v4sMQ6wjgxGh8JHQV","previousCounter":0,"rootKey":"C1GQh6ILTbshZtHiPmO4SA+B8bxf/n89IAYItDxd+Gk="},"indexInfo":{"baseKey":"BW7thJVpObuyrdw1Rs5vbKtXYWqE4XLsBPHUfPb1STc0","baseKeyType":1,"closed":-1,"used":1737993815558,"created":1737993815558,"remoteIdentityKey":"Bbo82DhDErLbDHH1cpHi6Bi4z1k970hc9U8OlLau6vQI"},"_chains":{"BSbWl3lYyfJHBiQA01FNB6RWHofGD4misbjMLc45Md40":{"chainKey":{"counter":0,"key":"Tpat98AH/Qb49SwQVddjjvmjWewfh2pezVRIKVCkBfk="},"chainType":1,"messageKeys":{}}},"pendingPreKey":{"signedKeyId":6,"baseKey":"BW7thJVpObuyrdw1Rs5vbKtXYWqE4XLsBPHUfPb1STc0","preKeyId":5016328}}},"version":"v1"}