{"_sessions":{"BaeuHiIwZyB4EqrWY8+Y1NeUDoUS610lEkbFSb152NEd":{"registrationId":66716840,"currentRatchet":{"ephemeralKeyPair":{"pubKey":"BdkXTWcFEZcN+Im8/bSfc/AOZUeD9qSCTy0PXFoleEJF","privKey":"kM67OJ6G0H2Cua1DB1YfZPtqYPjqQ/yMjEe42ZOAWVQ="},"lastRemoteEphemeralKey":"BcmISvg9pz5I8qcvLckccRAMoh6ZmJfREPGfcbfJTV5t","previousCounter":0,"rootKey":"lVUOrSX057hSZ+7E4oOZeBG11b9dK7r+1TRffWX3BnQ="},"indexInfo":{"baseKey":"BaeuHiIwZyB4EqrWY8+Y1NeUDoUS610lEkbFSb152NEd","baseKeyType":1,"closed":-1,"used":1737993014541,"created":1737993014541,"remoteIdentityKey":"BeTTPvWZv0YpQXOC4BF1RugFBM9tfju8K/JosJHs4eUb"},"_chains":{"BdkXTWcFEZcN+Im8/bSfc/AOZUeD9qSCTy0PXFoleEJF":{"chainKey":{"counter":0,"key":"o58sEgOdy2kuq9fK8Zi2qpepmQ8cNmcJcf8sIcrttbU="},"chainType":1,"messageKeys":{}}},"pendingPreKey":{"signedKeyId":8,"baseKey":"BaeuHiIwZyB4EqrWY8+Y1NeUDoUS610lEkbFSb152NEd","preKeyId":4345045}}},"version":"v1"}