{"_sessions":{"BYrCq5iO+gSxaBIqdq+019WV3w5y/XA/mOoHQIFpmUoa":{"registrationId":2142468876,"currentRatchet":{"ephemeralKeyPair":{"pubKey":"BfXl1/OLF2aDnxdxVWEnKxX9K4Nf7fSqeydsCzzmEUFH","privKey":"WDTGuJJTFzoKbJkXF7HpLQjJ+DINT6ujair+tTe31Ho="},"lastRemoteEphemeralKey":"BcRbxUgiT8pTaJ5Il+yZsPIb02TKuBjOc4KhpQyzxV4g","previousCounter":0,"rootKey":"HwtzKoka+WWiygJtitGpTVZmPjtwyxy/HfUX3QqA+JE="},"indexInfo":{"baseKey":"BYrCq5iO+gSxaBIqdq+019WV3w5y/XA/mOoHQIFpmUoa","baseKeyType":1,"closed":-1,"used":1737993014687,"created":1737993014687,"remoteIdentityKey":"BUg6JDP+LxZ0UOIr2WWuOu56BPdAT3Bfd/K67ripODVG"},"_chains":{"BfXl1/OLF2aDnxdxVWEnKxX9K4Nf7fSqeydsCzzmEUFH":{"chainKey":{"counter":0,"key":"FNF3gDhunEEb4bVpEwl8pd4wvsrf+AoQ6henQsxAe7o="},"chainType":1,"messageKeys":{}}},"pendingPreKey":{"signedKeyId":0,"baseKey":"BYrCq5iO+gSxaBIqdq+019WV3w5y/XA/mOoHQIFpmUoa","preKeyId":4568306}}},"version":"v1"}