{"_sessions":{"BQPh7QGIf11I+3ne5gIJgLl65nN0dIryxLPiZhtch+t9":{"registrationId":369836514,"currentRatchet":{"ephemeralKeyPair":{"pubKey":"BV9Z1D5uEohlwmCrzbv4jHT7B5Gj79RXpPmTwkz0KpB/","privKey":"qGdp13QsBCp7WGhENS/cRSpg/ntvSbNt0fcyZW9fSWA="},"lastRemoteEphemeralKey":"BTvJiafI+5P9iqFvAyA/oLTwK3JNTCPwGjf26ZsGXsAX","previousCounter":0,"rootKey":"wJfWatYOoDDE0WJJ3GBRqOnDoEr0QxqnSRV2I8GF6Ws="},"indexInfo":{"baseKey":"BQPh7QGIf11I+3ne5gIJgLl65nN0dIryxLPiZhtch+t9","baseKeyType":1,"closed":-1,"used":1737993014396,"created":1737993014396,"remoteIdentityKey":"BZwWvlBN9OxNWQeWmPBYtrVe0ngLPROXkPFyviXZHn1d"},"_chains":{"BV9Z1D5uEohlwmCrzbv4jHT7B5Gj79RXpPmTwkz0KpB/":{"chainKey":{"counter":0,"key":"MIQMzPYBqKmmShPWPz8EC5c6lyf1RjAgI+RCQWYGL0Q="},"chainType":1,"messageKeys":{}}},"pendingPreKey":{"signedKeyId":0,"baseKey":"BQPh7QGIf11I+3ne5gIJgLl65nN0dIryxLPiZhtch+t9","preKeyId":7749679}}},"version":"v1"}