{"_sessions":{"BbT6Dkje53xTqieWiW7y0Uh89RK3uHClNUx7DsbIK3FP":{"registrationId":111588580,"currentRatchet":{"ephemeralKeyPair":{"pubKey":"BfrFQiUI3eK/UvNJCD8pjxh6WFd+qCsiceaJq3FB0KEc","privKey":"yN6M3UK3lAkA+fdvUDV6f0zWr03G/m06MV/HhsgQFUw="},"lastRemoteEphemeralKey":"BTEedWT497oQdPXwGerRu6ZHZ/SBlA2cZMU9ZKO/BNoy","previousCounter":0,"rootKey":"LaBDVmD3GsnkQS/PEwpNOb5Bdph2WKTBGM4F5hkjbNo="},"indexInfo":{"baseKey":"BbT6Dkje53xTqieWiW7y0Uh89RK3uHClNUx7DsbIK3FP","baseKeyType":1,"closed":-1,"used":1737993015146,"created":1737993015146,"remoteIdentityKey":"BRZQsv5Bj94E+VDgANChm22ifL0mEZmtDBa33DYIRzwW"},"_chains":{"BfrFQiUI3eK/UvNJCD8pjxh6WFd+qCsiceaJq3FB0KEc":{"chainKey":{"counter":0,"key":"s0/4o60NpCVWsWRZ2MWwCEhRKEb9JGlBYgWrxTvMAgw="},"chainType":1,"messageKeys":{}}},"pendingPreKey":{"signedKeyId":1,"baseKey":"BbT6Dkje53xTqieWiW7y0Uh89RK3uHClNUx7DsbIK3FP","preKeyId":4931071}}},"version":"v1"}