{"_sessions":{"BWKFBe7MHW1XsXAnpe0A66QoJSBMlq7bhOLzlJj146lg":{"registrationId":1976498280,"currentRatchet":{"ephemeralKeyPair":{"pubKey":"BbEJafiDJO5p9IQwEUuTFNByrjGkLEb2t6DJjpq4gHth","privKey":"eC7fKIo6ap6EueSFvrc75jutMzqeuBHfaxWDKJlrGUc="},"lastRemoteEphemeralKey":"BdcD3sEZfGbwAum94IjCi662gyo0VR3lnj012E9DkhM/","previousCounter":0,"rootKey":"Vy4g8CJyusyhMBpKleJnfjLGNg3vwzmhAlOF782QAK4="},"indexInfo":{"baseKey":"BWKFBe7MHW1XsXAnpe0A66QoJSBMlq7bhOLzlJj146lg","baseKeyType":2,"closed":-1,"used":1737992303717,"created":1737992303717,"remoteIdentityKey":"BQAErTg7x6tL0ajk4fQI5hyc4nCyn+J8Ng5m0x7Ooadl"},"_chains":{"BdcD3sEZfGbwAum94IjCi662gyo0VR3lnj012E9DkhM/":{"chainKey":{"counter":3,"key":"0eNwVIGEmclflZzUqB5n6xtkIpOUWFuo4CRMIEBKWc4="},"chainType":2,"messageKeys":{"0":"n4panzko+EzHYBmbK55hmMvbpVLalVxPQDU7eZj0Dhc="}},"BbEJafiDJO5p9IQwEUuTFNByrjGkLEb2t6DJjpq4gHth":{"chainKey":{"counter":-1,"key":"42L1PQOFoja7iL5MHJpoWUneSgakfz87B7R5el7E+I8="},"chainType":1,"messageKeys":{}}}}},"version":"v1"}