{"_sessions":{"BWkdpOrLm0zXNergRqJq8IP+z7kzOEegqNKOeRe/JgEH":{"registrationId":1811076652,"currentRatchet":{"ephemeralKeyPair":{"pubKey":"BUqy5vpD66z8lTEAAItCsyY9NEV6XUZl+G9MpQRk2zkK","privKey":"IDs4C32i643zDyKd6/+2jElvs4Clqefo9//iFyLby04="},"lastRemoteEphemeralKey":"BQkjEEhwly+n8w7eB8l5DaO8yTJnzQlDn2jOtrPFeicF","previousCounter":0,"rootKey":"GVUkq1XP+4s1rR+qVgb0Gkj9LKT3uO4fi6HpYN6cerM="},"indexInfo":{"baseKey":"BWkdpOrLm0zXNergRqJq8IP+z7kzOEegqNKOeRe/JgEH","baseKeyType":1,"closed":-1,"used":1737993014643,"created":1737993014643,"remoteIdentityKey":"BYbjvFrjg/iuS5mL08makN1WvQQaWP+oWTi+fnrnOxUE"},"_chains":{"BUqy5vpD66z8lTEAAItCsyY9NEV6XUZl+G9MpQRk2zkK":{"chainKey":{"counter":0,"key":"BAEsVlWFo8Vjs2jXK6lKtYJQ/1UXOs12CXzWqosvxMQ="},"chainType":1,"messageKeys":{}}},"pendingPreKey":{"signedKeyId":0,"baseKey":"BWkdpOrLm0zXNergRqJq8IP+z7kzOEegqNKOeRe/JgEH"}}},"version":"v1"}