{"_sessions":{"BfvmXLDdMEwNW9+Xdk+2wBoAMSSUTBzxhUkz6l+xy3Yc":{"registrationId":1458,"currentRatchet":{"ephemeralKeyPair":{"pubKey":"BXg3iJ1IIyYjHhNdllqSSRs3BtR6cd1V0B0lXG0JCRwf","privKey":"sJy0lh7mbxnzx13DMo6RydRt6JOXzKYtP4zCKZ+8mHg="},"lastRemoteEphemeralKey":"BZTwduhNFnbZRgzEsmTWJ2azMfS5+wGXBFXf2qM2YWNp","previousCounter":0,"rootKey":"2MWeFksBMLFUN4wVyflS4meMejzJwTLHDlyYnqaL4Do="},"indexInfo":{"baseKey":"BfvmXLDdMEwNW9+Xdk+2wBoAMSSUTBzxhUkz6l+xy3Yc","baseKeyType":1,"closed":-1,"used":1737993014357,"created":1737993014357,"remoteIdentityKey":"BenJ5h0N/ImybXA0UZZc4KjYLfZFaG6eMSNG6/4u+N56"},"_chains":{"BXg3iJ1IIyYjHhNdllqSSRs3BtR6cd1V0B0lXG0JCRwf":{"chainKey":{"counter":0,"key":"cLPiwYz+vDZ2ys45+c7fSquXbEOZZoOINKABjDZakiY="},"chainType":1,"messageKeys":{}}},"pendingPreKey":{"signedKeyId":1,"baseKey":"BfvmXLDdMEwNW9+Xdk+2wBoAMSSUTBzxhUkz6l+xy3Yc"}}},"version":"v1"}