{"_sessions":{"BerBEASV878ocjUGv9wJS3DI+IYS3i0OKdhRhiKHruct":{"registrationId":2111375901,"currentRatchet":{"ephemeralKeyPair":{"pubKey":"BTjgg+wdeQuVsZIw1u7Ao/6S+JP0ThiquVjs6B5CiuhG","privKey":"GHOgmKWc3fqH0fnL2m4+ROwClVrO4NnPpaWDJwnAt34="},"lastRemoteEphemeralKey":"BblFWa8loRcfJZ9O1hpTnYQPXZh5OrreRc3v/32EqAx6","previousCounter":0,"rootKey":"kIv2ylP2TJGZWi8qEZM6OYRp7iDt4moej0vL8mP3/Q8="},"indexInfo":{"baseKey":"BerBEASV878ocjUGv9wJS3DI+IYS3i0OKdhRhiKHruct","baseKeyType":1,"closed":-1,"used":1737993014377,"created":1737993014377,"remoteIdentityKey":"BWZQKHb7IL3llX5ti+sIojEKe8HCWZMOZQbEI4dHctgI"},"_chains":{"BTjgg+wdeQuVsZIw1u7Ao/6S+JP0ThiquVjs6B5CiuhG":{"chainKey":{"counter":0,"key":"ixfRMVz9Sv3k3A5DFpz6yoKQLqlv9fLts/5T+yo0PAg="},"chainType":1,"messageKeys":{}}},"pendingPreKey":{"signedKeyId":1,"baseKey":"BerBEASV878ocjUGv9wJS3DI+IYS3i0OKdhRhiKHruct"}}},"version":"v1"}