{"_sessions":{"BUpd8vuleBYpwJ6+cq9b3W78TjLEAXLonDcGxx/3fm45":{"registrationId":859793890,"currentRatchet":{"ephemeralKeyPair":{"pubKey":"BStAvLKsl8NsSxi5zLNfGn8NVyf3jBBHI65Yiyai9uEt","privKey":"cK7FEoeTYZn3IvwC0LwZEyn9BE8gQiFVh4QlAwxG9Ws="},"lastRemoteEphemeralKey":"BYu0CHDHlE8tTzVZIB90E++e5vtQZXmrpLL9zkcdN5Re","previousCounter":0,"rootKey":"mWvjQgUyBbICxGuA7EmdBFRtSFpEXjObirz9vnGp4LA="},"indexInfo":{"baseKey":"BUpd8vuleBYpwJ6+cq9b3W78TjLEAXLonDcGxx/3fm45","baseKeyType":1,"closed":-1,"used":1737993014773,"created":1737993014773,"remoteIdentityKey":"BUW9uunVAqHZflyFF9VYmxz9mxlhzNnCRiiHIjmluN4Z"},"_chains":{"BStAvLKsl8NsSxi5zLNfGn8NVyf3jBBHI65Yiyai9uEt":{"chainKey":{"counter":0,"key":"codJZrGJdSmUoAI/GZWk/zKtwh4axPATiZwCy87lWSM="},"chainType":1,"messageKeys":{}}},"pendingPreKey":{"signedKeyId":3,"baseKey":"BUpd8vuleBYpwJ6+cq9b3W78TjLEAXLonDcGxx/3fm45","preKeyId":5884456}}},"version":"v1"}