{"_sessions":{"BfIMjpgWKxmVrftKJ9jAwyv7TdIe+MGgTFw6gc7hNn5A":{"registrationId":3498,"currentRatchet":{"ephemeralKeyPair":{"pubKey":"BWHjlnp49ndWgEaMIfRdEDqqygGKOZz8ysYjXV/93NUT","privKey":"KCrQZt9y3bSANC+RV+K6TRqy2QdFPgkqE7SMGZegp1o="},"lastRemoteEphemeralKey":"BciKOoZSqtYOuSrPIyaOkCSywWUX7nNOvtBfKpw7Q6U4","previousCounter":0,"rootKey":"7kzj6QB1/KJkgaCa6ookxzYw9tOrw5ORV1jPD5CLyC0="},"indexInfo":{"baseKey":"BfIMjpgWKxmVrftKJ9jAwyv7TdIe+MGgTFw6gc7hNn5A","baseKeyType":1,"closed":-1,"used":1737993014370,"created":1737993014370,"remoteIdentityKey":"BWq9FbzbAd5kSSbI/McbjcMgZFDlwy46JFr2HNamsshL"},"_chains":{"BWHjlnp49ndWgEaMIfRdEDqqygGKOZz8ysYjXV/93NUT":{"chainKey":{"counter":0,"key":"bJqkRoeLArmHcKEaedNLwtyrtfnFa42I/jxw15CEsF4="},"chainType":1,"messageKeys":{}}},"pendingPreKey":{"signedKeyId":1,"baseKey":"BfIMjpgWKxmVrftKJ9jAwyv7TdIe+MGgTFw6gc7hNn5A"}}},"version":"v1"}