{"_sessions":{"BUDNcZ1Vd+8OSXOdschTM9OweXV8PxP1XfmAGVnbGboA":{"registrationId":160075759,"currentRatchet":{"ephemeralKeyPair":{"pubKey":"Be8I3myHpZXmr5OSnUvvAaIFaojpYhp400ESJ5AiOh4L","privKey":"AOMeFiNFde77lu1yDg6PCBW1VMlLglfgKjoYkaK7dVM="},"lastRemoteEphemeralKey":"BeuSGnGsS7oR56/LdebxbMuAqGbrIELb2a7jwoHkgiU7","previousCounter":0,"rootKey":"utjSGTLP9LWnusEcPYdo02fYG96svWRrMVuaXFxrcYA="},"indexInfo":{"baseKey":"BUDNcZ1Vd+8OSXOdschTM9OweXV8PxP1XfmAGVnbGboA","baseKeyType":1,"closed":-1,"used":1737993014783,"created":1737993014783,"remoteIdentityKey":"BaJzpVoK+y4oudU7FHIKSARezmolgn3/bPuwbqvo2hA1"},"_chains":{"Be8I3myHpZXmr5OSnUvvAaIFaojpYhp400ESJ5AiOh4L":{"chainKey":{"counter":0,"key":"NqtqFUI1prl3FsAQKEILL/rxYWGaonwNAbb8RZD36N4="},"chainType":1,"messageKeys":{}}},"pendingPreKey":{"signedKeyId":6,"baseKey":"BUDNcZ1Vd+8OSXOdschTM9OweXV8PxP1XfmAGVnbGboA","preKeyId":8469827}}},"version":"v1"}