{"_sessions":{"Bc/mtz9yEkBxlIu9so/ys7r3rcaJMF+1ZpzI+W3cbOxp":{"registrationId":912846500,"currentRatchet":{"ephemeralKeyPair":{"pubKey":"BdBFJZg4ge+gcpDhNCy5qT0PWBmPpUbEhpR6JajKDm8w","privKey":"mDSwkr85oeds3OsiNDO3S1OUwDVJYe1wUsW6vtfJ234="},"lastRemoteEphemeralKey":"Bc0PNn8epfuzGZLqBzISw8GYZxijb7CMRO4wK/aqw8U4","previousCounter":0,"rootKey":"tgNzdur6z0azmnDEzLgRtVTBUfZNCK7RUyO2+mpOBjw="},"indexInfo":{"baseKey":"Bc/mtz9yEkBxlIu9so/ys7r3rcaJMF+1ZpzI+W3cbOxp","baseKeyType":2,"closed":-1,"used":1737994100472,"created":1737994100472,"remoteIdentityKey":"BSJM63Holgmpa6EI1dpUsMBOwG5uvo3yYrnxbYAr/IkN"},"_chains":{"Bc0PNn8epfuzGZLqBzISw8GYZxijb7CMRO4wK/aqw8U4":{"chainKey":{"counter":1,"key":"dITONLk/R1Na4Qw1G6Zk8NAT6Lnrec1I0WMtBQw8gDw="},"chainType":2,"messageKeys":{}},"BdBFJZg4ge+gcpDhNCy5qT0PWBmPpUbEhpR6JajKDm8w":{"chainKey":{"counter":-1,"key":"33by7DY+1h0pwBOG+2L2Tax/0mI8npYA5ByFCbDA0IQ="},"chainType":1,"messageKeys":{}}}}},"version":"v1"}