{"_sessions":{"BWkLhmFVo1LRgQQ0dH0V6H8QN7OYTbXKc7jwPyT+Md0T":{"registrationId":2000882962,"currentRatchet":{"ephemeralKeyPair":{"pubKey":"BS5kd2yc94X3k66MDwRiulRKYhhHrkPgvAfbY72g5txZ","privKey":"UHqn7lRd9c3h2BvWrC88vP5/3axni1RVKaxBY07vPXc="},"lastRemoteEphemeralKey":"BYaYP4Y8AtLyM2LeOV2Vm74XVxQf1DeCxm+vFPbw3VdZ","previousCounter":0,"rootKey":"Sp/M7nkG6RFrHB5MfxG5JfvjUUKujemnpLaChKZ7Ygg="},"indexInfo":{"baseKey":"BWkLhmFVo1LRgQQ0dH0V6H8QN7OYTbXKc7jwPyT+Md0T","baseKeyType":1,"closed":-1,"used":1737994371087,"created":1737994371087,"remoteIdentityKey":"BUjZD/CInC1zoaeZtwFzk1IwnTHx+J6kteulz/77qUkp"},"_chains":{"BS5kd2yc94X3k66MDwRiulRKYhhHrkPgvAfbY72g5txZ":{"chainKey":{"counter":0,"key":"mldo9+IF7IYSD/HTMnADoRwnkIr/havVJdn1unq3LE0="},"chainType":1,"messageKeys":{}}},"pendingPreKey":{"signedKeyId":3,"baseKey":"BWkLhmFVo1LRgQQ0dH0V6H8QN7OYTbXKc7jwPyT+Md0T","preKeyId":201328}}},"version":"v1"}