{"_sessions":{"BTZFIRqBRx03SPTgJi+F+G35ZMOQbbGXTIxq8hFpSVAx":{"registrationId":2090384518,"currentRatchet":{"ephemeralKeyPair":{"pubKey":"BYc+QolI0KMYHPTgv9xK1hgoZopc7Mfj5zm1M0VFccIv","privKey":"mCgg3FYBwWPMdyKpoL+hPxyxOO6HSbuevhjz+vv9D3g="},"lastRemoteEphemeralKey":"BYFnYQpowLlohlpCOcKO2PVVvtRrRHe+7DbWPJsc/wJH","previousCounter":0,"rootKey":"VAOHzMtKXu81CZlOVpQWlNaN4oT8VOw3XOpBOag4h94="},"indexInfo":{"baseKey":"BTZFIRqBRx03SPTgJi+F+G35ZMOQbbGXTIxq8hFpSVAx","baseKeyType":1,"closed":-1,"used":1737992427915,"created":1737992427915,"remoteIdentityKey":"BW1Mk6g7Xf1bOMXS4Ar0l1Y75jFLvtEu2voNhGWgA6ly"},"_chains":{"BYc+QolI0KMYHPTgv9xK1hgoZopc7Mfj5zm1M0VFccIv":{"chainKey":{"counter":0,"key":"pNgl2C+4+zHa5IqkmZ2fzc9uuMT5/SLmog11BF1c0HE="},"chainType":1,"messageKeys":{}}},"pendingPreKey":{"signedKeyId":3,"baseKey":"BTZFIRqBRx03SPTgJi+F+G35ZMOQbbGXTIxq8hFpSVAx","preKeyId":2832202}}},"version":"v1"}