{"_sessions":{"BQ22WoyqnxdGMzg54/OBPF7pF9sFnQItLDz3ZiaINzRP":{"registrationId":2049780455,"currentRatchet":{"ephemeralKeyPair":{"pubKey":"BSVI4v+kcK+TxuqCVKWyJSlXuU97kQg8Vs+lXY0Og4lU","privKey":"2DrHPHPUEi6lR6W23h4udUftaQJ1KuMhLp4pZqNFB3Y="},"lastRemoteEphemeralKey":"BbDJdvb4O0Q73Yu9FiuUYABdRF78PbaQB00lVHaf+RYf","previousCounter":0,"rootKey":"pFvoD9YyQ5fDMzs1Dd6zjHwCgmWP6lnzpun/ShoMIPE="},"indexInfo":{"baseKey":"BQ22WoyqnxdGMzg54/OBPF7pF9sFnQItLDz3ZiaINzRP","baseKeyType":1,"closed":1737995378624,"used":1737993014424,"created":1737993014424,"remoteIdentityKey":"BXa49u0etBkB/bNczklrHe5NpBzt8D2EMkhjQbpuRMkw"},"_chains":{"BSVI4v+kcK+TxuqCVKWyJSlXuU97kQg8Vs+lXY0Og4lU":{"chainKey":{"counter":0,"key":"dkCn0OoJ2RMAzkofSa3N86mCp9+lzJzhtearR3v6368="},"chainType":1,"messageKeys":{}}},"pendingPreKey":{"signedKeyId":30,"baseKey":"BQ22WoyqnxdGMzg54/OBPF7pF9sFnQItLDz3ZiaINzRP","preKeyId":2618128}},"BdO/dmT0vyGDYZ6sqbceF2dtVgTld3BAdAvpknw+I94R":{"registrationId":2049780455,"currentRatchet":{"ephemeralKeyPair":{"pubKey":"BRQFDXSvtpu7I8ZGTLy0DXrxA/Q7p14iM4q22uSGL3A/","privKey":"EK6IHIPXW9LMTW5E45bvIbqXnty1TmyayrsOwqkTKH4="},"lastRemoteEphemeralKey":"Bc7Ig7qftvohXnnUZi8l3v9rQSh+PnplixG84T++DbMs","previousCounter":0,"rootKey":"Mc3gz5NkDfxVCpJ+KpxzPRRh/pi3lAkxazaVDiNU7RI="},"indexInfo":{"baseKey":"BdO/dmT0vyGDYZ6sqbceF2dtVgTld3BAdAvpknw+I94R","baseKeyType":2,"closed":-1,"used":1737995378626,"created":1737995378626,"remoteIdentityKey":"BXa49u0etBkB/bNczklrHe5NpBzt8D2EMkhjQbpuRMkw"},"_chains":{"Bc7Ig7qftvohXnnUZi8l3v9rQSh+PnplixG84T++DbMs":{"chainKey":{"counter":1,"key":"86mKsT9F0F0UCcuvCJmsLPPJZ2BYSnC7S9HIKrRbXyM="},"chainType":2,"messageKeys":{"0":"96qQpDpEArXZpOSe2yELF8PqXC/QmtUU0hf/k0ItfVw="}},"BRQFDXSvtpu7I8ZGTLy0DXrxA/Q7p14iM4q22uSGL3A/":{"chainKey":{"counter":-1,"key":"KuELjL1hgsPkECsyNrVQIhFlClt4yief/8Ipl3K6CGc="},"chainType":1,"messageKeys":{}}}}},"version":"v1"}