{"_sessions":{"BRfBkDf2fRll5bHWLQ8dluQtAmx9f3nUhpCC1maqXPND":{"registrationId":359864310,"currentRatchet":{"ephemeralKeyPair":{"pubKey":"BQZJLu7FtvR1d/IPL3c05DYvc/mDZEwakhfuvpJxcmBt","privKey":"sO+GkE8dv9p2FC+S/AqcqlLxrxHsYOGlctRAfFv81mU="},"lastRemoteEphemeralKey":"BeWKTdoVwn62h1pIZFKfsO8A997oCxAqt7TnSbCJoD8m","previousCounter":0,"rootKey":"wDUeesrYGEnJADeqMcKFCAtLpM8oYleBFLQ/Ugu1a/M="},"indexInfo":{"baseKey":"BRfBkDf2fRll5bHWLQ8dluQtAmx9f3nUhpCC1maqXPND","baseKeyType":1,"closed":-1,"used":1737993014794,"created":1737993014794,"remoteIdentityKey":"BZjHV5mtkTmNRpeh6o2/+vQNjDcrUbKyrPX8DiPKu14D"},"_chains":{"BQZJLu7FtvR1d/IPL3c05DYvc/mDZEwakhfuvpJxcmBt":{"chainKey":{"counter":0,"key":"Ewqujg+AT01zfL3sjxmN3ydn3w0Fz5CQbxwCbXS6gDM="},"chainType":1,"messageKeys":{}}},"pendingPreKey":{"signedKeyId":2,"baseKey":"BRfBkDf2fRll5bHWLQ8dluQtAmx9f3nUhpCC1maqXPND","preKeyId":9229150}}},"version":"v1"}