{"_sessions":{"Bdx/zqtHlauq7l3DAOxeVr85qqpNRHHNAv+3Z67R9W9c":{"registrationId":2010775124,"currentRatchet":{"ephemeralKeyPair":{"pubKey":"BWHPyY1Mdlh442sxVg5yPvrzI5L2Zn83bYqSyaIofHNh","privKey":"KALX4Wr5BrRtWKJSBcnUyJWZA8D4p4VAWFcrT2UtYls="},"lastRemoteEphemeralKey":"BRqT4jYF5XBngPgPPu4oA9AgQwPqgwcTY3ifn++5o6ob","previousCounter":0,"rootKey":"+jNEsATXzzzpGhdXLyyIA+V3vAC6GOZVRLyHgO7EKvk="},"indexInfo":{"baseKey":"Bdx/zqtHlauq7l3DAOxeVr85qqpNRHHNAv+3Z67R9W9c","baseKeyType":1,"closed":-1,"used":1737993014778,"created":1737993014778,"remoteIdentityKey":"BbWJK6qhNGvezO4mbL5qBQpr2FzjQVuwbCKbiTjNkr1X"},"_chains":{"BWHPyY1Mdlh442sxVg5yPvrzI5L2Zn83bYqSyaIofHNh":{"chainKey":{"counter":0,"key":"cRsj0w7/ionAm1hrEPG2M1VOkjrqoafC+rkP+YE3PxQ="},"chainType":1,"messageKeys":{}}},"pendingPreKey":{"signedKeyId":2,"baseKey":"Bdx/zqtHlauq7l3DAOxeVr85qqpNRHHNAv+3Z67R9W9c","preKeyId":7643865}}},"version":"v1"}