{"_sessions":{"BVSmWidE/BOww/j5c5DSc/qDHXxfkK4RQz9W0ZsPgZw3":{"registrationId":1091399858,"currentRatchet":{"ephemeralKeyPair":{"pubKey":"BYlsGecLaU7E9MlYl5Z9mTl2lTDT38LLDvioCN96hVBC","privKey":"0IfVxqAB8JT+ML3ogwJlbMNb8hYei1hUUEFneaip8GM="},"lastRemoteEphemeralKey":"BfEy3cAzWNItGghJF51Jp2GwqXFFWizDBEpuc+VXMX5A","previousCounter":0,"rootKey":"mOF36lfL4wawxYVdvGr5UCV3anZThBR+w3SCUokWNWs="},"indexInfo":{"baseKey":"BVSmWidE/BOww/j5c5DSc/qDHXxfkK4RQz9W0ZsPgZw3","baseKeyType":1,"closed":-1,"used":1737993538405,"created":1737993538405,"remoteIdentityKey":"BfIjQDwNH5b8afeAGKLo5j3FmT9OOdgW9sKPvTDqPkgY"},"_chains":{"BYlsGecLaU7E9MlYl5Z9mTl2lTDT38LLDvioCN96hVBC":{"chainKey":{"counter":0,"key":"p4SUGGL8mhnzudDShIM0V62OuGK2kn+b8fYgyMZ0ARY="},"chainType":1,"messageKeys":{}}},"pendingPreKey":{"signedKeyId":6,"baseKey":"BVSmWidE/BOww/j5c5DSc/qDHXxfkK4RQz9W0ZsPgZw3","preKeyId":3975647}}},"version":"v1"}