{"_sessions":{"Ba0VONFnZ70eXdngKSKQayw5bOZOMlfcjFwglBGDPWdC":{"registrationId":1609773454,"currentRatchet":{"ephemeralKeyPair":{"pubKey":"BZjfMDmNdGSesyutgEEdVDsGEcGJmV6lLBF0DP1byx8P","privKey":"6M7v4YzMpbewmT98wNEHSg1bCEpSqXUOHBI42LNwI1Q="},"lastRemoteEphemeralKey":"BX7snqnYcOGFj+c4cPkxAheBUA718t85Wh/YXAyB3vVF","previousCounter":0,"rootKey":"qz4fNyYPGVnQMFNEtIshGHMoxPFOkUDZq2Q07Me35ys="},"indexInfo":{"baseKey":"Ba0VONFnZ70eXdngKSKQayw5bOZOMlfcjFwglBGDPWdC","baseKeyType":2,"closed":-1,"used":1737994771392,"created":1737991979081,"remoteIdentityKey":"Bc7SKv5NXv2MdPvMHGm7490hWGshueNp9dD0MEgZ+INl"},"_chains":{"Bd/NPoRzUSVZQflm1OXYf8p6ZteTUs4DtG3andKNJtMv":{"chainKey":{"counter":1},"chainType":2,"messageKeys":{}},"BephPL+h2j2PKNGT+QJjyL0u4nmMCEgVekYgQ+Vh1IIx":{"chainKey":{"counter":0},"chainType":2,"messageKeys":{}},"BabZee8FLrp7kdZzwHZv8PHMAlfxYZtjXWTCpF3c+7sX":{"chainKey":{"counter":1},"chainType":2,"messageKeys":{}},"BZq5NensbVNgyybHm182KDDm1FRiwBONplJiIAcyz2NM":{"chainKey":{"counter":0},"chainType":2,"messageKeys":{}},"BX7snqnYcOGFj+c4cPkxAheBUA718t85Wh/YXAyB3vVF":{"chainKey":{"counter":0,"key":"bO8aU59HFiJyEXu+ePXDLNlszgXZeODCHjGTFW2CUMY="},"chainType":2,"messageKeys":{}},"BZjfMDmNdGSesyutgEEdVDsGEcGJmV6lLBF0DP1byx8P":{"chainKey":{"counter":0,"key":"MJ+PJFG3anPXdVu1uakODt9glZ9IuZw60xMU6baFWb4="},"chainType":1,"messageKeys":{}}}}},"version":"v1"}