{"_sessions":{"BYWX5t96UMGi+zARhNUsmucZKdlEPUt7zuFNQpHUIY1N":{"registrationId":2018739702,"currentRatchet":{"ephemeralKeyPair":{"pubKey":"BWfnFPR1vJ7/Se3RFDdt4DBz5qoe8oybVHz1LmPg2L5H","privKey":"iES5v3CripLOe5NiaNk5hF34D816/9QNpde8WHNIpXQ="},"lastRemoteEphemeralKey":"BX53X4KJHxIk7tFS8VqVlXOKK8udrIQqK5gnbdJ06jYZ","previousCounter":0,"rootKey":"r1Jg6qjk+HKwJxt0sFmkFUYAECCwGzy9gwjByxNgbcU="},"indexInfo":{"baseKey":"BYWX5t96UMGi+zARhNUsmucZKdlEPUt7zuFNQpHUIY1N","baseKeyType":1,"closed":-1,"used":1737993134997,"created":1737993134997,"remoteIdentityKey":"BasFR9ajLv+3qtEdsVoBHYzJmStQamu/yfj8bJ/rnoxZ"},"_chains":{"BWfnFPR1vJ7/Se3RFDdt4DBz5qoe8oybVHz1LmPg2L5H":{"chainKey":{"counter":1,"key":"ZyKhIn8LOqaoS0mDBIG4zikwulqMhZLuNBebNOkvxVw="},"chainType":1,"messageKeys":{}}},"pendingPreKey":{"signedKeyId":24,"baseKey":"BYWX5t96UMGi+zARhNUsmucZKdlEPUt7zuFNQpHUIY1N","preKeyId":13727117}}},"version":"v1"}