{"_sessions":{"Bb8xvtGcQS6BL2WkVWvY5PEu4DY7G8dxbU84nP4yMB4S":{"registrationId":1598219388,"currentRatchet":{"ephemeralKeyPair":{"pubKey":"BR+pQTRiR+xmcNlm6tlYQlPKXK5FCK20hgzmod7Bk492","privKey":"mFISzC2DeZk9piMPTRkXKbroii6z6FrhOIUzNx6DxWg="},"lastRemoteEphemeralKey":"BX5mYPL2nPejMPKtMpIczeOZ0mB8Nda3qzDvhf/3V2Md","previousCounter":0,"rootKey":"FSsAuZGtt0Ww47ixBbrD5gLH06irQKcuXko6fb/F694="},"indexInfo":{"baseKey":"Bb8xvtGcQS6BL2WkVWvY5PEu4DY7G8dxbU84nP4yMB4S","baseKeyType":1,"closed":-1,"used":1737993014811,"created":1737993014811,"remoteIdentityKey":"BbB+U+W6OmPZFSFIkUXjTeZfaYxHIXdzes8dm2x2R/w4"},"_chains":{"BR+pQTRiR+xmcNlm6tlYQlPKXK5FCK20hgzmod7Bk492":{"chainKey":{"counter":0,"key":"POD3+e5NuBP3FnZVCV9vZWcItqPGE6VzDt6vMnnoAyc="},"chainType":1,"messageKeys":{}}},"pendingPreKey":{"signedKeyId":2,"baseKey":"Bb8xvtGcQS6BL2WkVWvY5PEu4DY7G8dxbU84nP4yMB4S","preKeyId":12981404}}},"version":"v1"}