{"_sessions":{"Ba4kxYbwMCAGRJEstM46bxt8KoxNQoXf6qB4vW5Xu+Fd":{"registrationId":1071093853,"currentRatchet":{"ephemeralKeyPair":{"pubKey":"Bd625MxqZ0jibVp9IRLvY1bdOgMi1qS2NuKBG2oRemhO","privKey":"uB8A9OAl3IHq3XLcp5IfNJP3x0lbVJ7UFtbqvBpClGA="},"lastRemoteEphemeralKey":"Bc1gU0qLE4VtR3epRapi/Gx2A9FujakyOR4bP1wxYCcF","previousCounter":0,"rootKey":"5YenKxoDvnEp1eJMYn5XEvjwA2W5dKiuPCZL8/YIA6k="},"indexInfo":{"baseKey":"Ba4kxYbwMCAGRJEstM46bxt8KoxNQoXf6qB4vW5Xu+Fd","baseKeyType":1,"closed":-1,"used":1737994371014,"created":1737994371014,"remoteIdentityKey":"BYUYyOLzpsMaIL6GGIpKUZMfscNOBUeD+7R5dUUXF1AA"},"_chains":{"Bd625MxqZ0jibVp9IRLvY1bdOgMi1qS2NuKBG2oRemhO":{"chainKey":{"counter":0,"key":"2PjuJAJ6tsvquF1FyWP/Xgn6Ht51C7HkboYrH6owgIs="},"chainType":1,"messageKeys":{}}},"pendingPreKey":{"signedKeyId":2,"baseKey":"Ba4kxYbwMCAGRJEstM46bxt8KoxNQoXf6qB4vW5Xu+Fd","preKeyId":8971783}}},"version":"v1"}