{"_sessions":{"BYMR9+ByIktM0LQur2XZNB+ZUB50c/WFev4cP3aJuW8s":{"registrationId":779531188,"currentRatchet":{"ephemeralKeyPair":{"pubKey":"BawC6OReunoTlWG5r6hfpqkBOKCEb+/FoXVEWVB5ezJk","privKey":"sDkbTI48wx4TBo3Q1dQaeygPAQRX1qcZkLmmrKyPI1E="},"lastRemoteEphemeralKey":"BYNjPgrS9K0/u73YiWM+FE49Eev4ujIjpZQJuCPdA/Al","previousCounter":0,"rootKey":"bgO+P+Cp1yoUYgmLVnuCvQnKCjLHmlQwSXjlCoPEAy4="},"indexInfo":{"baseKey":"BYMR9+ByIktM0LQur2XZNB+ZUB50c/WFev4cP3aJuW8s","baseKeyType":1,"closed":-1,"used":1737994370968,"created":1737994370968,"remoteIdentityKey":"BXNJbmu76b5Ghh4TSJjeMSilfxdoRJu/oLpu7+JJJJEq"},"_chains":{"BawC6OReunoTlWG5r6hfpqkBOKCEb+/FoXVEWVB5ezJk":{"chainKey":{"counter":0,"key":"jePe2omZU2oYv5DWfOq86X4Fkaes978o2+S/ryiFc4Q="},"chainType":1,"messageKeys":{}}},"pendingPreKey":{"signedKeyId":1,"baseKey":"BYMR9+ByIktM0LQur2XZNB+ZUB50c/WFev4cP3aJuW8s","preKeyId":12110553}}},"version":"v1"}