{"_sessions":{"BTafQkHLXKNspqOljaWJA/036krFaRcCLrauKp+FNaoU":{"registrationId":1218874033,"currentRatchet":{"ephemeralKeyPair":{"pubKey":"BfTrbaOh/y0bbQr8bmocJnHeULlHPzMCjVqp87CsDRth","privKey":"aEf2uv6UdNtbKCM1eaRnfh2KY9HBlyMk5HUJtHV2FVQ="},"lastRemoteEphemeralKey":"BWmah1zTUh2bcePJ5DDBTkd4FtZPtWZiYetmXfVWBuUP","previousCounter":0,"rootKey":"r3kaia9APLxN/qD0m1ZqOOLIhzOQh1FwDSywXTfsOrA="},"indexInfo":{"baseKey":"BTafQkHLXKNspqOljaWJA/036krFaRcCLrauKp+FNaoU","baseKeyType":1,"closed":-1,"used":1737992069219,"created":1737992069219,"remoteIdentityKey":"BVV2kH1r147HjhHGGVG37TfWgBIfrjlEa0SZEzHG6x4Y"},"_chains":{"BfTrbaOh/y0bbQr8bmocJnHeULlHPzMCjVqp87CsDRth":{"chainKey":{"counter":0,"key":"3jQ0HYHRvaw+yHaEwj9+wlIPwYqtdHvz5L+OaikEp98="},"chainType":1,"messageKeys":{}}},"pendingPreKey":{"signedKeyId":1,"baseKey":"BTafQkHLXKNspqOljaWJA/036krFaRcCLrauKp+FNaoU","preKeyId":4759737}}},"version":"v1"}