{"_sessions":{"BcZz83+qwjL895beTC658/aPaj4HJj7i5rQSKZZ7dIZN":{"registrationId":1765164814,"currentRatchet":{"ephemeralKeyPair":{"pubKey":"BYlpt2xrOgys4VLdbJ089cKMwuEiA4fwL2weJuURSEZU","privKey":"sDb/7/u7XxtZC5JTjZfKwBQ9SpNjGurVSFLiv66DtWY="},"lastRemoteEphemeralKey":"BVrnNBClc0ssmcgGTbFvxUzqXBkcHCbgO2FHccsho3MK","previousCounter":0,"rootKey":"U5itJCqoTEIiFkjTQshnutFyeUavd4dYY0UdufKCWe4="},"indexInfo":{"baseKey":"BcZz83+qwjL895beTC658/aPaj4HJj7i5rQSKZZ7dIZN","baseKeyType":1,"closed":-1,"used":1737993014683,"created":1737993014683,"remoteIdentityKey":"BZO6aGEx09eJmDp9LZbrPHtNAyNFMTugl7tmnJNuPmdf"},"_chains":{"BYlpt2xrOgys4VLdbJ089cKMwuEiA4fwL2weJuURSEZU":{"chainKey":{"counter":0,"key":"yhH7y8eEz8O5EJYMBgJ2YebaCSFND9FLAwGbNMXDNy4="},"chainType":1,"messageKeys":{}}},"pendingPreKey":{"signedKeyId":1,"baseKey":"BcZz83+qwjL895beTC658/aPaj4HJj7i5rQSKZZ7dIZN","preKeyId":4029149}}},"version":"v1"}