{"_sessions":{"BWMvcuFgCvx6YqDxv/19rKGgKtiL5+HHURjOR+86VlQy":{"registrationId":157487626,"currentRatchet":{"ephemeralKeyPair":{"pubKey":"BXU3Q7YYF6g+agOkas/cElinlY4xhPktzszfcv6cGEIX","privKey":"+BnqcShWjOhwmzKE3hf5wdnO0reWBfP5ctDK5lRA7Eg="},"lastRemoteEphemeralKey":"BYDZb5gIVjHmxgxOqJ8GFD0rL7YzW+1FoleNUgp60Ro1","previousCounter":0,"rootKey":"8R4GUzTUV+L1/045LXQOv9cIkSxAulGGigdA9OZHBkM="},"indexInfo":{"baseKey":"BWMvcuFgCvx6YqDxv/19rKGgKtiL5+HHURjOR+86VlQy","baseKeyType":1,"closed":-1,"used":1737993014574,"created":1737993014574,"remoteIdentityKey":"Bf8TKnjQjQ3ybH8LX5yrWkszPihKWY/2WGgIwYZ+DNIb"},"_chains":{"BXU3Q7YYF6g+agOkas/cElinlY4xhPktzszfcv6cGEIX":{"chainKey":{"counter":0,"key":"vkhECBMkPGh0FjIePbrKwmZ4xbZqshWVMo5ZH4VZT+A="},"chainType":1,"messageKeys":{}}},"pendingPreKey":{"signedKeyId":1,"baseKey":"BWMvcuFgCvx6YqDxv/19rKGgKtiL5+HHURjOR+86VlQy","preKeyId":11773923}}},"version":"v1"}