{"_sessions":{"Be9S6vd0gJULoVZciFjOtMMLNGXOaaO9qOL9fQL/vqpn":{"registrationId":264671194,"currentRatchet":{"ephemeralKeyPair":{"pubKey":"BZRigsPXNF8b/B/eKhYY+jvc3UO610vAGyY73Bc8l5Vg","privKey":"MKrtgHkdxzRPS5/mlBNzXJgtOZx6I1GaC4CFWIoPYm8="},"lastRemoteEphemeralKey":"BQcD/jyFUnPDjSVjrJDyrbm5CRfZ9C7cLWblQC+XlYB5","previousCounter":0,"rootKey":"Z2oQZiJg6a9ePKzsekotZU0jo1Gw/G3XgGvnhU/qakc="},"indexInfo":{"baseKey":"Be9S6vd0gJULoVZciFjOtMMLNGXOaaO9qOL9fQL/vqpn","baseKeyType":1,"closed":-1,"used":1737993014392,"created":1737993014392,"remoteIdentityKey":"Bc+YvKwkePBCz0QFP4P3BP3gTRUj65jnFfgkhjuxmq1V"},"_chains":{"BZRigsPXNF8b/B/eKhYY+jvc3UO610vAGyY73Bc8l5Vg":{"chainKey":{"counter":0,"key":"+q5Zeli4du4zGXUISh5RhfRaBJ7ho5T6xOGfwVjg3Gg="},"chainType":1,"messageKeys":{}}},"pendingPreKey":{"signedKeyId":4,"baseKey":"Be9S6vd0gJULoVZciFjOtMMLNGXOaaO9qOL9fQL/vqpn","preKeyId":1490396}}},"version":"v1"}