{"_sessions":{"BWv6rvpTgtAX/GJd2z2hKEuDqpJj7sE10FAgvUOTfesF":{"registrationId":1084017330,"currentRatchet":{"ephemeralKeyPair":{"pubKey":"BWsTk2JJL1AdoioUtbytT2++bRko6LDaCJcv9LD+2oAj","privKey":"YOhq+o+xn6yvdVNomvhuQGY+xBXjUVgJfuW2lhjWsm8="},"lastRemoteEphemeralKey":"BTnRRucmcO/bFfg1+4BW50U9afQ3oKBwL2l31Z7ODtA9","previousCounter":0,"rootKey":"xnY7isGe9+U4ITHQeyxBWvy6xNYxOEmHm020SDllRzM="},"indexInfo":{"baseKey":"BWv6rvpTgtAX/GJd2z2hKEuDqpJj7sE10FAgvUOTfesF","baseKeyType":1,"closed":-1,"used":1737993481688,"created":1737993481688,"remoteIdentityKey":"BTkPxEwNP0mJAzTdJub5k0OM1unjfDcueHjW9l3e7QUC"},"_chains":{"BWsTk2JJL1AdoioUtbytT2++bRko6LDaCJcv9LD+2oAj":{"chainKey":{"counter":0,"key":"yIxChLtlKmJShLH8pKIPHU+4axQGxFCmCMqJk4mwDzw="},"chainType":1,"messageKeys":{}}},"pendingPreKey":{"signedKeyId":1,"baseKey":"BWv6rvpTgtAX/GJd2z2hKEuDqpJj7sE10FAgvUOTfesF","preKeyId":10450024}}},"version":"v1"}