{"_sessions":{"BVXsEnOUpBgI4bgJT1jge8Tl1Pze6CQ2kDuOVDZiXnow":{"registrationId":1075823857,"currentRatchet":{"ephemeralKeyPair":{"pubKey":"Bdc7HuJfssMiqmTCfJ8geXdJtISex4hHIM+v2Ofe049o","privKey":"eG53ivcmSYJqwPQo/Wf9ROOZdV48Ckpmqc4nDl7/sXw="},"lastRemoteEphemeralKey":"Beo3AgmzY53bHsKDWwjmP0D5d80dbMzVHkywoUYynLMl","previousCounter":0,"rootKey":"3Q4yH3Y5PwMrTdaiA1K6bxrdkWRLz2s8NpigVKe5HXg="},"indexInfo":{"baseKey":"BVXsEnOUpBgI4bgJT1jge8Tl1Pze6CQ2kDuOVDZiXnow","baseKeyType":1,"closed":-1,"used":1737993014582,"created":1737993014582,"remoteIdentityKey":"BUFDP9LyGGmOq/Bh4OTT9AdvupLeIi74F1nNiztt/id9"},"_chains":{"Bdc7HuJfssMiqmTCfJ8geXdJtISex4hHIM+v2Ofe049o":{"chainKey":{"counter":0,"key":"8vK932eM6llhj+l9NL2t7Vrw+KnrRwuQTed5x2ayzek="},"chainType":1,"messageKeys":{}}},"pendingPreKey":{"signedKeyId":1,"baseKey":"BVXsEnOUpBgI4bgJT1jge8Tl1Pze6CQ2kDuOVDZiXnow","preKeyId":6869514}}},"version":"v1"}