{"_sessions":{"BRbUjDBalnAlp4XStJyFYRp98QNLVJRYi2v19qJwkU0R":{"registrationId":183220520,"currentRatchet":{"ephemeralKeyPair":{"pubKey":"BWEosmxr+1YxNNFHvEW0C+AuQMwoFO3bx1A+WsGATj0m","privKey":"YLDzXsDhHiPOHSGgr93XtXk4LD35LdMixh3KWhSePn4="},"lastRemoteEphemeralKey":"Bew8rjnKTOslg0MZ9HkIerozULkuiSTRFXHhNDnPko1g","previousCounter":0,"rootKey":"8I8j+K/qpaNpZw3aBFiwDEVtqCEIEt7dh17qhL2zNuY="},"indexInfo":{"baseKey":"BRbUjDBalnAlp4XStJyFYRp98QNLVJRYi2v19qJwkU0R","baseKeyType":1,"closed":-1,"used":1737993538529,"created":1737993538529,"remoteIdentityKey":"BQA05t7VebolKsooD8NkRyLOFDKCnlODNe4jiQIt5B5I"},"_chains":{"BWEosmxr+1YxNNFHvEW0C+AuQMwoFO3bx1A+WsGATj0m":{"chainKey":{"counter":0,"key":"Me1pgRdLWhMKsM8quqgbEts8aKby0kZfpQQ45IV0Yd8="},"chainType":1,"messageKeys":{}}},"pendingPreKey":{"signedKeyId":2,"baseKey":"BRbUjDBalnAlp4XStJyFYRp98QNLVJRYi2v19qJwkU0R","preKeyId":4425232}}},"version":"v1"}