{"_sessions":{"BVLx0cxdPxQGxoSihXbk6gz/KvTenHs6RAXVhY3VK4Qh":{"registrationId":574053291,"currentRatchet":{"ephemeralKeyPair":{"pubKey":"BToEcz/YS038oNhRJl1I2JRvmEoRXk/QAFJf+iXBzUA8","privKey":"mAN/Bl4/oSU9nJliuwjJfNQO3Vlqxc8RsTIxN2EjGlQ="},"lastRemoteEphemeralKey":"BS+/gXtGfo8aNjriuuU1nhH6arlBABOT8mmxT/gv5wki","previousCounter":0,"rootKey":"Mg6Rtp/x9pmSqNo1+hwFtCVFvge7FkNxvfP2RNJojm0="},"indexInfo":{"baseKey":"BVLx0cxdPxQGxoSihXbk6gz/KvTenHs6RAXVhY3VK4Qh","baseKeyType":1,"closed":-1,"used":1737993134968,"created":1737993134968,"remoteIdentityKey":"BYKqpkGvKeQa4r5dWYvGYo2ce0c6z0jHcvfAgYlr5ns8"},"_chains":{"BToEcz/YS038oNhRJl1I2JRvmEoRXk/QAFJf+iXBzUA8":{"chainKey":{"counter":1,"key":"gvNSi579vTfDNPoXYXFKuUlvHFxO8BjhvRH6j//2QE8="},"chainType":1,"messageKeys":{}}},"pendingPreKey":{"signedKeyId":0,"baseKey":"BVLx0cxdPxQGxoSihXbk6gz/KvTenHs6RAXVhY3VK4Qh","preKeyId":11436402}}},"version":"v1"}