{"_sessions":{"BdnZPSjdr5/iHHiP0jqA4hetvcotNnHb9oo2nQOwQ+4X":{"registrationId":253657953,"currentRatchet":{"ephemeralKeyPair":{"pubKey":"BdgQcCYYKSQbMJ5OCd9egZIJ7aIkSqJewFzGcsUEu/oM","privKey":"OOnWoRAcIexGI+Tq3aRBJlbOYNjpaPSlEDgsnnxD0HQ="},"lastRemoteEphemeralKey":"BXkrJAMmJgkQEdvV4eHCa7dvJzvRIsFksFZW8tyld68u","previousCounter":0,"rootKey":"8yE1RHag7Q1Na4TMpdWU1PaymX15eUOqU3waxJFD5tk="},"indexInfo":{"baseKey":"BdnZPSjdr5/iHHiP0jqA4hetvcotNnHb9oo2nQOwQ+4X","baseKeyType":1,"closed":-1,"used":1737994370995,"created":1737994370995,"remoteIdentityKey":"BXYfcEcoMbVGH0YrTh5wk3rJPzmcG8YDqbr+BAmV1poj"},"_chains":{"BdgQcCYYKSQbMJ5OCd9egZIJ7aIkSqJewFzGcsUEu/oM":{"chainKey":{"counter":0,"key":"T0R4eVaU+7jFJkfaxZOwHWDpIvJr/UkQUBHTsHUBCsw="},"chainType":1,"messageKeys":{}}},"pendingPreKey":{"signedKeyId":5,"baseKey":"BdnZPSjdr5/iHHiP0jqA4hetvcotNnHb9oo2nQOwQ+4X","preKeyId":4135235}}},"version":"v1"}