{"_sessions":{"BR+u6yy7dKSD0PG0PjaeKtbEBcW6Qa8h5rAxAV49au5G":{"registrationId":1719790815,"currentRatchet":{"ephemeralKeyPair":{"pubKey":"BbVtYx0Tg0zoKCoICwSY+zObfijxPj0zl+z6Q8Z+P/xK","privKey":"SNHc/5OUKrLMpaIKoY4v+dWZVGcjLZ4D/lGK17voyFc="},"lastRemoteEphemeralKey":"BSCiGLxBlq1s13PhVfPH21v9qNrtHBBBbzbsLc062YdG","previousCounter":0,"rootKey":"b7le6LSERbd9cHG8Yf6xyQdqkYgPux/dGYA+ZWIHg2E="},"indexInfo":{"baseKey":"BR+u6yy7dKSD0PG0PjaeKtbEBcW6Qa8h5rAxAV49au5G","baseKeyType":1,"closed":-1,"used":1737993015042,"created":1737993015042,"remoteIdentityKey":"BT+s6d6+f0ABpuWHGuGjJBuEcYhhgHHRONVD6GskqCQF"},"_chains":{"BbVtYx0Tg0zoKCoICwSY+zObfijxPj0zl+z6Q8Z+P/xK":{"chainKey":{"counter":0,"key":"/szCuTm9kGfNTl55bhAbB7yFyThzmu6Px+qf+Oz91Nw="},"chainType":1,"messageKeys":{}}},"pendingPreKey":{"signedKeyId":1,"baseKey":"BR+u6yy7dKSD0PG0PjaeKtbEBcW6Qa8h5rAxAV49au5G","preKeyId":6586292}}},"version":"v1"}