{"_sessions":{"BQOg1Wl5DKylP43BXV/zlfjZ2PGV8jckMMlm5zRgIwU+":{"registrationId":74,"currentRatchet":{"ephemeralKeyPair":{"pubKey":"BdGrlz1Td8qXJyJOcBCCBR0dPhxDJTFWYzT0V/KJ4T4o","privKey":"4JTE4uXXCRsCemiBbkx5y8qu6/FRXUSY3F3aapY+C0E="},"lastRemoteEphemeralKey":"BXJqY2zWVzPalJWBFHKqOFZxoI7Z57i7VhKVZbXodeE7","previousCounter":0,"rootKey":"UVUq6HejpeIRRhd7fmskWUDUNMZDqftgw9YicS6huLs="},"indexInfo":{"baseKey":"BQOg1Wl5DKylP43BXV/zlfjZ2PGV8jckMMlm5zRgIwU+","baseKeyType":1,"closed":-1,"used":1737993014301,"created":1737993014301,"remoteIdentityKey":"Bd2YeE+WemZkoHcY2Q7hA6L02uS2gjCSBZOibZEVSXwf"},"_chains":{"BdGrlz1Td8qXJyJOcBCCBR0dPhxDJTFWYzT0V/KJ4T4o":{"chainKey":{"counter":0,"key":"/ZAJvrF/SSqrGg2b1u5LC9zsQau+SoVn/7+a+P4JC4M="},"chainType":1,"messageKeys":{}}},"pendingPreKey":{"signedKeyId":1,"baseKey":"BQOg1Wl5DKylP43BXV/zlfjZ2PGV8jckMMlm5zRgIwU+"}}},"version":"v1"}