{"_sessions":{"BULYd8LIV7QJXfjIiQX85C4WpUeZOvDjuOtxqLLhaass":{"registrationId":1020361914,"currentRatchet":{"ephemeralKeyPair":{"pubKey":"Baxf16nToSVhQw3lgP2eZFYKe6z/PeCHHsqQ0d5nS8VN","privKey":"cCXpwZ8Fqalx6TbgpSkuwc4bZz4ESPaEw6xrAkfJ8VE="},"lastRemoteEphemeralKey":"BUaqqH4Nd1CGYhsoSSlkd6S+cKXTIwmheRV1J2fpsFJY","previousCounter":0,"rootKey":"XAU4lwbeI7NrIXFQDgwsEkqLUArMiIDjtyeF4MfbLR8="},"indexInfo":{"baseKey":"BULYd8LIV7QJXfjIiQX85C4WpUeZOvDjuOtxqLLhaass","baseKeyType":1,"closed":-1,"used":1737994371029,"created":1737994371029,"remoteIdentityKey":"BYGjmWnqaxzqS36ckrdXPT2R8K4fFYgbiiON+p2gKZd8"},"_chains":{"Baxf16nToSVhQw3lgP2eZFYKe6z/PeCHHsqQ0d5nS8VN":{"chainKey":{"counter":0,"key":"iujaBqgCZUBK0AAuFj4FnJR6rIOZ/nIXWERkro4RxaY="},"chainType":1,"messageKeys":{}}},"pendingPreKey":{"signedKeyId":2,"baseKey":"BULYd8LIV7QJXfjIiQX85C4WpUeZOvDjuOtxqLLhaass","preKeyId":13316636}}},"version":"v1"}