{"_sessions":{"BQjLFgVDaJ2qV4GgOOiSlbfFfC1oru+O62b97rPLJqcb":{"registrationId":1813598609,"currentRatchet":{"ephemeralKeyPair":{"pubKey":"BaxIgtzcNEtDIoYmlBlLyDg2kAq6oKUZ8eYI32kw4XZ5","privKey":"4EwYmukpq4UDP4WZg7o5Lz32MAwaQoIgzesooxZuNVs="},"lastRemoteEphemeralKey":"BSOskaRk4lmRLC1V7bvacaLNN2S2iZV+OSnV2UhlTm9K","previousCounter":0,"rootKey":"bPuXbYRBAuNGz+ANFMQaCUmE/PxsOV6l1AoGJmYyE9o="},"indexInfo":{"baseKey":"BQjLFgVDaJ2qV4GgOOiSlbfFfC1oru+O62b97rPLJqcb","baseKeyType":1,"closed":-1,"used":1737993014633,"created":1737993014633,"remoteIdentityKey":"BX5u3kh8NTXWP4ZcLvwv968LqluVz5aEyh9sEZExX2Yz"},"_chains":{"BaxIgtzcNEtDIoYmlBlLyDg2kAq6oKUZ8eYI32kw4XZ5":{"chainKey":{"counter":0,"key":"t/3+Qr42AY+odXefe/O8bGXRMWynjD8lNHuimd0AGyI="},"chainType":1,"messageKeys":{}}},"pendingPreKey":{"signedKeyId":3,"baseKey":"BQjLFgVDaJ2qV4GgOOiSlbfFfC1oru+O62b97rPLJqcb","preKeyId":2717389}}},"version":"v1"}