{"_sessions":{"BYYKAv97T2RwdkLeHV0V7gv66ey+eIFe+bVXthPBpE05":{"registrationId":714716720,"currentRatchet":{"ephemeralKeyPair":{"pubKey":"BTjdeGLfcoGnUse3NNfZqhwyeqJa8bUjbXZn305NClky","privKey":"UC//VHGCOThuXTQftsR11zJDJFneIZD6ti3eqTsL3Ew="},"lastRemoteEphemeralKey":"BZJfJlscZYQor9/ydjnMoGzYY86aSfFkLwJSprQPupM5","previousCounter":0,"rootKey":"2ZUatjoOvoUwV74Vy+iBgW9Vx7fHS+uP6Yk6+IRCyy0="},"indexInfo":{"baseKey":"BYYKAv97T2RwdkLeHV0V7gv66ey+eIFe+bVXthPBpE05","baseKeyType":1,"closed":1737995324926,"used":1737993015081,"created":1737993015081,"remoteIdentityKey":"BZp9y2n9ZBLuoyGVocJqpcnB8hY4r5byM1Wowfs+DeF2"},"_chains":{"BTjdeGLfcoGnUse3NNfZqhwyeqJa8bUjbXZn305NClky":{"chainKey":{"counter":0,"key":"DRmeoPLDyHHa+UBY76T2bfNoWIQoTqd3OxD90Gt4DGo="},"chainType":1,"messageKeys":{}}},"pendingPreKey":{"signedKeyId":9271599,"baseKey":"BYYKAv97T2RwdkLeHV0V7gv66ey+eIFe+bVXthPBpE05","preKeyId":8450}},"BYPZPOtUJUwu7T4mvlaNSB9wTz+W15irBwZK1Xw7Aj4W":{"registrationId":714716720,"currentRatchet":{"ephemeralKeyPair":{"pubKey":"BQ0RDivTpQ6RAwZ0QwbzqOM0pYjtRqHBAYftp3ZuhXBq","privKey":"WEhtwY51NyOW/10mdvk6DSv4yo3Z7r3ySnFrPXMiHEk="},"lastRemoteEphemeralKey":"BYTztkyzGcscG9dvqgwU7pf8S0X7jByiMirGLJZQzOwJ","previousCounter":0,"rootKey":"T83PfG4H4BQw5dMkEGjFwnmEBURrBxlvzBIP+k1lBLs="},"indexInfo":{"baseKey":"BYPZPOtUJUwu7T4mvlaNSB9wTz+W15irBwZK1Xw7Aj4W","baseKeyType":2,"closed":-1,"used":1737995324929,"created":1737995324929,"remoteIdentityKey":"BZp9y2n9ZBLuoyGVocJqpcnB8hY4r5byM1Wowfs+DeF2"},"_chains":{"BYTztkyzGcscG9dvqgwU7pf8S0X7jByiMirGLJZQzOwJ":{"chainKey":{"counter":2,"key":"llnD2kgELB50lXjpM5TYawDQskEkG39b26RIzyLMoF0="},"chainType":2,"messageKeys":{}},"BQ0RDivTpQ6RAwZ0QwbzqOM0pYjtRqHBAYftp3ZuhXBq":{"chainKey":{"counter":-1,"key":"bpi8MEH1OTHwCtj4PPl+owucpqq0lxXaM/cFWdbuHkY="},"chainType":1,"messageKeys":{}}}}},"version":"v1"}