{"_sessions":{"BV1hUwQQPeaSkRyWPf6hRQuZcu0AGUwpV4arjnHts11Y":{"registrationId":1741817950,"currentRatchet":{"ephemeralKeyPair":{"pubKey":"BVVrMbutXDVYc3oVaZPDbkP9yjBhy3NjJwxPNIeQnc5Z","privKey":"qNw543n8G3TilyrHd+ligxgnOHDPrJrvqO93uU+DO2M="},"lastRemoteEphemeralKey":"BRvK1Vxa4mJD7TaTu5yqZUBstksBSJs39sX6hgYA68dh","previousCounter":0,"rootKey":"rTisNpUZiB3HZ8ThFVcFhOtlW6hi6JSyKZju7Dn+ouU="},"indexInfo":{"baseKey":"BV1hUwQQPeaSkRyWPf6hRQuZcu0AGUwpV4arjnHts11Y","baseKeyType":1,"closed":-1,"used":1737993014964,"created":1737993014964,"remoteIdentityKey":"BckIo7jWx96fq3jApR0W0R5tYaZc+Add/VByk2y2RYUL"},"_chains":{"BVVrMbutXDVYc3oVaZPDbkP9yjBhy3NjJwxPNIeQnc5Z":{"chainKey":{"counter":0,"key":"k4QkiZbaEWzNlu6oCQ3YMLsNNIj7sq9h0bABKOOSyvc="},"chainType":1,"messageKeys":{}}},"pendingPreKey":{"signedKeyId":0,"baseKey":"BV1hUwQQPeaSkRyWPf6hRQuZcu0AGUwpV4arjnHts11Y","preKeyId":1727829}}},"version":"v1"}