{"_sessions":{"BSDw2xjRU121zEx3slTa2gvV8yw59EjI1UqJbP8E4top":{"registrationId":6320,"currentRatchet":{"ephemeralKeyPair":{"pubKey":"BZEsf8jmtbEr1ycIX/yp5sSC8CyxRYKzbUkH1pepaggc","privKey":"eNBSytFtc+a0+GvbGb0IVxLlfxlvredPwKOoAx2D/mo="},"lastRemoteEphemeralKey":"Bds4t3f61F540dl64Vhn62obkgGQKL/XAthrWAezmTdz","previousCounter":0,"rootKey":"BZIP1JjJQS+RwKJJuWh6EBD5d2T/tqNzMoDkMUtArNQ="},"indexInfo":{"baseKey":"BSDw2xjRU121zEx3slTa2gvV8yw59EjI1UqJbP8E4top","baseKeyType":1,"closed":-1,"used":1737993014353,"created":1737993014353,"remoteIdentityKey":"BUYyVxCMyr22iZXgCce68PsKZUvOCVQeLAlGoTw5rTck"},"_chains":{"BZEsf8jmtbEr1ycIX/yp5sSC8CyxRYKzbUkH1pepaggc":{"chainKey":{"counter":0,"key":"nCypZ4K74s9GHYG5Q8S9s7UZla35MpiuA2JcpHLxR8c="},"chainType":1,"messageKeys":{}}},"pendingPreKey":{"signedKeyId":1,"baseKey":"BSDw2xjRU121zEx3slTa2gvV8yw59EjI1UqJbP8E4top"}}},"version":"v1"}