{"_sessions":{"Bds7zPlMBFKn6Lx3mPRM9wO6fhUv07oNSJfD5ySKxZI4":{"registrationId":1870243168,"currentRatchet":{"ephemeralKeyPair":{"pubKey":"BZLxXFuMxJnVzGgnrq1aOrWlXYHgNdUyhLv67olbJbE+","privKey":"MBgphhrfv8FL17rbOiwyqWas+bw1QANECtRAq8uVK1E="},"lastRemoteEphemeralKey":"BRUEmrZeRDZDTmizuBTeycS4k+1NTfZ4hmqzeE+VABgZ","previousCounter":0,"rootKey":"uaBolY2rKQ5Ww8He6y0904kDoM2eMmAS4PnHbeCz+bM="},"indexInfo":{"baseKey":"Bds7zPlMBFKn6Lx3mPRM9wO6fhUv07oNSJfD5ySKxZI4","baseKeyType":2,"closed":-1,"used":1737995480117,"created":1737995480117,"remoteIdentityKey":"BYsF++TkCAHzKtmLClD9kXlTJAKjqRxgTfdl4FvfooAU"},"_chains":{"BRUEmrZeRDZDTmizuBTeycS4k+1NTfZ4hmqzeE+VABgZ":{"chainKey":{"counter":2,"key":"JleHNKFE8P/xaqB0ebb5DpsRkXOcA2X1Zpq+bVNqAJA="},"chainType":2,"messageKeys":{}},"BZLxXFuMxJnVzGgnrq1aOrWlXYHgNdUyhLv67olbJbE+":{"chainKey":{"counter":-1,"key":"rQHjblYmNquNUYZS9myGqMWOV1c12Ji7GdJvB84KzaY="},"chainType":1,"messageKeys":{}}}}},"version":"v1"}