{"_sessions":{"BfS2nS39yjK2A0HS+CYs7qV7Gu8Hh4/+05p3v642t/Rl":{"registrationId":1021259968,"currentRatchet":{"ephemeralKeyPair":{"pubKey":"BRtPRBn3EZ1vdlSKmbCr4iImliWEIEZwo+XIfr06vSwO","privKey":"GDXCNd1QYdJbPmu0zVRPh8grnuQeCAJwAWlu2xXVAWk="},"lastRemoteEphemeralKey":"BWHKMrRHTeaup0ZKIZR9qYMA/mjLIV5wiOatC5qkyvp8","previousCounter":0,"rootKey":"VKnrtiJ5q6LcJikKBjdCgWC4/M06Y9dhfCQbOVZl/t8="},"indexInfo":{"baseKey":"BfS2nS39yjK2A0HS+CYs7qV7Gu8Hh4/+05p3v642t/Rl","baseKeyType":1,"closed":-1,"used":1737993014720,"created":1737993014720,"remoteIdentityKey":"BauY42Ndg9B6XaXuFXOQv3LhFbMfH6kWrMRpt8MHBwBc"},"_chains":{"BRtPRBn3EZ1vdlSKmbCr4iImliWEIEZwo+XIfr06vSwO":{"chainKey":{"counter":0,"key":"g0akF7tx7gxPXi83DduhfcNm/Io9O6aFihQxfNahzrI="},"chainType":1,"messageKeys":{}}},"pendingPreKey":{"signedKeyId":4,"baseKey":"BfS2nS39yjK2A0HS+CYs7qV7Gu8Hh4/+05p3v642t/Rl","preKeyId":11886870}}},"version":"v1"}