{"_sessions":{"BYHat4K0Ux0qBc70aY4hiyoEFu23yjsi/Zhuspa64Hl+":{"registrationId":1509492352,"currentRatchet":{"ephemeralKeyPair":{"pubKey":"BTJ9fMcQ1FIZAC5sODPAHR4qywfiGu9mbRr1pwlIg51H","privKey":"+NDOF1vbMGUX0n0rSkPBTkqcE0lE8KaBTBXissi4Hl8="},"lastRemoteEphemeralKey":"BQZGrOlCjp7ypQL2121ALy4nDehPI/qpj0VGF0wNbPMp","previousCounter":0,"rootKey":"p+iSiIpVLZ/q4bkoUwhGknr9Vy2TIpf26Bx8shdfwNk="},"indexInfo":{"baseKey":"BYHat4K0Ux0qBc70aY4hiyoEFu23yjsi/Zhuspa64Hl+","baseKeyType":1,"closed":-1,"used":1737994370951,"created":1737994370951,"remoteIdentityKey":"BVht2/Xhrcz2+Cfr8vyUolsH9um4iWxgkHbcdK3KGLd2"},"_chains":{"BTJ9fMcQ1FIZAC5sODPAHR4qywfiGu9mbRr1pwlIg51H":{"chainKey":{"counter":0,"key":"m9t9SSxgl+MaxS4sp7HURUHmi0qlKjeUp/5yl4/fMHk="},"chainType":1,"messageKeys":{}}},"pendingPreKey":{"signedKeyId":2,"baseKey":"BYHat4K0Ux0qBc70aY4hiyoEFu23yjsi/Zhuspa64Hl+","preKeyId":4530706}}},"version":"v1"}