{"_sessions":{"BXaMSCyYDasjzDTzvBZ7smmVJq1hs8jr5U8K6mKhVJYy":{"registrationId":280940474,"currentRatchet":{"ephemeralKeyPair":{"pubKey":"BbmdS1PCP/nldZZrOtNuhbcnL8pR3jhciP0oPBPqlm8Y","privKey":"eDsGiyMwT9E50LGMJ0C59IefOoWBHIc8IwI/vMo4y1I="},"lastRemoteEphemeralKey":"BWci3Y+Grt7V+obGugl5idABWMWnBAOXBn2RrsUUXKQi","previousCounter":0,"rootKey":"VTZVFdo+XiSTXTwmkqM59LTJ8SMaZO/Y8Dka/IQbN2M="},"indexInfo":{"baseKey":"BXaMSCyYDasjzDTzvBZ7smmVJq1hs8jr5U8K6mKhVJYy","baseKeyType":1,"closed":-1,"used":1737993014412,"created":1737993014412,"remoteIdentityKey":"Bd56ENzyCTKJFGfTnoyVzzGjcnmQGe5MacT9Mt5HRjg6"},"_chains":{"BbmdS1PCP/nldZZrOtNuhbcnL8pR3jhciP0oPBPqlm8Y":{"chainKey":{"counter":0,"key":"f+rB/ncrZlIGqDvfT5jYlNpbdCLDpUKzozraTog9gv8="},"chainType":1,"messageKeys":{}}},"pendingPreKey":{"signedKeyId":3,"baseKey":"BXaMSCyYDasjzDTzvBZ7smmVJq1hs8jr5U8K6mKhVJYy","preKeyId":14861213}}},"version":"v1"}