{"_sessions":{"BbhtPISpZB7+WpcXUwcc7OlmcbgiVS6lk6DhoQSsQHoM":{"registrationId":752766360,"currentRatchet":{"ephemeralKeyPair":{"pubKey":"BYhGZIxX0Gqbi03m0J8sQL3nVAty0/rky31h8/G1CI0V","privKey":"uDUEFqULwJHYnfG76RVIZkeUA3041Dkozc7SOLMkhVc="},"lastRemoteEphemeralKey":"BWga/vtNA+7QAdbFt09f3eyDceur/uqH11MxXCsG6/Iw","previousCounter":0,"rootKey":"nvEp9bKZAepDgkClBOCimGoQMiL/fZHlTEtIXOvPnS8="},"indexInfo":{"baseKey":"BbhtPISpZB7+WpcXUwcc7OlmcbgiVS6lk6DhoQSsQHoM","baseKeyType":1,"closed":-1,"used":1737994963033,"created":1737994963033,"remoteIdentityKey":"BVelKqlfQmq6uRJ117kW9iZh9W+HdKte9jOiPj8a9LN3"},"_chains":{"BYhGZIxX0Gqbi03m0J8sQL3nVAty0/rky31h8/G1CI0V":{"chainKey":{"counter":0,"key":"lyPyEIapB++J4ZHMXh1InaoqVTdOD0X98oFY5BZyNUU="},"chainType":1,"messageKeys":{}}},"pendingPreKey":{"signedKeyId":8,"baseKey":"BbhtPISpZB7+WpcXUwcc7OlmcbgiVS6lk6DhoQSsQHoM","preKeyId":15064340}}},"version":"v1"}