{"_sessions":{"BcXot/bYtyMIcFZZS+mkkmCTW1s3bN+HCAF3PVEjWq8e":{"registrationId":670222184,"currentRatchet":{"ephemeralKeyPair":{"pubKey":"BXQMa/Jkxi3/No/F2aTJ6vKiBwipknlCMKGzp4+KzUpn","privKey":"oLFvHqEb8lIEKMj6Ib5EkTz1/Yt1cdSPRMy2NFVNa2Y="},"lastRemoteEphemeralKey":"BWKnsITwlfdxfWkbF89PZiV8SgZ25Vd3umS2aMCqRjVY","previousCounter":0,"rootKey":"PJyvMTF8dL3vMDy44bkZrVvojhz6CT95ZXKpQB1bt/o="},"indexInfo":{"baseKey":"BcXot/bYtyMIcFZZS+mkkmCTW1s3bN+HCAF3PVEjWq8e","baseKeyType":1,"closed":-1,"used":1737993538429,"created":1737993538429,"remoteIdentityKey":"BeWRWntzXbxVsCK0bKeQ4Rt0Wf/sV9MRmIfAlxI11KZ3"},"_chains":{"BXQMa/Jkxi3/No/F2aTJ6vKiBwipknlCMKGzp4+KzUpn":{"chainKey":{"counter":0,"key":"sf7yZSBUKMY214erX0owvR3t6VmHQ2jYbC2paS8QVsA="},"chainType":1,"messageKeys":{}}},"pendingPreKey":{"signedKeyId":8,"baseKey":"BcXot/bYtyMIcFZZS+mkkmCTW1s3bN+HCAF3PVEjWq8e","preKeyId":2168292}}},"version":"v1"}