{"_sessions":{"BZbCokXvz+BZ74iXrLxQruLAUc6G7/1HSL1G1+X/AlEG":{"registrationId":1919035933,"currentRatchet":{"ephemeralKeyPair":{"pubKey":"BbOiHtDLIWv2Be5yDWTovbmf1GZ4yi3hsicjyBsFUe1B","privKey":"wNbfgF2rwXs9yuYpY/7UvUuBoqnYhfv4dNIyQIs3900="},"lastRemoteEphemeralKey":"BSpeE3fO56T0c8hE+gDpsvPUBwIj3qwFIU18fREHUdwJ","previousCounter":0,"rootKey":"N2Kj561iqctprKLv3fij6UDi3OgthEYldv9kLKi/WgI="},"indexInfo":{"baseKey":"BZbCokXvz+BZ74iXrLxQruLAUc6G7/1HSL1G1+X/AlEG","baseKeyType":1,"closed":-1,"used":1737993015063,"created":1737993015063,"remoteIdentityKey":"Bf5FXINPN7ShTT0+fI1awcUSf0yVT88IjMQYvgv0UUsq"},"_chains":{"BbOiHtDLIWv2Be5yDWTovbmf1GZ4yi3hsicjyBsFUe1B":{"chainKey":{"counter":0,"key":"S/FQ1v+5BgB2QUJacbZJUffYXCkTaMbW9yYlIgoWQak="},"chainType":1,"messageKeys":{}}},"pendingPreKey":{"signedKeyId":7,"baseKey":"BZbCokXvz+BZ74iXrLxQruLAUc6G7/1HSL1G1+X/AlEG","preKeyId":4451546}}},"version":"v1"}