{"_sessions":{"Ba4RVZrCHFpl82mng1O15KRaZztIxyFsqw2JT01hI2po":{"registrationId":1381250174,"currentRatchet":{"ephemeralKeyPair":{"pubKey":"BY2kVhc2DEc+ZlCocJuZMujy3dOVpPB5chN5mbvvUDd+","privKey":"WFGiN/aGjw55wjwHawSVWZZjKNCeKhIi0DWYAlvZfWA="},"lastRemoteEphemeralKey":"BX71Cy1YcugJ/P7a3Aoi16HJqlSZ5bC4Va3ZYHDKUGZa","previousCounter":0,"rootKey":"8euIjXs5v0toGs3HRoK/47b7hbOdDS96Z0ploJD9ZV0="},"indexInfo":{"baseKey":"Ba4RVZrCHFpl82mng1O15KRaZztIxyFsqw2JT01hI2po","baseKeyType":1,"closed":-1,"used":1737993538494,"created":1737993538494,"remoteIdentityKey":"BfVAGOMH270ZOhD2ESDGhdn6uUeaefP5ZsxPL6VBSuR8"},"_chains":{"BY2kVhc2DEc+ZlCocJuZMujy3dOVpPB5chN5mbvvUDd+":{"chainKey":{"counter":0,"key":"vIFXyKNA/d6BnAqHWLIxbrBthtyXtZYLCAQvEofur8s="},"chainType":1,"messageKeys":{}}},"pendingPreKey":{"signedKeyId":11,"baseKey":"Ba4RVZrCHFpl82mng1O15KRaZztIxyFsqw2JT01hI2po","preKeyId":1145813}}},"version":"v1"}