{"_sessions":{"BdUguGstvcBgSKm+l/qYntAwS0Pp4nwkoWkoHXukZEoB":{"registrationId":91885502,"currentRatchet":{"ephemeralKeyPair":{"pubKey":"BcQW/PpOfY6orfAcRIvf3JFtlb5COjba43vk2PWMd/Y9","privKey":"+JKvZCQYKtoRKdFQhgt8maSUt84+BlSg9iCyx3GvOn8="},"lastRemoteEphemeralKey":"BU2+bTopVkjH9/Ir3u2rVqxw1Rg53xaIukojRrYyjQ02","previousCounter":0,"rootKey":"NwiwoeVSN4XWbgSxkBzAA6OcCbc0AKZPa2y8Keu/Jug="},"indexInfo":{"baseKey":"BdUguGstvcBgSKm+l/qYntAwS0Pp4nwkoWkoHXukZEoB","baseKeyType":1,"closed":-1,"used":1737993134979,"created":1737993134979,"remoteIdentityKey":"BVHEImGPFwMMbZr+vMnSvPluA5c/P+VKj2ec4zCoI0QE"},"_chains":{"BcQW/PpOfY6orfAcRIvf3JFtlb5COjba43vk2PWMd/Y9":{"chainKey":{"counter":1,"key":"4Ffw9bGGv2LA87eCeRNbJ8QfFnQ93yGnVYEiiBVQgj0="},"chainType":1,"messageKeys":{}}},"pendingPreKey":{"signedKeyId":1,"baseKey":"BdUguGstvcBgSKm+l/qYntAwS0Pp4nwkoWkoHXukZEoB","preKeyId":1060194}}},"version":"v1"}