{"_sessions":{"BQcVFIVgimCZpTixXS9++Ae4AJJDrDbd8utRbnuGU3tr":{"registrationId":1332683883,"currentRatchet":{"ephemeralKeyPair":{"pubKey":"BQQqGicF5qtIIQhKQ3wvjcYoZvNEw3HD3S9ubHOnNYoo","privKey":"OCb5j9qzxsDU9as/d+hLEw4cRuMgHapKDRcJSAaFBVo="},"lastRemoteEphemeralKey":"Bcx2bzJepiP3X/4sX2a0/IZdpFQsfEnZM7ckU0/S+lUs","previousCounter":0,"rootKey":"LQQWaV63yvtjayj2W2qPEM4xgRk23c3eM9I1hTJw1f0="},"indexInfo":{"baseKey":"BQcVFIVgimCZpTixXS9++Ae4AJJDrDbd8utRbnuGU3tr","baseKeyType":1,"closed":-1,"used":1737993015209,"created":1737993015209,"remoteIdentityKey":"BRjlHENv1TEzfqpcfWoNpcGnjDjBF75AhwhDgFZXwAUN"},"_chains":{"BQQqGicF5qtIIQhKQ3wvjcYoZvNEw3HD3S9ubHOnNYoo":{"chainKey":{"counter":0,"key":"armyB6t2gyN7sVSNlJs16mKVUd8cuaJTD27eb9ruU2c="},"chainType":1,"messageKeys":{}}},"pendingPreKey":{"signedKeyId":2,"baseKey":"BQcVFIVgimCZpTixXS9++Ae4AJJDrDbd8utRbnuGU3tr","preKeyId":4548084}}},"version":"v1"}