{"_sessions":{"BZFzwNZvP2Z6IUDrOGlAuB0EgA25VBhD08KdhJiYPf9g":{"registrationId":153,"currentRatchet":{"ephemeralKeyPair":{"pubKey":"BbVi74n8y4Tsfh9Us9mmcGE/LJpCwhrheLljn05qVrpT","privKey":"0HL0b3bVA4STdJ/lDNVoFBQKxM0pCLgDg03jTkxbYmg="},"lastRemoteEphemeralKey":"BftmHxbqte6SzfpFscJD88YuoDk/dt9Lyh2oQ5zgtcQY","previousCounter":0,"rootKey":"ZeA+P5RWzomvUJbGZFlKi1iGqdwuGB1J3ZzA97kpS38="},"indexInfo":{"baseKey":"BZFzwNZvP2Z6IUDrOGlAuB0EgA25VBhD08KdhJiYPf9g","baseKeyType":1,"closed":-1,"used":1737993014243,"created":1737993014243,"remoteIdentityKey":"BeFz/lffuBMLpCM9uR2qSFImvyNSHAMwqriKIQSCiPdC"},"_chains":{"BbVi74n8y4Tsfh9Us9mmcGE/LJpCwhrheLljn05qVrpT":{"chainKey":{"counter":0,"key":"jmrnW1tNVImroJ/71rAMGyQTyWhNwoh4cbW5tS0CLBM="},"chainType":1,"messageKeys":{}}},"pendingPreKey":{"signedKeyId":1,"baseKey":"BZFzwNZvP2Z6IUDrOGlAuB0EgA25VBhD08KdhJiYPf9g"}}},"version":"v1"}