{"_sessions":{"BbuoTU463WtMVQeBxpG2it7KM1L9FOmbTPoJYvqTEC17":{"registrationId":1131798597,"currentRatchet":{"ephemeralKeyPair":{"pubKey":"BR5dfcmuJ6TzpAxZoHudnI22iU2FpDETxHQx2yna48R9","privKey":"kJeRqF98VbNHVJCkXfNe4C360lO6UIZ22bIp6u4gXWU="},"lastRemoteEphemeralKey":"BRIkWi8cANgRDASx4GFUgtvkRBI6hzz3hmak5Gk7+EMK","previousCounter":0,"rootKey":"LKeEU4lANJDwSY1HTB8hAJ0iDy+By3lDYEfCGrsUjVE="},"indexInfo":{"baseKey":"BbuoTU463WtMVQeBxpG2it7KM1L9FOmbTPoJYvqTEC17","baseKeyType":1,"closed":-1,"used":1737993538504,"created":1737993538504,"remoteIdentityKey":"BdFeLJQ7cmEEWxsXnmitKJP11TJOiD16oFQi2L9+/eA/"},"_chains":{"BR5dfcmuJ6TzpAxZoHudnI22iU2FpDETxHQx2yna48R9":{"chainKey":{"counter":0,"key":"At8qQzUUKirxvSHx9mNVuUUe3b0+3oKYfn0MY3n04TA="},"chainType":1,"messageKeys":{}}},"pendingPreKey":{"signedKeyId":0,"baseKey":"BbuoTU463WtMVQeBxpG2it7KM1L9FOmbTPoJYvqTEC17"}}},"version":"v1"}