{"_sessions":{"BR1i/R5W1poZkHYbH00nHnnI+mc+sa+PO79kH2uYR2d/":{"registrationId":1697071778,"currentRatchet":{"ephemeralKeyPair":{"pubKey":"BYBrafxtgomQHGSAsiAg49cAHJll2EEuLKoJ8KBUJDpj","privKey":"cKkMN4I981ryQEUclJ2TN+k4+s4lZ6O8vkKsEfhv5U0="},"lastRemoteEphemeralKey":"BX+YiSkWr1cLdsK4LJ2rcO9SLqu4Pm4LhElWgRytZooO","previousCounter":0,"rootKey":"b6QkenCO4vRrmFMrEQeuL0797DguuX7iJOpPNziXGjg="},"indexInfo":{"baseKey":"BR1i/R5W1poZkHYbH00nHnnI+mc+sa+PO79kH2uYR2d/","baseKeyType":1,"closed":-1,"used":1737993538550,"created":1737993538550,"remoteIdentityKey":"BQl1ZTo8Njbzo/3nU1MhkyZUsZ6nEdVYpC595YC1OfIc"},"_chains":{"BYBrafxtgomQHGSAsiAg49cAHJll2EEuLKoJ8KBUJDpj":{"chainKey":{"counter":0,"key":"xVj3Lub/Sdjy+hw+VZYpZ8rHv0okwWI1yztOwaZ71wE="},"chainType":1,"messageKeys":{}}},"pendingPreKey":{"signedKeyId":22,"baseKey":"BR1i/R5W1poZkHYbH00nHnnI+mc+sa+PO79kH2uYR2d/","preKeyId":3052768}}},"version":"v1"}