{"_sessions":{"BXFL0BThoIqcPfGkcs4OFYsvZWYr/PwZgUSXeld+Tkwb":{"registrationId":56371412,"currentRatchet":{"ephemeralKeyPair":{"pubKey":"BX+LLbEpQNybNQbburJGpftkm6uzZY39TqzQ0Lf3Nc4Z","privKey":"CAd8JI8Zg+v44JI/oRbs/S6xiZ7PkHNTl4CuBIVJT0w="},"lastRemoteEphemeralKey":"Be5gnEwT60n6XYa92piTYy6ys+5+OE0R/dfD1n6PRkV2","previousCounter":0,"rootKey":"fmSNyU1qH875hvq+SAef6OgBaXULpdudbACXj64yYo0="},"indexInfo":{"baseKey":"BXFL0BThoIqcPfGkcs4OFYsvZWYr/PwZgUSXeld+Tkwb","baseKeyType":1,"closed":-1,"used":1737993014474,"created":1737993014474,"remoteIdentityKey":"BfajVjFYyWWXI6zjwXoEGlwF5XivkEgiYwydGPJ7nWVJ"},"_chains":{"BX+LLbEpQNybNQbburJGpftkm6uzZY39TqzQ0Lf3Nc4Z":{"chainKey":{"counter":0,"key":"+kCM6fp438ERsUM6/oSvSwF7jqR0h7JzLIjw7wOeD7o="},"chainType":1,"messageKeys":{}}},"pendingPreKey":{"signedKeyId":7,"baseKey":"BXFL0BThoIqcPfGkcs4OFYsvZWYr/PwZgUSXeld+Tkwb","preKeyId":3298756}}},"version":"v1"}