{"_sessions":{"Bb4HOr+Uy2fwsiQT2QOyIymsz5IQfkm9KuUU7WMY7/xA":{"registrationId":118184598,"currentRatchet":{"ephemeralKeyPair":{"pubKey":"BXssHYHsGVj3FW+CMwQEU9JZj2vT/zGKrh2ytXJLooxF","privKey":"yAeC4vKg4AlqTMTfHB6cuHgjppgDdFQTOZUXuLEe4mQ="},"lastRemoteEphemeralKey":"BZfqLhIPivjHIxt3CdpF3u0DOlSRh3dwWS7i+9lVwjgH","previousCounter":0,"rootKey":"SyFzgTVJvJsbu/fxgkaliaWnKJ3rLbHM3XsYd9GLzPQ="},"indexInfo":{"baseKey":"Bb4HOr+Uy2fwsiQT2QOyIymsz5IQfkm9KuUU7WMY7/xA","baseKeyType":1,"closed":-1,"used":1737993538439,"created":1737993538439,"remoteIdentityKey":"BS0+hu60OUkmHt1PL9c6+eEOz2GTf3NHLwHuP+qjYCFK"},"_chains":{"BXssHYHsGVj3FW+CMwQEU9JZj2vT/zGKrh2ytXJLooxF":{"chainKey":{"counter":0,"key":"v8zTjtCajX3V+tA8jwQ9lDUIJLuLvLXKdcDA76c/asA="},"chainType":1,"messageKeys":{}}},"pendingPreKey":{"signedKeyId":3,"baseKey":"Bb4HOr+Uy2fwsiQT2QOyIymsz5IQfkm9KuUU7WMY7/xA","preKeyId":3347640}}},"version":"v1"}