{"_sessions":{"BXGty8qzlSprTJZDUJBoUh/iKE3FUuQ7BWOTAubjSfYf":{"registrationId":1179290495,"currentRatchet":{"ephemeralKeyPair":{"pubKey":"BaZfRe3l+jtNlBvwPSob4uYviOIOvUaB7gEQ8zv770pg","privKey":"kHkdS2J/kcG8MZHecLFWEAeAs2Semtb5AoH4QD6x/W0="},"lastRemoteEphemeralKey":"Bdfg1WAACk7hxbqK+mxsa36P3QLtE4m5ZxZ494r7xzEm","previousCounter":0,"rootKey":"pMw7nJRKGkduVqahy1+EdyhziznTfWPP9x4HM60LQdc="},"indexInfo":{"baseKey":"BXGty8qzlSprTJZDUJBoUh/iKE3FUuQ7BWOTAubjSfYf","baseKeyType":1,"closed":-1,"used":1737994371076,"created":1737994371076,"remoteIdentityKey":"BRBRlmkBBV8tWTSg/mLS0glY81vgOftuMCb7aP7/3dgJ"},"_chains":{"BaZfRe3l+jtNlBvwPSob4uYviOIOvUaB7gEQ8zv770pg":{"chainKey":{"counter":0,"key":"wMwb4kgAFhG5kJ0piTyfq/Gw7VwmVgnDB0Pddr4a460="},"chainType":1,"messageKeys":{}}},"pendingPreKey":{"signedKeyId":1,"baseKey":"BXGty8qzlSprTJZDUJBoUh/iKE3FUuQ7BWOTAubjSfYf"}}},"version":"v1"}