{"_sessions":{"BdhJDp6KGMasLaQRbQ8tfzdWet/qILl1Lz/m16gSwT8F":{"registrationId":1718031972,"currentRatchet":{"ephemeralKeyPair":{"pubKey":"BSANIuq55B3Vi031Md2jKlaXdZUMwL/k4QRLZVZJC44W","privKey":"uBpY87IoWnujTgv68JMhtVst4GssyiKWFBm41FpLw0g="},"lastRemoteEphemeralKey":"BeJ1DRRhaZmd0SK0znrzIfdnisy1P1km846AiJY+NqR7","previousCounter":0,"rootKey":"VGzSKQhbj1kxUGV/dPlnGf8t6JOJvFoC+62LlYThlJo="},"indexInfo":{"baseKey":"BdhJDp6KGMasLaQRbQ8tfzdWet/qILl1Lz/m16gSwT8F","baseKeyType":1,"closed":-1,"used":1737993014832,"created":1737993014832,"remoteIdentityKey":"BfIiCZEXv8MFQokROJzkKoIUhUlr4k5Pwvg5LysFIuxP"},"_chains":{"BSANIuq55B3Vi031Md2jKlaXdZUMwL/k4QRLZVZJC44W":{"chainKey":{"counter":0,"key":"jRbGrsbg1TpgzyJMH1+EbhSMC8JK6GzTeB6xY98E38U="},"chainType":1,"messageKeys":{}}},"pendingPreKey":{"signedKeyId":2,"baseKey":"BdhJDp6KGMasLaQRbQ8tfzdWet/qILl1Lz/m16gSwT8F","preKeyId":10400748}}},"version":"v1"}