{"_sessions":{"BXqOJ6YLde8mjk+YzXgEUY29yBZLXL7N/dQlartN63ss":{"registrationId":1485974774,"currentRatchet":{"ephemeralKeyPair":{"pubKey":"BYSjochjTe9RNU4MZE6SGYllRW9Mt5WcxZtIYynM+ZYH","privKey":"cN4Mug0koLAYAAT/V8aNouxviyOcuxmF/MhbdQDwz24="},"lastRemoteEphemeralKey":"BVN3pfhKSMPJCuBE1gjd7RLvaKiUfQXCT/1MhbYl9OJu","previousCounter":0,"rootKey":"ZfG/W8IPMxZzBnCRd25GKgp6QrhQUOQdUjrarEvT68M="},"indexInfo":{"baseKey":"BXqOJ6YLde8mjk+YzXgEUY29yBZLXL7N/dQlartN63ss","baseKeyType":1,"closed":-1,"used":1737992069237,"created":1737992069237,"remoteIdentityKey":"BWrqiuGv0BODxpE9Sloevi7gXL9W7WypOM+P9u2qiKVW"},"_chains":{"BYSjochjTe9RNU4MZE6SGYllRW9Mt5WcxZtIYynM+ZYH":{"chainKey":{"counter":0,"key":"1eA88hS5wp67N9N2fHPM+ZgK91YfvMHyl1M8lZxl84A="},"chainType":1,"messageKeys":{}}},"pendingPreKey":{"signedKeyId":4,"baseKey":"BXqOJ6YLde8mjk+YzXgEUY29yBZLXL7N/dQlartN63ss"}}},"version":"v1"}