{"_sessions":{"BSatZH1vGIbtXiKvUnRZfyzvwhQqRSlZhwMpApRvJKAB":{"registrationId":171104240,"currentRatchet":{"ephemeralKeyPair":{"pubKey":"BbLAJvVaFhrfvUBKiTDoC8tgyzmtTEorZO+gWluf4PgM","privKey":"qKdq2h5AxuxiV1lyBFHmYH9TUVCKreQgDRVr7auBV1s="},"lastRemoteEphemeralKey":"BY8/TIZ0Iq7PG/Z7HNxrs9SxylAfKzRI7qWr9FirsqAA","previousCounter":0,"rootKey":"qLKZ5mKDTDXCaqGHx3YlEYfUR6LELUJAVTauiYyxwT8="},"indexInfo":{"baseKey":"BSatZH1vGIbtXiKvUnRZfyzvwhQqRSlZhwMpApRvJKAB","baseKeyType":1,"closed":-1,"used":1737993015203,"created":1737993015203,"remoteIdentityKey":"BdJR02VyZO6n5Vfh2dmTeBBVt0c+sbEioNVosymgmPVq"},"_chains":{"BbLAJvVaFhrfvUBKiTDoC8tgyzmtTEorZO+gWluf4PgM":{"chainKey":{"counter":0,"key":"9hG5XLWl3m9Lf3nInuFlIFLvDGVCu8XyXoJHl+qihC4="},"chainType":1,"messageKeys":{}}},"pendingPreKey":{"signedKeyId":8,"baseKey":"BSatZH1vGIbtXiKvUnRZfyzvwhQqRSlZhwMpApRvJKAB"}}},"version":"v1"}