{"_sessions":{"BelCroE2XkYdH8YRlDodVH/it5vR8pF9EZM2yRSYvpYt":{"registrationId":1405296481,"currentRatchet":{"ephemeralKeyPair":{"pubKey":"BeHd9svcaMlxU7qOfUlCoe0pEKa4xWPFkU97YX9ZMqYk","privKey":"oIrz59/30/tFwKe3SJNOERaQ2xhfJaxn5xIMKUd0p1E="},"lastRemoteEphemeralKey":"Bfhae76n8Sd152lUOT3/ldVntoXwytR/viIZVBT94QhV","previousCounter":0,"rootKey":"Oe9SLhh0OQwSU3njvsReQaS/biZuSwc59wkS8m8Sl2k="},"indexInfo":{"baseKey":"BelCroE2XkYdH8YRlDodVH/it5vR8pF9EZM2yRSYvpYt","baseKeyType":1,"closed":-1,"used":1737993014453,"created":1737993014453,"remoteIdentityKey":"BUJZu0yR9efcZvsafXgFi2fdOZQQPGhil2ttMhB3TSkb"},"_chains":{"BeHd9svcaMlxU7qOfUlCoe0pEKa4xWPFkU97YX9ZMqYk":{"chainKey":{"counter":0,"key":"Zoi+gMWVCzzDHhEeShyHwUNetvRqy5lmUMPVP6WARMk="},"chainType":1,"messageKeys":{}}},"pendingPreKey":{"signedKeyId":1,"baseKey":"BelCroE2XkYdH8YRlDodVH/it5vR8pF9EZM2yRSYvpYt","preKeyId":15617216}}},"version":"v1"}