{"_sessions":{"BVwDvDvIeql5SUGsHmp4cNe8HIr8+rK7TbGaMrh8wD5t":{"registrationId":556496358,"currentRatchet":{"ephemeralKeyPair":{"pubKey":"Bec7Um/FwT3jZfwwH5Q9CxC8XRn9iT6hhQyJFVgNuwwv","privKey":"yKazJ+l9Az3fA7SuRynxzBUVGK105okeJVi71fla5FA="},"lastRemoteEphemeralKey":"BVzMqWPvHUvZmf5DMSOvIHWPknDpK+WQhWhltt/qELZs","previousCounter":0,"rootKey":"7CZR+lqtV8I8Ox0TpdzdiKKJLTQHsUfSFDSi8bxPbfE="},"indexInfo":{"baseKey":"BVwDvDvIeql5SUGsHmp4cNe8HIr8+rK7TbGaMrh8wD5t","baseKeyType":1,"closed":-1,"used":1737993538442,"created":1737993538442,"remoteIdentityKey":"BaVWJB6ysw0sdCWcfBAW9aePI4WP2OLU/4jf+6WcQUY3"},"_chains":{"Bec7Um/FwT3jZfwwH5Q9CxC8XRn9iT6hhQyJFVgNuwwv":{"chainKey":{"counter":0,"key":"DwGEvQpBdllMcWJkfe91qMDkIluQAZlRksVGIvzYM2w="},"chainType":1,"messageKeys":{}}},"pendingPreKey":{"signedKeyId":3,"baseKey":"BVwDvDvIeql5SUGsHmp4cNe8HIr8+rK7TbGaMrh8wD5t","preKeyId":910512}}},"version":"v1"}