{"_sessions":{"BYbRMm9RAPhpKD39JOMTVz4eTiD9FcfjlYlwnpl92LUc":{"registrationId":772276800,"currentRatchet":{"ephemeralKeyPair":{"pubKey":"BQCn5Xuwxi2v1fv8+GGKkEBx4IpXljFJWeXdG3nlA11a","privKey":"UNWIeB2TKvNXI8mb4NsE1Qp+MeQeJHSQUNcD5zhXvW8="},"lastRemoteEphemeralKey":"BbZ8L8GNkkh+emXjcnhFWeqfOdGL1qnyVs1Gf6rhtrRJ","previousCounter":0,"rootKey":"KuErZZSCWMY5EIZQOlrg2hsJkmb/t2ZFraRCokjwt3A="},"indexInfo":{"baseKey":"BYbRMm9RAPhpKD39JOMTVz4eTiD9FcfjlYlwnpl92LUc","baseKeyType":1,"closed":-1,"used":1737993014937,"created":1737993014937,"remoteIdentityKey":"Be/jB87OBDgoZpIYXn2F3NxuD5ZAicffhTAQ0fweHvty"},"_chains":{"BQCn5Xuwxi2v1fv8+GGKkEBx4IpXljFJWeXdG3nlA11a":{"chainKey":{"counter":0,"key":"Jsev0ld5I5P5tQqGPdfOvob+ehEa6QeJQvfnFkVjMx8="},"chainType":1,"messageKeys":{}}},"pendingPreKey":{"signedKeyId":10,"baseKey":"BYbRMm9RAPhpKD39JOMTVz4eTiD9FcfjlYlwnpl92LUc","preKeyId":5868010}}},"version":"v1"}