{"_sessions":{"BTZqMAd38frVnRu3NydqX5XCux6Gkl2uIiSGLn8CMs8a":{"registrationId":2046250114,"currentRatchet":{"ephemeralKeyPair":{"pubKey":"Bbwnu2yf0v23WRKRcCArUbMB+h+8B/1/Ptu9+HwSOv8C","privKey":"0HAimqHaheIQLear6Sf4RYcl+sLKEY69ee28tW6sUno="},"lastRemoteEphemeralKey":"Bef7ojjEn/RfJEF9SY8Z3FRHUQQ6ZobA9atE1mGkDI06","previousCounter":0,"rootKey":"R1wCue6xjhPwBNdHJUX6aDWhQE/nHwkH6eL/e9A4RWM="},"indexInfo":{"baseKey":"BTZqMAd38frVnRu3NydqX5XCux6Gkl2uIiSGLn8CMs8a","baseKeyType":1,"closed":-1,"used":1737993015236,"created":1737993015236,"remoteIdentityKey":"BQhrN4FDvCXkIBlmDvOYR6rhMFo3nAL4ZPGP5z9ZSmNW"},"_chains":{"Bbwnu2yf0v23WRKRcCArUbMB+h+8B/1/Ptu9+HwSOv8C":{"chainKey":{"counter":0,"key":"FPFI3/eYwLWIknIs7PszL4UPVNpWt9Eg07wC4aM297c="},"chainType":1,"messageKeys":{}}},"pendingPreKey":{"signedKeyId":1,"baseKey":"BTZqMAd38frVnRu3NydqX5XCux6Gkl2uIiSGLn8CMs8a","preKeyId":4849714}}},"version":"v1"}