{"_sessions":{"BYzdCU6DbF90Rr+uFkpBX0fgPW6n5xnmTuZZ6uV8CaBC":{"registrationId":307272202,"currentRatchet":{"ephemeralKeyPair":{"pubKey":"BbaEzLW08wLfrcZQogSqkC+fXFyFym/C17rlCwj9OEA6","privKey":"oFo5QXqX/18q9k+5VdNue3eyjF79J2qyXpfYUd2ZyVQ="},"lastRemoteEphemeralKey":"BXAfbuV4dcp2B/sfyQBNKXHCVXsIQYJMzVI8MEYvGeow","previousCounter":0,"rootKey":"BWokfkg2PwLZ/SQ2LQpAkB5W2FBBdjQFCPCThPEthOU="},"indexInfo":{"baseKey":"BYzdCU6DbF90Rr+uFkpBX0fgPW6n5xnmTuZZ6uV8CaBC","baseKeyType":1,"closed":-1,"used":1737993481672,"created":1737993481672,"remoteIdentityKey":"BUiiGgqJokLLATgFVsgEs3WyoYG73hNdqdpb3qlpZcUF"},"_chains":{"BbaEzLW08wLfrcZQogSqkC+fXFyFym/C17rlCwj9OEA6":{"chainKey":{"counter":0,"key":"UHukSyhrWUvSX2CjwpnDLZASjSiYt/muD790dRTsh1c="},"chainType":1,"messageKeys":{}}},"pendingPreKey":{"signedKeyId":1,"baseKey":"BYzdCU6DbF90Rr+uFkpBX0fgPW6n5xnmTuZZ6uV8CaBC","preKeyId":7964026}}},"version":"v1"}