{"_sessions":{"BZhO807h3QWeNsz8ZdzP9kn09wRb6odtGICpKZDyVWJm":{"registrationId":834303274,"currentRatchet":{"ephemeralKeyPair":{"pubKey":"BUSBvTOeRWcSxKTDbD21y4MD/BgaX4ow3Zb3bg1IZHQd","privKey":"GIyAUh8J5qYf8B9koxr2ZrAwsQFBJoUmvnnE1izXUU0="},"lastRemoteEphemeralKey":"BU2rmm9ueLPYyJZBF4viY93CI03UvhP4+z5fzOjQwr9T","previousCounter":0,"rootKey":"vc68T1Dsxdovfb+ILIlouIUXrFnATuKQLPkAYD3twzU="},"indexInfo":{"baseKey":"BZhO807h3QWeNsz8ZdzP9kn09wRb6odtGICpKZDyVWJm","baseKeyType":2,"closed":-1,"used":1737995753530,"created":1737995753530,"remoteIdentityKey":"BbgsQ/zwZZCcDV8LzZUXa5G0tFsKjQY9yp6QYi92U+Ur"},"_chains":{"BU2rmm9ueLPYyJZBF4viY93CI03UvhP4+z5fzOjQwr9T":{"chainKey":{"counter":2,"key":"7HPWwIH8ReYumF6JQ49jR9wibOOknoVWii645C7TFQg="},"chainType":2,"messageKeys":{"0":"noJHSAYRSsbw5AXtQBwGtbORdT734hl16gFYwRZDpM8=","1":"a1RYqagfjsffd6pTiOvYwTWiB9WAm/UdMJ8reYKrKg8="}},"BUSBvTOeRWcSxKTDbD21y4MD/BgaX4ow3Zb3bg1IZHQd":{"chainKey":{"counter":-1,"key":"Co2cZf1hWIP2sIZNyx9UgkAFh+EGWthwkVcELW78GLQ="},"chainType":1,"messageKeys":{}}}}},"version":"v1"}