{"_sessions":{"BaziGva4zvlpi8UW6TirbyI9PFPGw7JtYUsEj1FyMjpC":{"registrationId":907214488,"currentRatchet":{"ephemeralKeyPair":{"pubKey":"BZUW2zkdWjttPuRrrWDt7B50c1bwiPG/U9E69DeQTQ4c","privKey":"mBXWNgt1Si/YGCZD+NjhSp3wLC0uaVwL+boIbFRw124="},"lastRemoteEphemeralKey":"BWn6IPvWa9x8OTZjN8MAJNK+joLwzLxIMyrSdVw/WEsX","previousCounter":1,"rootKey":"IkZ9hS85Cui8IQzQBUugCe/xMFl767V5qGgFj7o/mrc="},"indexInfo":{"baseKey":"BaziGva4zvlpi8UW6TirbyI9PFPGw7JtYUsEj1FyMjpC","baseKeyType":2,"closed":-1,"used":1737995152721,"created":1737992298348,"remoteIdentityKey":"BWLkdcBD6Jc439Jn5snlDmgIBVbY/AlOCxS8SQrmzVEl"},"_chains":{"BUem/mI4vuSCbd3CjePiZoAa4elr7Y+SqlV9KnSNYENM":{"chainKey":{"counter":0},"chainType":2,"messageKeys":{}},"BcCQG9xhqSgLVpHAi1x2qgTPvjMcB6ydL4xCLNgiColz":{"chainKey":{"counter":0},"chainType":2,"messageKeys":{}},"BS5Vjy9EvjfUUrOGb+5nCT6B+R8p8ye7JGZ29Zn682Eh":{"chainKey":{"counter":0},"chainType":2,"messageKeys":{}},"BWn6IPvWa9x8OTZjN8MAJNK+joLwzLxIMyrSdVw/WEsX":{"chainKey":{"counter":0,"key":"uN4UIDdHwe50ZfonnSw58znpkRHLofuX9i0WC4zum1Q="},"chainType":2,"messageKeys":{}},"BZUW2zkdWjttPuRrrWDt7B50c1bwiPG/U9E69DeQTQ4c":{"chainKey":{"counter":-1,"key":"2TGfje293Kshnv6SFhPTZJiwqS7w6+nzGS2uB8R5jtk="},"chainType":1,"messageKeys":{}}}}},"version":"v1"}