{"_sessions":{"BYG48oF8fmb1zYVfyYrap0BymVahzTmi5+meayavbeks":{"registrationId":15862,"currentRatchet":{"ephemeralKeyPair":{"pubKey":"BSZhLoYV+PgVtY+O88jJ2OAE7OOy11qT18byfL+fvX4f","privKey":"IAcpuirL8Nc2ekGTpySu4LAbHD9fDo5dom4OicvSlGk="},"lastRemoteEphemeralKey":"BenxOY4ulcguhkm3GrRrMV8316guKytcvfB4j7v4pgMO","previousCounter":0,"rootKey":"hIJb8KRrQ2np4ZpM57GAIZ3AMNjQSGrY/pEtVuYzQ8s="},"indexInfo":{"baseKey":"BYG48oF8fmb1zYVfyYrap0BymVahzTmi5+meayavbeks","baseKeyType":1,"closed":-1,"used":1737994963000,"created":1737994963000,"remoteIdentityKey":"BXKVAUZzh0s0aDAnl//2ht7q3Nu76RkudFuBJTQX9d5X"},"_chains":{"BSZhLoYV+PgVtY+O88jJ2OAE7OOy11qT18byfL+fvX4f":{"chainKey":{"counter":0,"key":"VpL0jlPqgVZf0scCK8dRRO3u9RiILorIfx1mEHQ+5Bs="},"chainType":1,"messageKeys":{}}},"pendingPreKey":{"signedKeyId":1,"baseKey":"BYG48oF8fmb1zYVfyYrap0BymVahzTmi5+meayavbeks"}}},"version":"v1"}