{"_sessions":{"BdCKglW6Y5L23UlMVATfbEK9goBa4WZETMWvtwZjGbg7":{"registrationId":173195580,"currentRatchet":{"ephemeralKeyPair":{"pubKey":"BTk/05pe6SzXEnIL1e3NJ3xHKFhbSMHLIDHJIpokT6s2","privKey":"YFRcH5dqrInrZaOBSRIZ7Rqn4wjOi1Xio1wDoFoBHHQ="},"lastRemoteEphemeralKey":"BaDTMi691z5ZFDBf/U2tEdjI5zJ+0nRXsUjHJxWNsVgW","previousCounter":0,"rootKey":"TBoP1XsKDa4tjHlo8mENxNQ+lPTAGp8pv0YzrKyYHGc="},"indexInfo":{"baseKey":"BdCKglW6Y5L23UlMVATfbEK9goBa4WZETMWvtwZjGbg7","baseKeyType":1,"closed":-1,"used":1737993538533,"created":1737993538533,"remoteIdentityKey":"Bf1rGjL/NK6axuXNAVGJ7MG3y1syGqKLT92r5ghfVPk+"},"_chains":{"BTk/05pe6SzXEnIL1e3NJ3xHKFhbSMHLIDHJIpokT6s2":{"chainKey":{"counter":0,"key":"DjmaSyUf5yZFlgM3g/tZB6CtYKPcg3/4Mj5ei+nuMrs="},"chainType":1,"messageKeys":{}}},"pendingPreKey":{"signedKeyId":10,"baseKey":"BdCKglW6Y5L23UlMVATfbEK9goBa4WZETMWvtwZjGbg7","preKeyId":11196547}}},"version":"v1"}