{"_sessions":{"Be5up1e8DIDZpBYwpkPRSZVFL76Ll8Au1MYPadl1GJlQ":{"registrationId":264516948,"currentRatchet":{"ephemeralKeyPair":{"pubKey":"Bdb5geDPqirJTQ0wMbPQbNweorohi4twvap649axW9c5","privKey":"UD3IeYmS8kY9prNqze4gvVwrtnM96CK6d+cMJ2Ba4FM="},"lastRemoteEphemeralKey":"BQlZO3jBk8hx6b7B4tg8eH7bYOcgZzFE+3N8F+r445d4","previousCounter":0,"rootKey":"tm4FBVyBJv62TFi/widF1uca9X/YB9iB13vMnLmtuTs="},"indexInfo":{"baseKey":"Be5up1e8DIDZpBYwpkPRSZVFL76Ll8Au1MYPadl1GJlQ","baseKeyType":1,"closed":-1,"used":1737993538498,"created":1737993538498,"remoteIdentityKey":"Bf8w51IDFKvJ3iU3vk+MUbXoL+Zz4buwwP8X5qW7fK0R"},"_chains":{"Bdb5geDPqirJTQ0wMbPQbNweorohi4twvap649axW9c5":{"chainKey":{"counter":0,"key":"9sJvO/JgP22/BhUo7RrrDHee4JXS+3ZwaxYVEQnU6JI="},"chainType":1,"messageKeys":{}}},"pendingPreKey":{"signedKeyId":23,"baseKey":"Be5up1e8DIDZpBYwpkPRSZVFL76Ll8Au1MYPadl1GJlQ","preKeyId":10639127}}},"version":"v1"}