{"_sessions":{"BYKA3t96+N0KCFatHRAvZ6sMDOzKiVefPkRDeDF/9GET":{"registrationId":1301409286,"currentRatchet":{"ephemeralKeyPair":{"pubKey":"BTERY22r1ujq6p2aE/FIOZbvPH/qi7babZNHq8L9rSEs","privKey":"6BLjc8ZM81dS2r16n4UzE3kIxhuKZ4ro/laYs1FS9Xg="},"lastRemoteEphemeralKey":"BZCfTlppfnOh468PGVmv1LPKPNPZ9rjdbNmBdUuJtR4r","previousCounter":0,"rootKey":"vIMWEPbD0PFkajWQH2xW7mKcx4qAFOiCdYaoxm/SqR8="},"indexInfo":{"baseKey":"BYKA3t96+N0KCFatHRAvZ6sMDOzKiVefPkRDeDF/9GET","baseKeyType":1,"closed":-1,"used":1737993014858,"created":1737993014858,"remoteIdentityKey":"BWHXqK65/HsWFyfGFW25F0rHXEJkC7EA5dHA2l571V5M"},"_chains":{"BTERY22r1ujq6p2aE/FIOZbvPH/qi7babZNHq8L9rSEs":{"chainKey":{"counter":0,"key":"WEEZ3G86+0GG2IQFUfIvlqDY3SrcHTP57xOnc1poNaU="},"chainType":1,"messageKeys":{}}},"pendingPreKey":{"signedKeyId":17,"baseKey":"BYKA3t96+N0KCFatHRAvZ6sMDOzKiVefPkRDeDF/9GET","preKeyId":9324886}}},"version":"v1"}