{"_sessions":{"BTkPkS/JI5tsUhQkeP5zNhsivrxkzjGNMAcEkTJQYDku":{"registrationId":3413,"currentRatchet":{"ephemeralKeyPair":{"pubKey":"BVwsPMusDYRdYFE4w3++C/GXs0To8jXchUYMFXSBYEo/","privKey":"0HoFV3iGKqd290fKseonMFCe34lhXe85JweAmrcsmUo="},"lastRemoteEphemeralKey":"Bdm4dYYUyiWsiQazvKcBT0HF+CZ2+gAP6ZQhVV+NJ9pP","previousCounter":0,"rootKey":"WTtf3iBkyYiktQ6Opdu8mWtA2KBCgW6e8SI7fwz4O7U="},"indexInfo":{"baseKey":"BTkPkS/JI5tsUhQkeP5zNhsivrxkzjGNMAcEkTJQYDku","baseKeyType":1,"closed":-1,"used":1737993014293,"created":1737993014293,"remoteIdentityKey":"BQ/V7rBgKPbFryhCT8nGsqd6BKZvAiHkOXchOeAyYP1V"},"_chains":{"BVwsPMusDYRdYFE4w3++C/GXs0To8jXchUYMFXSBYEo/":{"chainKey":{"counter":0,"key":"CR4aeMYkty2uOASo9914ATvQdT09XgfYG+ja1ypr5sc="},"chainType":1,"messageKeys":{}}},"pendingPreKey":{"signedKeyId":1,"baseKey":"BTkPkS/JI5tsUhQkeP5zNhsivrxkzjGNMAcEkTJQYDku","preKeyId":306}}},"version":"v1"}