{"_sessions":{"BY4nowUcQ33cHgx+pKDXbiTajozr5GQeHFahy+BMU8AY":{"registrationId":1364115563,"currentRatchet":{"ephemeralKeyPair":{"pubKey":"BUqcBEwBaLAkIkSekTVhlE6koW1B86p8aQt8BcB0dwtm","privKey":"sOQoafSQCF/LQMwyOSvQf1MGcwQlCQyzjQPRxs2iRmU="},"lastRemoteEphemeralKey":"Bcb11bw7W/OMFmWa6Nmy+CKs3tnivcHde0EhaAB9SChy","previousCounter":0,"rootKey":"dP76LcVvRR1ZSfgSgCqtGkkghS3bzQC9LXO6X5IUIXY="},"indexInfo":{"baseKey":"BY4nowUcQ33cHgx+pKDXbiTajozr5GQeHFahy+BMU8AY","baseKeyType":1,"closed":-1,"used":1737993481790,"created":1737993481790,"remoteIdentityKey":"BU+NMYgC7olnIkMJofbsB1zPGk8fIyZPCJlLE7JoxcgC"},"_chains":{"BUqcBEwBaLAkIkSekTVhlE6koW1B86p8aQt8BcB0dwtm":{"chainKey":{"counter":0,"key":"Z2tSnf4M3JvUINb6FyALtgbNdBaBc03veh+wdHbpfdA="},"chainType":1,"messageKeys":{}}},"pendingPreKey":{"signedKeyId":3,"baseKey":"BY4nowUcQ33cHgx+pKDXbiTajozr5GQeHFahy+BMU8AY","preKeyId":7555569}}},"version":"v1"}