{"_sessions":{"BUIHBbpk0cX+01EF8u2azMOLlpM7tMh25ov51riZ5/MC":{"registrationId":695686893,"currentRatchet":{"ephemeralKeyPair":{"pubKey":"BYP/9PLPa9/MfmgLzwxhIICH9sMChsXjyOT1BUTPAdpH","privKey":"ULmrx86i+QyKIMpcscZUdvKPAM7wn+b3/rIdmcFlN3U="},"lastRemoteEphemeralKey":"BXNuVsxsGLpOfI1yDcOZrcQqaXhcRCEqUDueugqRDowD","previousCounter":0,"rootKey":"RS4Xs0Ywit0GOWa9A+hIc91It5CIokcAY5uwL6VNG4c="},"indexInfo":{"baseKey":"BUIHBbpk0cX+01EF8u2azMOLlpM7tMh25ov51riZ5/MC","baseKeyType":1,"closed":-1,"used":1737993014552,"created":1737993014552,"remoteIdentityKey":"Bb5e5QnOJQZbVc6a57n9a+xZcafQbKac6QLnOhoI2jA8"},"_chains":{"BYP/9PLPa9/MfmgLzwxhIICH9sMChsXjyOT1BUTPAdpH":{"chainKey":{"counter":0,"key":"JeC0HXiILVSKLR/gEIr83lOKAMF+ufY0T07x2fqvg1Y="},"chainType":1,"messageKeys":{}}},"pendingPreKey":{"signedKeyId":8,"baseKey":"BUIHBbpk0cX+01EF8u2azMOLlpM7tMh25ov51riZ5/MC","preKeyId":15676711}}},"version":"v1"}