{"_sessions":{"BbJsWxjJGcMQToLDNM33W9pU3QgOSydS8gzBugP98gJ6":{"registrationId":2032176431,"currentRatchet":{"ephemeralKeyPair":{"pubKey":"BYHfewZ8fPuZ+aYxFoNjU2zr8tzg+TtAxgrxSecx+5Un","privKey":"cHBe1wStARkBkDZDT4qtKX31/M6lc4zKTOzUbMRB1XU="},"lastRemoteEphemeralKey":"BVaSq+OTJhTggcHQJnh+7EEwFr5tueyYBW6ZkJnICCkt","previousCounter":0,"rootKey":"qMf+VtM0aeIiYHuJgYIhu7jpzbETtWaM0BYd0MiDZWI="},"indexInfo":{"baseKey":"BbJsWxjJGcMQToLDNM33W9pU3QgOSydS8gzBugP98gJ6","baseKeyType":1,"closed":-1,"used":1737993014699,"created":1737993014699,"remoteIdentityKey":"BaFcsM2ynsVjvxdV1TNQ83z+uBTcncdEnBOd6gjeBkEF"},"_chains":{"BYHfewZ8fPuZ+aYxFoNjU2zr8tzg+TtAxgrxSecx+5Un":{"chainKey":{"counter":0,"key":"2JDG0pD8lL8WNH++adjPH/V/3dglNC/unHiU2niw3uQ="},"chainType":1,"messageKeys":{}}},"pendingPreKey":{"signedKeyId":0,"baseKey":"BbJsWxjJGcMQToLDNM33W9pU3QgOSydS8gzBugP98gJ6","preKeyId":8216036}}},"version":"v1"}