{"_sessions":{"BQcrvuK3de1m8AOQGWR7GLrsQ0635Ofosj2n8Zu+rWd0":{"registrationId":1807050740,"currentRatchet":{"ephemeralKeyPair":{"pubKey":"BUcTm8buXIrN5C3Q/a33SDO0R1Zy+VV9EcNvLGJSK6s6","privKey":"kJ765kLiMlC59eZ3jc19kBa2MSytmcE5/b1EDjvX6no="},"lastRemoteEphemeralKey":"Ba1B9sIeg05rCbvqtiU7xqrhiW0aOt1J0IDUSizq7hpJ","previousCounter":0,"rootKey":"vVGM3BVILzqSovPKKdFpkikveOgCe+8AxmZSWx5JP4w="},"indexInfo":{"baseKey":"BQcrvuK3de1m8AOQGWR7GLrsQ0635Ofosj2n8Zu+rWd0","baseKeyType":1,"closed":-1,"used":1737993538379,"created":1737993538379,"remoteIdentityKey":"Bc+JguM8IttCne6QcLo3YbrNe2xEGWFXRCBPgdg3FOMb"},"_chains":{"BUcTm8buXIrN5C3Q/a33SDO0R1Zy+VV9EcNvLGJSK6s6":{"chainKey":{"counter":0,"key":"uayJGvLkBUFce6cRNyH/1QhgZzvXIM8gy25N/l52MyQ="},"chainType":1,"messageKeys":{}}},"pendingPreKey":{"signedKeyId":335915,"baseKey":"BQcrvuK3de1m8AOQGWR7GLrsQ0635Ofosj2n8Zu+rWd0","preKeyId":4098}}},"version":"v1"}