{"_sessions":{"BYsgeXhJKxDTq9ydwm6mkvJgFqsUobxcMboA9GWSccQn":{"registrationId":1335537185,"currentRatchet":{"ephemeralKeyPair":{"pubKey":"BbZbw60ASrBD7EabHdbbI82RdqcmJM90WWmHLfLX46x1","privKey":"yIVIzwt5cPKY3frJP/9TIyhxh4JrxYNRlOlYzgO1dFs="},"lastRemoteEphemeralKey":"BRRunPvzk/o2+dRTG496CW0QcUMgeuGMVO2d/S//WN12","previousCounter":0,"rootKey":"nvhqmZdBlXNqCVwcyq9CpCnkLMor5jTj5xHr1HD+ZFc="},"indexInfo":{"baseKey":"BYsgeXhJKxDTq9ydwm6mkvJgFqsUobxcMboA9GWSccQn","baseKeyType":1,"closed":-1,"used":1737992069277,"created":1737992069277,"remoteIdentityKey":"Bd/5f+NAY5+k4dzvUDoqznOESo7Qxda/x5ZuA2WOLJQE"},"_chains":{"BbZbw60ASrBD7EabHdbbI82RdqcmJM90WWmHLfLX46x1":{"chainKey":{"counter":2,"key":"+ndxRF5Iw5nRK7MQA11RmaeCfDcwZLuxM54pbV9olEM="},"chainType":1,"messageKeys":{}}},"pendingPreKey":{"signedKeyId":0,"baseKey":"BYsgeXhJKxDTq9ydwm6mkvJgFqsUobxcMboA9GWSccQn","preKeyId":3120489}}},"version":"v1"}