{"_sessions":{"BdUHp9d8bYq1vljndj00LeVzPbB0VQf2ucciQ37XulYU":{"registrationId":1655927822,"currentRatchet":{"ephemeralKeyPair":{"pubKey":"BeR0V7eFJk4yEsfiwvqpsrlUJv8iaPxFAoJYdCqQaEUQ","privKey":"6NtF6T7LyNp7ol8m8o1Erke5PoGC3BDQ19tMogLtCmw="},"lastRemoteEphemeralKey":"BVLJjtvanf4645kUuZmY27ShSDlcMixc8OROj7yy3BR9","previousCounter":0,"rootKey":"VR0r1uatA92zxfddYiKNbXNRgdo1UfqI0z85sSjcls0="},"indexInfo":{"baseKey":"BdUHp9d8bYq1vljndj00LeVzPbB0VQf2ucciQ37XulYU","baseKeyType":1,"closed":-1,"used":1737993014917,"created":1737993014917,"remoteIdentityKey":"BWoFoVfqVnLqZO1tEmuS64L4mktHXuT5yrwHo5aMAu5/"},"_chains":{"BeR0V7eFJk4yEsfiwvqpsrlUJv8iaPxFAoJYdCqQaEUQ":{"chainKey":{"counter":0,"key":"xzCb7Y2fJ2L2Pspv94e5EtNkhCytcWMzKvqVZyRPG9c="},"chainType":1,"messageKeys":{}}},"pendingPreKey":{"signedKeyId":16,"baseKey":"BdUHp9d8bYq1vljndj00LeVzPbB0VQf2ucciQ37XulYU","preKeyId":11821639}}},"version":"v1"}