{"_sessions":{"BYV8v8qbXfrR8LhCJ5JRzT6akFxCkRssg3uIxVayHKkU":{"registrationId":162607101,"currentRatchet":{"ephemeralKeyPair":{"pubKey":"BS0oRF8yhnmA0KjWNiwOQskdYc6DvHG0jrpk5aeSA2kD","privKey":"wMB82OlY4XGbropkMU7CN0JztrCDpi0s0A26HoSAe2M="},"lastRemoteEphemeralKey":"BUfvsj5NmOIOGiv+VtTqANdN707h/Bn8vbz8IeTuqLJr","previousCounter":0,"rootKey":"zit1sryCe3FlX37XYQhyYZZIDnMYLid8uLT1fHf8ht8="},"indexInfo":{"baseKey":"BYV8v8qbXfrR8LhCJ5JRzT6akFxCkRssg3uIxVayHKkU","baseKeyType":1,"closed":-1,"used":1737994370947,"created":1737994370947,"remoteIdentityKey":"BeX1J2MvKt8nlb7t9587ulMOKv9hMW/2XC12wMEG0PZk"},"_chains":{"BS0oRF8yhnmA0KjWNiwOQskdYc6DvHG0jrpk5aeSA2kD":{"chainKey":{"counter":0,"key":"hLxTCln/nvN0iBqKmsbwOB0Nwlw7O7+qHPSlS4RZHdQ="},"chainType":1,"messageKeys":{}}},"pendingPreKey":{"signedKeyId":2,"baseKey":"BYV8v8qbXfrR8LhCJ5JRzT6akFxCkRssg3uIxVayHKkU","preKeyId":341875}}},"version":"v1"}