{"_sessions":{"BR5yLPJMVSRpNAsJY5KqMJx0UyrMIs8Mqi/vcdPCpIkJ":{"registrationId":1203702994,"currentRatchet":{"ephemeralKeyPair":{"pubKey":"BUKO5dl6K1RTU7rz3NVMA96/kIU4rzrk0yXIjn6OqZI2","privKey":"APs9sjaC1YnvuA4cJoVmhU+IdMaeI+2UEQUG2AmuIkE="},"lastRemoteEphemeralKey":"BevZOkRwmQsLehBPnWnyZ9nO8heg3fMCk0Ujd7VC4xZt","previousCounter":0,"rootKey":"ZCHn9nQ9rCBm7HWvRSFigdDsvvDwA3klSITBKr8vdxg="},"indexInfo":{"baseKey":"BR5yLPJMVSRpNAsJY5KqMJx0UyrMIs8Mqi/vcdPCpIkJ","baseKeyType":2,"closed":-1,"used":1737995485537,"created":1737995485537,"remoteIdentityKey":"BSNK8AqqvYGWQkVdeD+cbDbIrRZzo3DkAV1QmmsrxBZZ"},"_chains":{"BevZOkRwmQsLehBPnWnyZ9nO8heg3fMCk0Ujd7VC4xZt":{"chainKey":{"counter":0,"key":"2STOhU+op+ZeZ1hmTZT0yFYl1I/3AsrxocVPrO0UDZ8="},"chainType":2,"messageKeys":{}},"BUKO5dl6K1RTU7rz3NVMA96/kIU4rzrk0yXIjn6OqZI2":{"chainKey":{"counter":-1,"key":"h0zTUlEjjct6Myq1SPraXlP+wt4B+gkUg8GtTJMBET4="},"chainType":1,"messageKeys":{}}}}},"version":"v1"}