{"_sessions":{"BU0JscqGl5qQUNVh5BpAW9SoHVkeChF3mj9NuykiKmsg":{"registrationId":65958468,"currentRatchet":{"ephemeralKeyPair":{"pubKey":"BdjG4vfSSufoUp0HUkvYgPA2B0FrW895ug13AzPbkBUU","privKey":"ICvOOn8n6MqOCjDWiNw1S4cs+yS7BYfDi4fV2xRL1V0="},"lastRemoteEphemeralKey":"BXg0MHbaFYxOgA1l8Un4RVGIi4kR2MxUGEdYxCAJ5vMc","previousCounter":0,"rootKey":"DY7PzXk2YzDC02WgK4jQhObpcGcSNqOf9GnGc+4n8eU="},"indexInfo":{"baseKey":"BU0JscqGl5qQUNVh5BpAW9SoHVkeChF3mj9NuykiKmsg","baseKeyType":1,"closed":-1,"used":1737993014589,"created":1737993014589,"remoteIdentityKey":"BbY1TFZ6hdMHEA+bzHbZAqn56//jxD/3PL1hLhCmgAI8"},"_chains":{"BdjG4vfSSufoUp0HUkvYgPA2B0FrW895ug13AzPbkBUU":{"chainKey":{"counter":0,"key":"SBgO/zG9g5uqDo/yjtinxAr6EisFQ4hHCvJcx4UkTGY="},"chainType":1,"messageKeys":{}}},"pendingPreKey":{"signedKeyId":2,"baseKey":"BU0JscqGl5qQUNVh5BpAW9SoHVkeChF3mj9NuykiKmsg","preKeyId":869779}}},"version":"v1"}