{"_sessions":{"Bd7Fh9DcxEPMA5Ef7EEFa4HAycZnXqthZSt9+ETLPDtV":{"registrationId":955995912,"currentRatchet":{"ephemeralKeyPair":{"pubKey":"BbZG7+2fERXAYAkAAhj+SB/6gAlNKEc/PIfVIKa/Z8oD","privKey":"yLW+gaQ+sjIwwn5i3lGTmDBQLNeXhKz83JjBq+K9QnY="},"lastRemoteEphemeralKey":"BfP+OAiCkCjCmYXnYUqyimuWdYn8qQcBFLYgoyLICIRD","previousCounter":0,"rootKey":"pQbe9dlpgBl2uSa2vG9hDBLFomgmVFUfj/EyEFqDCXs="},"indexInfo":{"baseKey":"Bd7Fh9DcxEPMA5Ef7EEFa4HAycZnXqthZSt9+ETLPDtV","baseKeyType":1,"closed":-1,"used":1737993014263,"created":1737993014263,"remoteIdentityKey":"Bedws8pgVGiSzLJpPWgAc73HZB905XMzRqv7WGypKosx"},"_chains":{"BbZG7+2fERXAYAkAAhj+SB/6gAlNKEc/PIfVIKa/Z8oD":{"chainKey":{"counter":0,"key":"25sSLyEmnKJ/93M80jW+HUu1W81rFQjV2QoPaNY+r+c="},"chainType":1,"messageKeys":{}}},"pendingPreKey":{"signedKeyId":1,"baseKey":"Bd7Fh9DcxEPMA5Ef7EEFa4HAycZnXqthZSt9+ETLPDtV"}}},"version":"v1"}