{"_sessions":{"BcvlejHPBxeLF9IUjQL8M5VKWvf+r2PcHLKM3m4t+XUi":{"registrationId":1690744357,"currentRatchet":{"ephemeralKeyPair":{"pubKey":"BbuYLE8wK5154IPh7VtMsp3HxICPMqHeTVZaCNOLYv4L","privKey":"WCCjHF8evhKbtyXs1ZJtlCSbrJvm0Dn3LFEnRwe9KGA="},"lastRemoteEphemeralKey":"BYjfClHmO4IvZfkKWCHEPTrOGnUMQ7NmpNpWU+hpEesZ","previousCounter":0,"rootKey":"KQ5JiRneilXZH61jXOHd8hAWAPl45bff23Z6GvkwvqM="},"indexInfo":{"baseKey":"BcvlejHPBxeLF9IUjQL8M5VKWvf+r2PcHLKM3m4t+XUi","baseKeyType":1,"closed":-1,"used":1737993014280,"created":1737993014280,"remoteIdentityKey":"BTw3BCxuTZLlwLTj5LV63DffzRPAJYHirSMVU6lntONp"},"_chains":{"BbuYLE8wK5154IPh7VtMsp3HxICPMqHeTVZaCNOLYv4L":{"chainKey":{"counter":0,"key":"UfNhF622TLnwj/8wNUAyTh4msfgjmMVy0eLhjmG+GZ0="},"chainType":1,"messageKeys":{}}},"pendingPreKey":{"signedKeyId":2,"baseKey":"BcvlejHPBxeLF9IUjQL8M5VKWvf+r2PcHLKM3m4t+XUi"}}},"version":"v1"}