{"_sessions":{"BVhNB5EQdr3S1Ta9mvWFEgTZZID0Ad53duVTso9IbBIq":{"registrationId":1251661305,"currentRatchet":{"ephemeralKeyPair":{"pubKey":"BdQ2QAOdIV4HKOfk65GFRTanmvmrUFOn5THuFzOYYrEv","privKey":"+An6c5oJMPPkEcQPjgLoWuvKHD9oOwbgDoemyOsKXWs="},"lastRemoteEphemeralKey":"BfnQ41kFd1ouU5RIHYWIJypykqESxM14FVWXulrbpD1z","previousCounter":0,"rootKey":"otCTAZPjZw8sFJTHdbaMudctzQcdxUwO3Sak/Vx0+qg="},"indexInfo":{"baseKey":"BVhNB5EQdr3S1Ta9mvWFEgTZZID0Ad53duVTso9IbBIq","baseKeyType":1,"closed":-1,"used":1737994371065,"created":1737994371065,"remoteIdentityKey":"Bf2KFMfML3JzaktC1a18IzInU89tfzJPXjbhzcuuStYW"},"_chains":{"BdQ2QAOdIV4HKOfk65GFRTanmvmrUFOn5THuFzOYYrEv":{"chainKey":{"counter":0,"key":"Gkn24ypDIzhfQ+uuBNQZ61djD68WRx8RgjIcUdAhyeg="},"chainType":1,"messageKeys":{}}},"pendingPreKey":{"signedKeyId":0,"baseKey":"BVhNB5EQdr3S1Ta9mvWFEgTZZID0Ad53duVTso9IbBIq"}}},"version":"v1"}