{"_sessions":{"BZeA8QuKCJZkTovrhCKEQq4aFpS1b7BBvuWxzoIJY1Vv":{"registrationId":1790467918,"currentRatchet":{"ephemeralKeyPair":{"pubKey":"BarY3rXoLevdjE8VFVSYTTuG3kFf998CtaYXOx7EIpc8","privKey":"uMCxUycp8I4I9cX3CT2S1jclb9qjvpsmPVpqx/FV4Uo="},"lastRemoteEphemeralKey":"BX7XO5pZgK0A8Bit4TKck+SLzszO69oZvoMI9EHtL5ZD","previousCounter":0,"rootKey":"P+pLdxTMI2cW63cVES43+Ek/dX8rX/iTWq6pGYnSL3o="},"indexInfo":{"baseKey":"BZeA8QuKCJZkTovrhCKEQq4aFpS1b7BBvuWxzoIJY1Vv","baseKeyType":1,"closed":-1,"used":1737993014622,"created":1737993014622,"remoteIdentityKey":"BXlcOf+SWs/v7kUR8N1GEJiSJaVuD5L2X8bHfEqsr7BX"},"_chains":{"BarY3rXoLevdjE8VFVSYTTuG3kFf998CtaYXOx7EIpc8":{"chainKey":{"counter":0,"key":"D/7tpOT8lDtcNq9ptgU/cvpu/+AYniEHL+rlLa3buyE="},"chainType":1,"messageKeys":{}}},"pendingPreKey":{"signedKeyId":0,"baseKey":"BZeA8QuKCJZkTovrhCKEQq4aFpS1b7BBvuWxzoIJY1Vv","preKeyId":3849667}}},"version":"v1"}