{"_sessions":{"Bdgq5vA791gM0kFYaHM558VTNmOhEiNt2GWSsyEQckQK":{"registrationId":822238530,"currentRatchet":{"ephemeralKeyPair":{"pubKey":"BbBc+C3jB8H/mbeONCt6FUDL4hJ0kMSJwn/SjGZ8i8kO","privKey":"CKIkxnAR9z4VAK5RSLRPnfY04VJdN0v7per1DOsSU3w="},"lastRemoteEphemeralKey":"Ba/t6c+bwUKFjyccaw2wdpuRiFqYT2awl23085H+RKNK","previousCounter":0,"rootKey":"pNVzqmk0BFmdbCL2hkTjOzURn6NI3WtXr16HWJGYT/w="},"indexInfo":{"baseKey":"Bdgq5vA791gM0kFYaHM558VTNmOhEiNt2GWSsyEQckQK","baseKeyType":1,"closed":-1,"used":1737993014729,"created":1737993014729,"remoteIdentityKey":"BY8GmjHw9wS+33Oa8h707yVYjBOZl3/i41GtV+yg6Nxe"},"_chains":{"BbBc+C3jB8H/mbeONCt6FUDL4hJ0kMSJwn/SjGZ8i8kO":{"chainKey":{"counter":0,"key":"p8mH8U++sDmWemvxp68LfIkWVhpNRkojo6XAennQBHQ="},"chainType":1,"messageKeys":{}}},"pendingPreKey":{"signedKeyId":4,"baseKey":"Bdgq5vA791gM0kFYaHM558VTNmOhEiNt2GWSsyEQckQK","preKeyId":2021323}}},"version":"v1"}