{"_sessions":{"BeaJoKYodCOCpfot8pCne9zlsZdY45/1bMyEjsXv1xYU":{"registrationId":1100968195,"currentRatchet":{"ephemeralKeyPair":{"pubKey":"BRCeZQqAxGvJEL35t+8MapltqqKwF6bvvd8mqik4K4xj","privKey":"2Jy609qvivT2y2rnMXmVlR9G2qWI08paFWknLIb5IXw="},"lastRemoteEphemeralKey":"BVshXuVueXz+tXAfzXG+iy6xF+SJ4zEH2xV1du9+wyJf","previousCounter":0,"rootKey":"iPQiSWdTg1WQdzktucboU5Rx5hdZs7JrwjE1iDX/z18="},"indexInfo":{"baseKey":"BeaJoKYodCOCpfot8pCne9zlsZdY45/1bMyEjsXv1xYU","baseKeyType":1,"closed":-1,"used":1737993014607,"created":1737993014607,"remoteIdentityKey":"BaIRXwXmkO4p4YyRnWu9bRj1BObBPHWN6+eIgQrElAxP"},"_chains":{"BRCeZQqAxGvJEL35t+8MapltqqKwF6bvvd8mqik4K4xj":{"chainKey":{"counter":0,"key":"u0lTAGiFTRuDAqKtl/gmwsNLntlFZ8WUKcOVfdiam9o="},"chainType":1,"messageKeys":{}}},"pendingPreKey":{"signedKeyId":1,"baseKey":"BeaJoKYodCOCpfot8pCne9zlsZdY45/1bMyEjsXv1xYU","preKeyId":11728719}}},"version":"v1"}