{"_sessions":{"BVnuz6rXnEJfWVGbEbihShLM7dfZWlhAGgSyOU7409F1":{"registrationId":1615291887,"currentRatchet":{"ephemeralKeyPair":{"pubKey":"BYRXb+CATPD4QlSt/Rcg6fIbBAeomqRlp1jpQsPeyRA2","privKey":"KAw/uuv9xIEzUyL20pVAUD18huWUfUVYJ4s4RqQl4FE="},"lastRemoteEphemeralKey":"Behvu41IVgOXx10FitHQ4+vLDBzZT7Yxs3Suxn5+H7Ji","previousCounter":0,"rootKey":"XT2QfUiFed75me9hCy8BTjLaQpQ/RZB37T681swMKXY="},"indexInfo":{"baseKey":"BVnuz6rXnEJfWVGbEbihShLM7dfZWlhAGgSyOU7409F1","baseKeyType":1,"closed":-1,"used":1737993014803,"created":1737993014803,"remoteIdentityKey":"BfESfNNRsoe2z8eIblyNA2+Ha9LZpHK8cYzvotMrF20I"},"_chains":{"BYRXb+CATPD4QlSt/Rcg6fIbBAeomqRlp1jpQsPeyRA2":{"chainKey":{"counter":0,"key":"31NnvI5oz8hzgM2x5hQ56fnRUiMkq3QNqnLSxasZVEs="},"chainType":1,"messageKeys":{}}},"pendingPreKey":{"signedKeyId":2,"baseKey":"BVnuz6rXnEJfWVGbEbihShLM7dfZWlhAGgSyOU7409F1","preKeyId":470279}}},"version":"v1"}