{"_sessions":{"Bd0y3Gea9Z6f95MHB9s7ARjVHBQwE6c3JjOCBphFQYJb":{"registrationId":229039879,"currentRatchet":{"ephemeralKeyPair":{"pubKey":"BbZyE1mAHSTWrSru860sbIqlDRkEX++XeWWswjlJtVcj","privKey":"SOVWMmp6wdieRtO2WNz6IczPuCv2MVl03E5mIbOev14="},"lastRemoteEphemeralKey":"Bfy0tAruhiOVj66PE+WepDEYnuK4s192J7dITmwhs7R9","previousCounter":0,"rootKey":"ZyEFFNo455lMwAuj3KJ18WB0omk/VhBPbmo6JvFRpm4="},"indexInfo":{"baseKey":"Bd0y3Gea9Z6f95MHB9s7ARjVHBQwE6c3JjOCBphFQYJb","baseKeyType":1,"closed":-1,"used":1737993014997,"created":1737993014997,"remoteIdentityKey":"BbKyuuktNJzKCL2VaeYGzG6pd8MPjIoBJ5+0oZruy/IJ"},"_chains":{"BbZyE1mAHSTWrSru860sbIqlDRkEX++XeWWswjlJtVcj":{"chainKey":{"counter":0,"key":"pmSc5pxZ7JTjBJy3YLf9J8ojRoFtaWD6i0vOsG0A0Qs="},"chainType":1,"messageKeys":{}}},"pendingPreKey":{"signedKeyId":6,"baseKey":"Bd0y3Gea9Z6f95MHB9s7ARjVHBQwE6c3JjOCBphFQYJb","preKeyId":15636629}}},"version":"v1"}