{"_sessions":{"BfRrRwKVYsVh3TWTKGCc1Lgy6Kiph4j8Id9F2vpvtZ1p":{"registrationId":760284349,"currentRatchet":{"ephemeralKeyPair":{"pubKey":"BSkZSC8Nvz8gG2MrYYlN8dg2tki5scMBtG3Rku+2JqQv","privKey":"0DoJFrO6xE3dodNVm6OY7uL+nJK0ER6izRBNRFq3R3Y="},"lastRemoteEphemeralKey":"BdkYwaFgWibZIo7cBCjwzCnzpe2EwvNWRNG0LB3QdXIz","previousCounter":0,"rootKey":"0Ww/gb1iZBH6xLIm9eKioQBBs05NSbLMkxoM8Lj4JbA="},"indexInfo":{"baseKey":"BfRrRwKVYsVh3TWTKGCc1Lgy6Kiph4j8Id9F2vpvtZ1p","baseKeyType":1,"closed":-1,"used":1737993015027,"created":1737993015027,"remoteIdentityKey":"BWdQp+UUUN9aJ7Dh+GcKUrBXsgYZ+Ip6UzgnLeeEeZpv"},"_chains":{"BSkZSC8Nvz8gG2MrYYlN8dg2tki5scMBtG3Rku+2JqQv":{"chainKey":{"counter":1,"key":"l8Gj3I5u2mfgUMk/lxP4GJQ8FfpcrZde335hCwat9Hg="},"chainType":1,"messageKeys":{}}},"pendingPreKey":{"signedKeyId":1,"baseKey":"BfRrRwKVYsVh3TWTKGCc1Lgy6Kiph4j8Id9F2vpvtZ1p","preKeyId":4743625}}},"version":"v1"}