{"_sessions":{"BSSU4Nqc/5OHlyXgYnVM7VKop3SOI/7LxczyeKhpA5UZ":{"registrationId":247616503,"currentRatchet":{"ephemeralKeyPair":{"pubKey":"BbB2KBWy0Fv/hYInJ+yUr6SrYUbWZTF375GhC5iGVGZZ","privKey":"8DIOdAAw7+ZblrP6lLm9Yv6oANZs1osmxov68tjuL3M="},"lastRemoteEphemeralKey":"BYJIxviU8+cofaIyeX+jwVCpt2wzIsdXjbfVoZ660U89","previousCounter":0,"rootKey":"Yw3TfsEIyB4HV/LsvMcfU6GvSyZgy3IYuw9031uasKs="},"indexInfo":{"baseKey":"BSSU4Nqc/5OHlyXgYnVM7VKop3SOI/7LxczyeKhpA5UZ","baseKeyType":1,"closed":-1,"used":1737993014799,"created":1737993014799,"remoteIdentityKey":"BR2ptdJCPrwVIO/g5qNuuLc4xlWcxRSbqZj46M+LO6pD"},"_chains":{"BbB2KBWy0Fv/hYInJ+yUr6SrYUbWZTF375GhC5iGVGZZ":{"chainKey":{"counter":0,"key":"7eQ2bu/XP3HYf4tRxWF7U+OVQsGGJ+4Zd2+MXyKQtXE="},"chainType":1,"messageKeys":{}}},"pendingPreKey":{"signedKeyId":11222829,"baseKey":"BSSU4Nqc/5OHlyXgYnVM7VKop3SOI/7LxczyeKhpA5UZ","preKeyId":8195}}},"version":"v1"}