{"_sessions":{"BepPHJD7vhiTsa9PayWJKxDTujbw16xlQHktiMLeIGIP":{"registrationId":1951826782,"currentRatchet":{"ephemeralKeyPair":{"pubKey":"BaVwvzl6PPMDqvbxZuSibiYLkfrLGq0xUiwRh/sg531s","privKey":"iMl1weIIW6D1hg8l/yvYZbTobUtkKKdvTifokh9esVw="},"lastRemoteEphemeralKey":"BYBgKqwSBvdMaY4dDGc7PXT6Wsg/uQWbCCf7SX0v8+Ud","previousCounter":0,"rootKey":"FXjuo2ZfgKgKEQU+x/z53kXZRD+J2R2bOHxErJOF/dE="},"indexInfo":{"baseKey":"BepPHJD7vhiTsa9PayWJKxDTujbw16xlQHktiMLeIGIP","baseKeyType":1,"closed":-1,"used":1737993014467,"created":1737993014467,"remoteIdentityKey":"Ba/1WYF8SJ1y2VwfQK3zKaneslBoPvaxZX7HydA3I8IU"},"_chains":{"BaVwvzl6PPMDqvbxZuSibiYLkfrLGq0xUiwRh/sg531s":{"chainKey":{"counter":0,"key":"yZMsbELfIqOh6O0/qEHVSkGZKTu13arJ7+Vnyf+ef2E="},"chainType":1,"messageKeys":{}}},"pendingPreKey":{"signedKeyId":3,"baseKey":"BepPHJD7vhiTsa9PayWJKxDTujbw16xlQHktiMLeIGIP","preKeyId":10990351}}},"version":"v1"}