{"_sessions":{"BVldJPTx0vzrU0LiDFy+/rADgbFKvj23YRSjD7kfrKcP":{"registrationId":39639943,"currentRatchet":{"ephemeralKeyPair":{"pubKey":"BWo1y/riyGdsKKwsjQsBd2s36a+QzP0sRPxQRhwK2K99","privKey":"SONJupnmwzHt8gyQuh3uSKpVsEL9BtY6P9rXj6tIClI="},"lastRemoteEphemeralKey":"BYzpQJ3jC+3PCzjhajyGy8fAPVcehkBZ1YCW8YiLVkJx","previousCounter":0,"rootKey":"ifmBfoDB+OZdAOdqC8o9ITSgYOv2PtNLBsIyht32JTo="},"indexInfo":{"baseKey":"BVldJPTx0vzrU0LiDFy+/rADgbFKvj23YRSjD7kfrKcP","baseKeyType":1,"closed":-1,"used":1737993015031,"created":1737993015031,"remoteIdentityKey":"BVGWLVvede0qkoND49It87iRpc4JckEc0FQq5enYjWha"},"_chains":{"BWo1y/riyGdsKKwsjQsBd2s36a+QzP0sRPxQRhwK2K99":{"chainKey":{"counter":0,"key":"hs/4SpwEJqht+BmoL9Vn0zhBgjMMu+G3qAPEDROvhDw="},"chainType":1,"messageKeys":{}}},"pendingPreKey":{"signedKeyId":0,"baseKey":"BVldJPTx0vzrU0LiDFy+/rADgbFKvj23YRSjD7kfrKcP"}}},"version":"v1"}