{"_sessions":{"BQK/9EDSb0k/XBqwbsnAGds0o6Niy+wTfasdvt/FRlBy":{"registrationId":562319182,"currentRatchet":{"ephemeralKeyPair":{"pubKey":"BVKby7uEGdjJli4U/7PT+vYYyhE/nCW+KBKsfTRuQLlk","privKey":"SJEx+IVunQCGGm651LY6iZBaekoMY3moygztEffgaVU="},"lastRemoteEphemeralKey":"BeAlKL8nZgDVQTU/Cw7SetUzIN6eHr3l/AtAHPKvw84X","previousCounter":0,"rootKey":"OAkbgQ6qE1FJD7GWkXSzTQiR816sTNKGxRW904M9qQ0="},"indexInfo":{"baseKey":"BQK/9EDSb0k/XBqwbsnAGds0o6Niy+wTfasdvt/FRlBy","baseKeyType":2,"closed":-1,"used":1737997100542,"created":1737997100542,"remoteIdentityKey":"BUox7iyr0Nf9vDjxwEjEc0VkFT7F8d3Gyhpkc16YdbAy"},"_chains":{"BeAlKL8nZgDVQTU/Cw7SetUzIN6eHr3l/AtAHPKvw84X":{"chainKey":{"counter":0,"key":"KmsnbbZiFlcW3BVHv0svWHsUPOgrsDvsuqXEAYXWt0o="},"chainType":2,"messageKeys":{}},"BVKby7uEGdjJli4U/7PT+vYYyhE/nCW+KBKsfTRuQLlk":{"chainKey":{"counter":-1,"key":"XYwBOPCFUENzStBT0EIeBpsHs6sgHmPRMLvOugLKJ48="},"chainType":1,"messageKeys":{}}}}},"version":"v1"}