{"_sessions":{"BZCxtf/OliYo4H1UBpELABJjnxa2u+vnsQ4hQo6efIgg":{"registrationId":828463985,"currentRatchet":{"ephemeralKeyPair":{"pubKey":"BUNRXqEjMq8kJ0gWQ5cId+FSmAOXJ0u8FhaNwt74EMtA","privKey":"cKbiHbP+RKgN16ANP9oUp6yf/kF3KZ6IJ/rYcFDqMHY="},"lastRemoteEphemeralKey":"BVTdEKLElnzDi8cgFH0wQt8WGoi3dA4zhfbSlPx3UQ5C","previousCounter":0,"rootKey":"z1p8zSW5yyoGvqpQANh4ZJFccee6TRo307meKbUKaTQ="},"indexInfo":{"baseKey":"BZCxtf/OliYo4H1UBpELABJjnxa2u+vnsQ4hQo6efIgg","baseKeyType":1,"closed":-1,"used":1737993481774,"created":1737993481774,"remoteIdentityKey":"BbWeg/fNS9XS+kFd/OzvRn2sUnHboSq7xwNZA96XhbZn"},"_chains":{"BUNRXqEjMq8kJ0gWQ5cId+FSmAOXJ0u8FhaNwt74EMtA":{"chainKey":{"counter":0,"key":"JPjm5AZcdwO75Xqpyy9J57fJhXsssFUrC250/P1N+wY="},"chainType":1,"messageKeys":{}}},"pendingPreKey":{"signedKeyId":2,"baseKey":"BZCxtf/OliYo4H1UBpELABJjnxa2u+vnsQ4hQo6efIgg","preKeyId":12228020}}},"version":"v1"}