{"_sessions":{"BfPJBQoBZKp4FBASENJsjZmdJPBTH6Pf+S7TJ0UyO8dK":{"registrationId":988115281,"currentRatchet":{"ephemeralKeyPair":{"pubKey":"BcrMpjIAo54WiszYDqm1W/ZgyCVCPt8pe58A8ohaGSd4","privKey":"qPjv16DLjvnqqPBl81QZy9BIef9BCP0XsxyfL3Omz3E="},"lastRemoteEphemeralKey":"BTKeBNolFzezAjC8xXnW+KHzGoC0SXAeLsuSaqg+O3ou","previousCounter":0,"rootKey":"2xybSvspp7zCpMjsXVH3gbwBoq9Ifgm33EVbhsoQkJ0="},"indexInfo":{"baseKey":"BfPJBQoBZKp4FBASENJsjZmdJPBTH6Pf+S7TJ0UyO8dK","baseKeyType":1,"closed":-1,"used":1737993481655,"created":1737993481655,"remoteIdentityKey":"BbmS9raz8EZhGOTnsY9eYyvzyLpANQY5JbXXcGXYl/MQ"},"_chains":{"BcrMpjIAo54WiszYDqm1W/ZgyCVCPt8pe58A8ohaGSd4":{"chainKey":{"counter":0,"key":"mIPuqIsAfZVU2bE2KwDZartg0MsYO3yVcmTdIZkHcac="},"chainType":1,"messageKeys":{}}},"pendingPreKey":{"signedKeyId":2,"baseKey":"BfPJBQoBZKp4FBASENJsjZmdJPBTH6Pf+S7TJ0UyO8dK"}}},"version":"v1"}