{"_sessions":{"BcpFYUScePwgsjrMS3lTqsbdos4AH1XVV/RtOPr7Ng8E":{"registrationId":1976832643,"currentRatchet":{"ephemeralKeyPair":{"pubKey":"BfoN0w/5Lm+kPVDGwzSgZZrZq0uWGhVQZwClZ2zIBTAV","privKey":"MGdl9rhW0NDUSUnfT15mazxN69SKEKusge1UN+4QYFE="},"lastRemoteEphemeralKey":"BYdKWVz31oDCDMZ/ZqGCD8/AhoW43fn3hjFr1s1AYY1z","previousCounter":0,"rootKey":"h8om2ls6MMVVwuJ2D6q9W8IOl9QGGI8cZg7uoByK5ps="},"indexInfo":{"baseKey":"BcpFYUScePwgsjrMS3lTqsbdos4AH1XVV/RtOPr7Ng8E","baseKeyType":1,"closed":-1,"used":1737993015110,"created":1737993015110,"remoteIdentityKey":"BXq0O1aSMU4G0KDSbqHf1nRdaSm5+O7d2xMXfXG95rxb"},"_chains":{"BfoN0w/5Lm+kPVDGwzSgZZrZq0uWGhVQZwClZ2zIBTAV":{"chainKey":{"counter":0,"key":"fTDppGc+YCB29RLVlUyYWpgUuoIVPy2aWSRRhF4iuq8="},"chainType":1,"messageKeys":{}}},"pendingPreKey":{"signedKeyId":3,"baseKey":"BcpFYUScePwgsjrMS3lTqsbdos4AH1XVV/RtOPr7Ng8E","preKeyId":4227665}}},"version":"v1"}