{"_sessions":{"BTV1n0tIvhPeHPJkr2F7q2uVmSfs/OcgK/5bN9csDrET":{"registrationId":1860849485,"currentRatchet":{"ephemeralKeyPair":{"pubKey":"Bc+sj1FYax9avGh8eAp/89sjpb0jR9Y9RPO8QCXkH5px","privKey":"GMD0ud2Yy/+UO2pvBObIfsaUWgjEPxFDawFOmAK6MmE="},"lastRemoteEphemeralKey":"BTs2wHnk1cBRnLtfFpoMsYIhs3LTB4jZVsDPKe0ZSCQf","previousCounter":0,"rootKey":"hR3bf/PhA05W5/SvgXOaRfl3vhVfghWNWuWimlChIC0="},"indexInfo":{"baseKey":"BTV1n0tIvhPeHPJkr2F7q2uVmSfs/OcgK/5bN9csDrET","baseKeyType":2,"closed":-1,"used":1737993467872,"created":1737993467872,"remoteIdentityKey":"Bb/8s2IWCY0W4HL4Cc8K+c7iJW3dvOaiTMbRQqFxt355"},"_chains":{"BTs2wHnk1cBRnLtfFpoMsYIhs3LTB4jZVsDPKe0ZSCQf":{"chainKey":{"counter":0,"key":"BXzEmf/PnRatBgmlOd5eAJn6k8dnaAe6mifULZmLmsw="},"chainType":2,"messageKeys":{}},"Bc+sj1FYax9avGh8eAp/89sjpb0jR9Y9RPO8QCXkH5px":{"chainKey":{"counter":-1,"key":"fYLns0/3oNkyDKNY5Mir0tlImG6g/XvrUqO+JsqqNts="},"chainType":1,"messageKeys":{}}}}},"version":"v1"}