{"_sessions":{"BWs94nbEAQezwgtCTsCj41Q3x+NOg4rMQSr+OVbF2H1s":{"registrationId":66393488,"currentRatchet":{"ephemeralKeyPair":{"pubKey":"BTGNrfjt47pEckFJesWLkFUw0r7CBWIJm+bnk96BlvcD","privKey":"8C++aLoImk7+7Q4N8yo+Go/9Uj6E4ZCR8OtHYKbhYFg="},"lastRemoteEphemeralKey":"BY+YWtr/rqQeicynXN57T8rewy4DB7M+VuKLUQ21vNwI","previousCounter":0,"rootKey":"4dMqj7RXSpJcWUseo7uUM60YpE7p8uoYKRrosZgmPsg="},"indexInfo":{"baseKey":"BWs94nbEAQezwgtCTsCj41Q3x+NOg4rMQSr+OVbF2H1s","baseKeyType":1,"closed":-1,"used":1737994371032,"created":1737994371032,"remoteIdentityKey":"BfJUCiWYeRs9m6monI1Ky3HNAmaAasr9S6tGjMvpGqh9"},"_chains":{"BTGNrfjt47pEckFJesWLkFUw0r7CBWIJm+bnk96BlvcD":{"chainKey":{"counter":0,"key":"v4WTaPw3xrQ3Cdh9KTBRfggodzAVFCGm+pXDcY78H7c="},"chainType":1,"messageKeys":{}}},"pendingPreKey":{"signedKeyId":0,"baseKey":"BWs94nbEAQezwgtCTsCj41Q3x+NOg4rMQSr+OVbF2H1s","preKeyId":12746204}}},"version":"v1"}