{"_sessions":{"BaFcGPoeAImHV2fUAE6+27sLVlpBMARUCaEX27ZYcYYN":{"registrationId":1370354480,"currentRatchet":{"ephemeralKeyPair":{"pubKey":"BdhcDuHujJHLu+NTzYqgpUq2nPreYtJnWcSxQlIwbR8S","privKey":"8DEpgf2fTa4hh0Tu9jUNF+IP2YKU4z4PZV6M7wdXl10="},"lastRemoteEphemeralKey":"BT2Ob2sdHcfsLnEj/MER4BQQmIRlWqnSJWJOCFNdCeA6","previousCounter":0,"rootKey":"ROEYnEAbF9X1G6jrtI4Hlreyt8BCPiaSiFZtDlWIJbI="},"indexInfo":{"baseKey":"BaFcGPoeAImHV2fUAE6+27sLVlpBMARUCaEX27ZYcYYN","baseKeyType":1,"closed":-1,"used":1737994371211,"created":1737994371211,"remoteIdentityKey":"BTiWeGPotn3vxpKuGYqoS+aotttFyIWrW/aU1K72IuQD"},"_chains":{"BdhcDuHujJHLu+NTzYqgpUq2nPreYtJnWcSxQlIwbR8S":{"chainKey":{"counter":0,"key":"h5gVTaZxNsmQVNAni67vGjJrhY5ZYlHz/qLNupY1Gek="},"chainType":1,"messageKeys":{}}},"pendingPreKey":{"signedKeyId":2,"baseKey":"BaFcGPoeAImHV2fUAE6+27sLVlpBMARUCaEX27ZYcYYN","preKeyId":10977116}}},"version":"v1"}