{"_sessions":{"BWYkiCbuv/hWm3kM4z8PMY+GnSkDSFd16q5pSbNv/7Ia":{"registrationId":1162654706,"currentRatchet":{"ephemeralKeyPair":{"pubKey":"BeDUOSrmRkS72AEFihRXVMXdlAhSy/9ntv3E8Da+8cAX","privKey":"wGilJ6y3ErCToBMNByOi/b3UyiGsOWsKUyodt6VSsmQ="},"lastRemoteEphemeralKey":"BbR7OOhG3kc2CFdsB9D1VuRZJFua/KkK+aLgwv/HgmVH","previousCounter":0,"rootKey":"vS6qApLglGbKQ6mahRB73l9o9nF4u2o1qC8Eor0upUY="},"indexInfo":{"baseKey":"BWYkiCbuv/hWm3kM4z8PMY+GnSkDSFd16q5pSbNv/7Ia","baseKeyType":2,"closed":-1,"used":1737994636245,"created":1737994636245,"remoteIdentityKey":"BWgM1SDwaCl9AhvfSutOVCkXCUY/DdtOMgy1ArlbK3w+"},"_chains":{"BbR7OOhG3kc2CFdsB9D1VuRZJFua/KkK+aLgwv/HgmVH":{"chainKey":{"counter":0,"key":"mZzwGTQ159tuluaQNfis8lwggcZZe2ghjazUCYyF9w4="},"chainType":2,"messageKeys":{}},"BeDUOSrmRkS72AEFihRXVMXdlAhSy/9ntv3E8Da+8cAX":{"chainKey":{"counter":-1,"key":"Zvz14xXOhm4dk4wbacT/hfNvciIpMK0OL44pv4jlIZw="},"chainType":1,"messageKeys":{}}}}},"version":"v1"}