{"_sessions":{"BXeJiA5pdSnUWDDZo3jnyrj5mXTIEL9ZkQMAxOMeWwUx":{"registrationId":1530483844,"currentRatchet":{"ephemeralKeyPair":{"pubKey":"Bai1doV3g57ysdLJ5uXsg47zgCdcd3i38ihu/VfkMlBv","privKey":"uHdthO6+O9YfgWBsuvuXSr8Rf7ECq25d/qrcmu004VY="},"lastRemoteEphemeralKey":"BZbW2s4MNcfBF3BpWSYL6IFmD/vT9ZRT/dFTBj7UlFRN","previousCounter":0,"rootKey":"SP7lJ7p3JabPrnxvNR9rDyUiB6OfaaO8tMQhpEscd44="},"indexInfo":{"baseKey":"BXeJiA5pdSnUWDDZo3jnyrj5mXTIEL9ZkQMAxOMeWwUx","baseKeyType":1,"closed":-1,"used":1737994371081,"created":1737994371081,"remoteIdentityKey":"BZ/hifufilFO04Tx4pqYZhofpiPm2X0tnR+wrhzTNuwU"},"_chains":{"Bai1doV3g57ysdLJ5uXsg47zgCdcd3i38ihu/VfkMlBv":{"chainKey":{"counter":1,"key":"gXNuJtFgM4b6Sdc38MljAcaAOEOlxMYpWG3z46R3DGc="},"chainType":1,"messageKeys":{}}},"pendingPreKey":{"signedKeyId":1,"baseKey":"BXeJiA5pdSnUWDDZo3jnyrj5mXTIEL9ZkQMAxOMeWwUx"}}},"version":"v1"}