{"_sessions":{"BTiIPFbY2MCq81d6kwqj9VSNgUcBbbfH5uaKwtDsu6BE":{"registrationId":1080045227,"currentRatchet":{"ephemeralKeyPair":{"pubKey":"BRbuGq+qI/S93t42PIMkRg77VGb2wIbswAQlIU0vGc4o","privKey":"KJGA/h+fe1dCcwkZbWHS4LVOOlGRjb9n7JWt3CmVhGU="},"lastRemoteEphemeralKey":"BVvfKnsZ05bafaG6tsXkHyQOJZUvipWt3m/ekXr3RWRj","previousCounter":0,"rootKey":"CiQL4Np4o2gMQNxdKWRLpxN0/DrdNg9bJWCA0yFGmV8="},"indexInfo":{"baseKey":"BTiIPFbY2MCq81d6kwqj9VSNgUcBbbfH5uaKwtDsu6BE","baseKeyType":1,"closed":-1,"used":1737993135018,"created":1737993135018,"remoteIdentityKey":"BS/c2PQ1KwDv+0AQ/9J2sAOfY8dUxR+uIMGTw7yJxtQO"},"_chains":{"BRbuGq+qI/S93t42PIMkRg77VGb2wIbswAQlIU0vGc4o":{"chainKey":{"counter":1,"key":"V5hjzaxO+NBbzHuCU6uK8UfgkBEDACIMBgFORsAz+LQ="},"chainType":1,"messageKeys":{}}},"pendingPreKey":{"signedKeyId":4,"baseKey":"BTiIPFbY2MCq81d6kwqj9VSNgUcBbbfH5uaKwtDsu6BE","preKeyId":7576480}}},"version":"v1"}