{"_sessions":{"Ba5uSZ6B8fHDfM3fbLAMj0jQaAzyQrws5NIkd/HR4H4D":{"registrationId":1836445673,"currentRatchet":{"ephemeralKeyPair":{"pubKey":"BSI5prBhaIDFrsj899ivAv5QhWdw0Ekzi0qa7CEXKkY6","privKey":"wECsGHmioFmUNGnmTNtVewR+yQRbEFeK40pM18wgLFk="},"lastRemoteEphemeralKey":"BaizekcDzkvSeSh1WNVF1C+hoq9dv1ZI6faikUB2rLMt","previousCounter":0,"rootKey":"5MbxAcWHt8ZxWYgZ1xN2/Gq9YLaRGT9r8nrrwNIhLOs="},"indexInfo":{"baseKey":"Ba5uSZ6B8fHDfM3fbLAMj0jQaAzyQrws5NIkd/HR4H4D","baseKeyType":1,"closed":-1,"used":1737992427907,"created":1737992427907,"remoteIdentityKey":"BbBNzepxrL/SCtuthihecVpa5pQj+rcJ+I6lk0cZNosE"},"_chains":{"BSI5prBhaIDFrsj899ivAv5QhWdw0Ekzi0qa7CEXKkY6":{"chainKey":{"counter":0,"key":"vxEm/L+lX8E7HPZ4/jrmokM25eDK/XjwpIB9G91Ogjo="},"chainType":1,"messageKeys":{}}},"pendingPreKey":{"signedKeyId":8,"baseKey":"Ba5uSZ6B8fHDfM3fbLAMj0jQaAzyQrws5NIkd/HR4H4D","preKeyId":9000232}}},"version":"v1"}