{"_sessions":{"Be1Bg5nse4/QOym6BeaKGKRVD2LJW9H/DGvzE2DxLJlK":{"registrationId":444935165,"currentRatchet":{"ephemeralKeyPair":{"pubKey":"BT9grnm0SzF/MPmmVHhVuX19rOAjJdhyZGjVbQjuI8VO","privKey":"cBUlwodkl0b/p0eNjx70Xpb3U/LVycQxp0C/SJ+r+E0="},"lastRemoteEphemeralKey":"BS5dk13zw/TM8QEFVYq0W5F32tbWHaAcZWRcHNdKRXkU","previousCounter":0,"rootKey":"i+rgfiQy5CL5nRersiaaiqohQz1PCklQkrMHNNZkqE4="},"indexInfo":{"baseKey":"Be1Bg5nse4/QOym6BeaKGKRVD2LJW9H/DGvzE2DxLJlK","baseKeyType":1,"closed":-1,"used":1737993014462,"created":1737993014462,"remoteIdentityKey":"BbK0sBpOKQHk793JkrSeiVhKt+fiqql3ezKxr/+chy4J"},"_chains":{"BT9grnm0SzF/MPmmVHhVuX19rOAjJdhyZGjVbQjuI8VO":{"chainKey":{"counter":0,"key":"W+0Y1OvuA3cHuxY3tJxqHcfygiup8Tu+p8uaBN2QnZ4="},"chainType":1,"messageKeys":{}}},"pendingPreKey":{"signedKeyId":1,"baseKey":"Be1Bg5nse4/QOym6BeaKGKRVD2LJW9H/DGvzE2DxLJlK","preKeyId":7753406}}},"version":"v1"}