{"_sessions":{"BV6SbTLBJdFuEAg1tmMIdQR0QcIzFnyPzrbPOKU4GsZI":{"registrationId":1284664095,"currentRatchet":{"ephemeralKeyPair":{"pubKey":"BQJZmCZttfj+Pz3EVBB/jpSfXOvEOUIsLes0INogAe5k","privKey":"ALEukUY+rpw6sfLXc9e6HCsNUiFrz1RYCJS1arPcbmg="},"lastRemoteEphemeralKey":"BZT/Pzd1VnEcYIoANjlYwY7VYCaNBEPjKA+4pF2TBaA7","previousCounter":0,"rootKey":"P91Lrt/V+LWc+36jV4FUl/GhRmgBgQWQPD+z2A+KvCE="},"indexInfo":{"baseKey":"BV6SbTLBJdFuEAg1tmMIdQR0QcIzFnyPzrbPOKU4GsZI","baseKeyType":1,"closed":-1,"used":1737993014578,"created":1737993014578,"remoteIdentityKey":"BUy8bMUiM/8BBG/QF/mesZo4K9FYgyg0fqHu68pTwwYT"},"_chains":{"BQJZmCZttfj+Pz3EVBB/jpSfXOvEOUIsLes0INogAe5k":{"chainKey":{"counter":0,"key":"qz8G3WToHjhDSwuiZAoZ0LgzbJJMv9vidqlICQ/hoOI="},"chainType":1,"messageKeys":{}}},"pendingPreKey":{"signedKeyId":5,"baseKey":"BV6SbTLBJdFuEAg1tmMIdQR0QcIzFnyPzrbPOKU4GsZI","preKeyId":2196454}}},"version":"v1"}