{"_sessions":{"BZB4ZpuC+EL++g+Yz5mXvluF0bFZS8GaTgACuUoEJsMO":{"registrationId":552825141,"currentRatchet":{"ephemeralKeyPair":{"pubKey":"BcABP6LgQe3vHOm5G7btWjNXTpj/O2j3gFtotinROZRp","privKey":"wA5oRSPim3BwkFl4NibGZUr1wgNDi5OAAuCxXPMsTkw="},"lastRemoteEphemeralKey":"BUcEmyQvM5+cBOSvTKzm7sgYdo8otQreB1sajoKmCYIK","previousCounter":0,"rootKey":"lKe29pdurNI7io151886Ritn5QIEMcvzttOZMK6NzAg="},"indexInfo":{"baseKey":"BZB4ZpuC+EL++g+Yz5mXvluF0bFZS8GaTgACuUoEJsMO","baseKeyType":1,"closed":-1,"used":1737993015122,"created":1737993015122,"remoteIdentityKey":"BT+5XZf/6e8XI6TbU2FGeBu4slD9tIrWWQY5D2ZICZNL"},"_chains":{"BcABP6LgQe3vHOm5G7btWjNXTpj/O2j3gFtotinROZRp":{"chainKey":{"counter":0,"key":"Z7snCqdjt3k0LPg6YcUihHOi2IKLqtDRQiCh9g8vDaU="},"chainType":1,"messageKeys":{}}},"pendingPreKey":{"signedKeyId":7,"baseKey":"BZB4ZpuC+EL++g+Yz5mXvluF0bFZS8GaTgACuUoEJsMO","preKeyId":13124865}}},"version":"v1"}