{"_sessions":{"BRxRlj9+1woFi4U+SIDQ98mTd06dJ2rqDm8I5tYtFYcR":{"registrationId":2106525550,"currentRatchet":{"ephemeralKeyPair":{"pubKey":"BRj9IPLIjzlxltBwe/3zzhNc0kmKpbQNFrdy6q9xE+wl","privKey":"mJCe/xboJTQMMWIViuHu3eHGnsz3vQH5NnHx7e9d5WQ="},"lastRemoteEphemeralKey":"BerEVUU6jVDUY84NsDayUEo3OZRAPRO1B3U8veVENww0","previousCounter":0,"rootKey":"bEW/lIyGlsPMetgep9NmJavYpCL5VgyW4VU3j4aImTs="},"indexInfo":{"baseKey":"BRxRlj9+1woFi4U+SIDQ98mTd06dJ2rqDm8I5tYtFYcR","baseKeyType":2,"closed":-1,"used":1737997279031,"created":1737997279031,"remoteIdentityKey":"BWU9ZUpYq/nACxfyKE25m27y04wlFjKJ9Pz/ghGkzTd5"},"_chains":{"BerEVUU6jVDUY84NsDayUEo3OZRAPRO1B3U8veVENww0":{"chainKey":{"counter":1,"key":"VBdAG6iGno0oLdFNAO91RQr5Gk3leEL+d1UnV+EoPHQ="},"chainType":2,"messageKeys":{}},"BRj9IPLIjzlxltBwe/3zzhNc0kmKpbQNFrdy6q9xE+wl":{"chainKey":{"counter":-1,"key":"gsP2pbKYlqb2ldyOaJXJDZ0NdBxjCbDx3LFRgWLBDWg="},"chainType":1,"messageKeys":{}}}}},"version":"v1"}