{"_sessions":{"BYsAh27SQbmU5NQqWOxY8QSbFqv+fi+/pyEj9WmK3rEP":{"registrationId":255,"currentRatchet":{"ephemeralKeyPair":{"pubKey":"BctKVFpaOJ8eyJGG6lXub7nHqURbXMZLvRnrgBtam0V/","privKey":"mAUsPNqwvCY8oAiKva8fHzchVeQjdWEQa/Vqve9lCUk="},"lastRemoteEphemeralKey":"BSsnARfhFnEXDHEvq1Wzi8DkrOYAwGTeTiKMAImYYLYr","previousCounter":0,"rootKey":"8KoWkRw7xteoj6//2ExulTB1P2jaSWRMcG5VpuPEXAw="},"indexInfo":{"baseKey":"BYsAh27SQbmU5NQqWOxY8QSbFqv+fi+/pyEj9WmK3rEP","baseKeyType":1,"closed":1737994945801,"used":1737993483116,"created":1737992500329,"remoteIdentityKey":"BeVrdIA0/ihbQREeWLq1FoPZQ5OtzYTXbdEUlwLM4g8I"},"_chains":{"BTLFCWZyw9FW0fVeIKmt8KRRbEyLwxiCavNZ3sFKUDBT":{"chainKey":{"counter":0},"chainType":2,"messageKeys":{}},"BSsnARfhFnEXDHEvq1Wzi8DkrOYAwGTeTiKMAImYYLYr":{"chainKey":{"counter":0,"key":"o5cZLL31qJ6bkZTazBphDRoNMapovc8iI5i4eZxDcc8="},"chainType":2,"messageKeys":{}},"BctKVFpaOJ8eyJGG6lXub7nHqURbXMZLvRnrgBtam0V/":{"chainKey":{"counter":-1,"key":"+uAyRNMJiW4UWt8UQXp0kbvJjwwdamhfF50BtcjXo5g="},"chainType":1,"messageKeys":{}}}},"BewBkd8FQfqP9PTfIVVxY7BynRYAhgIUb/KKzL84GlwX":{"registrationId":255,"currentRatchet":{"ephemeralKeyPair":{"pubKey":"BeDE2YwepyMowT7Z9JuWvLyIleGAoEA2eNiqYqEsOIwv","privKey":"oG615xM9x27TyLyVoynAZTgon6ND0qN4dShOFIgJVUc="},"lastRemoteEphemeralKey":"BfH1RzYwnIkUGaQEV1S5sNg9tDxxQpOSuTTQ/25ezC4m","previousCounter":0,"rootKey":"A+qjXL12JrV3LIpaUr0Jz2hvkO6ue0Z+dVaXFhnSGLw="},"indexInfo":{"baseKey":"BewBkd8FQfqP9PTfIVVxY7BynRYAhgIUb/KKzL84GlwX","baseKeyType":2,"closed":-1,"used":1737994945804,"created":1737994945804,"remoteIdentityKey":"BeVrdIA0/ihbQREeWLq1FoPZQ5OtzYTXbdEUlwLM4g8I"},"_chains":{"BfH1RzYwnIkUGaQEV1S5sNg9tDxxQpOSuTTQ/25ezC4m":{"chainKey":{"counter":0,"key":"8Hx5hVBcakW2CTtFOizztO1RTVAxyoQto/ZgjKraNeM="},"chainType":2,"messageKeys":{}},"BeDE2YwepyMowT7Z9JuWvLyIleGAoEA2eNiqYqEsOIwv":{"chainKey":{"counter":-1,"key":"a1+Sc2L9TDd/z2EilJ9YHhlqZDPdIRR0FsDR/IJenfw="},"chainType":1,"messageKeys":{}}}}},"version":"v1"}