{"_sessions":{"BQs85onsYuBJjr35xvYh4pHqRY38k64SQXbh0UwN9Vx5":{"registrationId":1807084914,"currentRatchet":{"ephemeralKeyPair":{"pubKey":"BdHa07YyAhf2HbI3YdlX6550vwKRd98eDM+uoXsJIBwG","privKey":"oKfSzh5qQsG8RmKcikhxDPgD6zT3bQ3kjhVGSKvd218="},"lastRemoteEphemeralKey":"BbMUSN+JEx2nxCYl+Jk05lQysFjDXCKw7ggOwtgGEz5L","previousCounter":0,"rootKey":"yfqS4TjRsEazchcIvQd9O74FJCwLT8iyp1uZc9XzexQ="},"indexInfo":{"baseKey":"BQs85onsYuBJjr35xvYh4pHqRY38k64SQXbh0UwN9Vx5","baseKeyType":1,"closed":-1,"used":1737992069261,"created":1737992069261,"remoteIdentityKey":"BYWk9tP+jnzbd9Mr/h+DWHAm5Uv+o3I3p+rGof3E6XNi"},"_chains":{"BdHa07YyAhf2HbI3YdlX6550vwKRd98eDM+uoXsJIBwG":{"chainKey":{"counter":0,"key":"Jtjv46MMMC0oJrzY+Gj6zDBqA0ltFKHHE244Gh3dUD0="},"chainType":1,"messageKeys":{}}},"pendingPreKey":{"signedKeyId":1,"baseKey":"BQs85onsYuBJjr35xvYh4pHqRY38k64SQXbh0UwN9Vx5","preKeyId":5370235}}},"version":"v1"}