{"_sessions":{"BdfNL3c+UNNQEHh8D0cWzNigu1Frrc4dk3vWF+QyxStj":{"registrationId":1822501503,"currentRatchet":{"ephemeralKeyPair":{"pubKey":"BWh1+BwjZmtr3+XUYsUugdRqjuO2Gv41FOFStAECDI5m","privKey":"yKVunAeDhjbM94tZ+WtB5KJdtdSA8iyDKGiRAv6Gz3o="},"lastRemoteEphemeralKey":"BVFDqd8WydBB6bVs1PJ5nS5kszZTFOVIn6ilZyhnIFpY","previousCounter":0,"rootKey":"15kl7YjxG5BNho8X/jkNkvy9L3McN+99S8/nxA/JyFA="},"indexInfo":{"baseKey":"BdfNL3c+UNNQEHh8D0cWzNigu1Frrc4dk3vWF+QyxStj","baseKeyType":1,"closed":-1,"used":1737993538507,"created":1737993538507,"remoteIdentityKey":"BRzXQnUmxZWAzB/oSLE9k/9m60QsA4RJDLL8cnIyS5Eq"},"_chains":{"BWh1+BwjZmtr3+XUYsUugdRqjuO2Gv41FOFStAECDI5m":{"chainKey":{"counter":0,"key":"QivRxa0XpV1FC2oxceqFzVRoOmVVpvP2L6lOUN8dWRQ="},"chainType":1,"messageKeys":{}}},"pendingPreKey":{"signedKeyId":33,"baseKey":"BdfNL3c+UNNQEHh8D0cWzNigu1Frrc4dk3vWF+QyxStj","preKeyId":12960210}}},"version":"v1"}