{"_sessions":{"BeZVLu4nAg5F5LBhkJx21c3NL/xXaRrqwuS6B7S6KLdJ":{"registrationId":1166374557,"currentRatchet":{"ephemeralKeyPair":{"pubKey":"Bcvr9NTaNOW0lZCyiF3bth738u57NQoFfw+rnWvezf58","privKey":"CDu2vJwlmjID+nhWTT/bY8XD0tD3SeNMjS0ZpqhLiEE="},"lastRemoteEphemeralKey":"BTVC1pmgmHkcNx/2kTiLcsufK1ZzZ/qPtIRjV6in/Hoc","previousCounter":0,"rootKey":"xjBhRxuI3vlLs85RVrmIDcwCcjWKUTZIUqdfqUdEdS4="},"indexInfo":{"baseKey":"BeZVLu4nAg5F5LBhkJx21c3NL/xXaRrqwuS6B7S6KLdJ","baseKeyType":1,"closed":-1,"used":1737993015158,"created":1737993015158,"remoteIdentityKey":"BdUcdSu7txmywTGl8q6IBYUOzgaRnwt3EknjcUQ0IPtB"},"_chains":{"Bcvr9NTaNOW0lZCyiF3bth738u57NQoFfw+rnWvezf58":{"chainKey":{"counter":0,"key":"oIY++hJEtF3iI6ZbIrSPfEreGuGfn1i6208NA00x5Gk="},"chainType":1,"messageKeys":{}}},"pendingPreKey":{"signedKeyId":2,"baseKey":"BeZVLu4nAg5F5LBhkJx21c3NL/xXaRrqwuS6B7S6KLdJ","preKeyId":6020832}}},"version":"v1"}