{"_sessions":{"BUD6WXUDyU6F/dovZCaptR/DrD1HkLeA2JElnrOSHZY4":{"registrationId":502876079,"currentRatchet":{"ephemeralKeyPair":{"pubKey":"BS4hZAy6KfhMiZUO6RQBS97dLxozcCL8F0Lq/RJC8J8/","privKey":"yGirboszsVEcXOCSm6UT+D6pBNaWXCnpKYVH/ss0fFk="},"lastRemoteEphemeralKey":"BeKpCih1gJtEa2+QyoL4uXFe3eMx17kjWjdnMfNgysZk","previousCounter":0,"rootKey":"MfywAqX0EjE1dL6sBVtByYaoes3YoxnPOBRXXbhwDMI="},"indexInfo":{"baseKey":"BUD6WXUDyU6F/dovZCaptR/DrD1HkLeA2JElnrOSHZY4","baseKeyType":1,"closed":-1,"used":1737992069223,"created":1737992069223,"remoteIdentityKey":"BTomKlvWlAKXm1Roeh0jytjiuhrq3PFjlvrlL+mYgtkI"},"_chains":{"BS4hZAy6KfhMiZUO6RQBS97dLxozcCL8F0Lq/RJC8J8/":{"chainKey":{"counter":0,"key":"6AUJ5kqBGpDFGOfDBMuE4tC1DDeYUCUuBMbq3X5dpdg="},"chainType":1,"messageKeys":{}}},"pendingPreKey":{"signedKeyId":3,"baseKey":"BUD6WXUDyU6F/dovZCaptR/DrD1HkLeA2JElnrOSHZY4","preKeyId":4682254}}},"version":"v1"}