{"_sessions":{"BTKdLncc8MdYCGrejsxVe+KuNGzNmoGvkyyCrHoSGOgn":{"registrationId":12254,"currentRatchet":{"ephemeralKeyPair":{"pubKey":"BaIE278S2f/jj/a9XJrXXllky2PEmyxtU4mIGWbA3ZxO","privKey":"KMW37zu7fkikkrpPRPXc09adXmiTbUY1kb7TZGmp9FI="},"lastRemoteEphemeralKey":"Be6vpGBOU3wOtA0TC7y25j2nhXMg48Io1S1yDR+h3UUy","previousCounter":0,"rootKey":"tC8lRdb/BvTsha2TMnFatHU1I7Xnsp/zLnEL3sJeKL0="},"indexInfo":{"baseKey":"BTKdLncc8MdYCGrejsxVe+KuNGzNmoGvkyyCrHoSGOgn","baseKeyType":1,"closed":-1,"used":1737993014313,"created":1737993014313,"remoteIdentityKey":"BbuT7+JrGAgK+2px06S9ClRzMrLG7+XgL7zFaJqp6oJK"},"_chains":{"BaIE278S2f/jj/a9XJrXXllky2PEmyxtU4mIGWbA3ZxO":{"chainKey":{"counter":0,"key":"m2yCplI/vI2dBsaKEwgJEvXFrD8ibdpGHxYAlVKDAyk="},"chainType":1,"messageKeys":{}}},"pendingPreKey":{"signedKeyId":1,"baseKey":"BTKdLncc8MdYCGrejsxVe+KuNGzNmoGvkyyCrHoSGOgn"}}},"version":"v1"}