{"_sessions":{"BemKvpcT4pE+D9bcKzbf78fzybWMBff32OiwfcyxXadV":{"registrationId":1652089735,"currentRatchet":{"ephemeralKeyPair":{"pubKey":"Bb+3pBE0b9BHyhpFqOeHOYmFnPUVG6p3TK2emulsLY8o","privKey":"uM7w9aaVGeZbBy8WgnNyNMvvWJkddCJdGuSeQOUX600="},"lastRemoteEphemeralKey":"BRQ4t7NqNKGIhFkHoqBHRKo0c4H3dVdXIhUB/3D+svp9","previousCounter":0,"rootKey":"kM6eZ5TR21KkEZw/INg08c/qbTK+v7zSItcii7VtM2Q="},"indexInfo":{"baseKey":"BemKvpcT4pE+D9bcKzbf78fzybWMBff32OiwfcyxXadV","baseKeyType":1,"closed":-1,"used":1737993014874,"created":1737993014874,"remoteIdentityKey":"BQXEusUiG/Q9suSoRB8KCWBJgpniNl3dygDjJ/czgxYv"},"_chains":{"Bb+3pBE0b9BHyhpFqOeHOYmFnPUVG6p3TK2emulsLY8o":{"chainKey":{"counter":0,"key":"AtcJBiKZ6tvDE56yV5sznpJer6D25VlSswDUjd3RuGQ="},"chainType":1,"messageKeys":{}}},"pendingPreKey":{"signedKeyId":7,"baseKey":"BemKvpcT4pE+D9bcKzbf78fzybWMBff32OiwfcyxXadV","preKeyId":9338085}}},"version":"v1"}