{"_sessions":{"BSore4wWU9eM1Q5K2Z0XzqXcMJoECHdXvgB+kYmH1W1P":{"registrationId":1247590853,"currentRatchet":{"ephemeralKeyPair":{"pubKey":"BaZemB1AuCepwZ3QTKc9Xj2fFwF3872DCyp6VHwvINNn","privKey":"iC8HxXIVHvGjifqT1z7XtfWbb/IkL4Vsl5AP9NOAr04="},"lastRemoteEphemeralKey":"BaQD6/uppGR0iU/UGiMLRLJXw5IYJy/KVTDfXa9ZPsAy","previousCounter":0,"rootKey":"13lnWvNN81c28f69BwSvCMgdLGJUS04rc5Uh9N1I8UY="},"indexInfo":{"baseKey":"BSore4wWU9eM1Q5K2Z0XzqXcMJoECHdXvgB+kYmH1W1P","baseKeyType":1,"closed":-1,"used":1737993014819,"created":1737993014819,"remoteIdentityKey":"BZQN18Z4TsXvfa05hW6aqqxoKhnh33rsFNxepbVIHxxv"},"_chains":{"BaZemB1AuCepwZ3QTKc9Xj2fFwF3872DCyp6VHwvINNn":{"chainKey":{"counter":0,"key":"HiALFlc1m85mcpgm4DLoVTewCyVSM7jw/WR1jHYsZVA="},"chainType":1,"messageKeys":{}}},"pendingPreKey":{"signedKeyId":1,"baseKey":"BSore4wWU9eM1Q5K2Z0XzqXcMJoECHdXvgB+kYmH1W1P","preKeyId":3029676}}},"version":"v1"}