{"_sessions":{"BR9tcB6VtfhnzQmwEsZYgX6+wOf3UfQGW/WdeNSxfv0D":{"registrationId":1248584268,"currentRatchet":{"ephemeralKeyPair":{"pubKey":"BaWKX0RrVk12fnkN8FPbbYITMLGXHI1Mvyk+vu8N10Qc","privKey":"6MltyPuNoVa2geaJn5ko1EfRLtFAwg7o4n+8sBdnOUU="},"lastRemoteEphemeralKey":"Bb4Zps6m+Dre/m33/gpNRelmfw4xbELMu/NeKcpYxa1+","previousCounter":0,"rootKey":"UWvdY+mRH9Ih0ZHIDuEZga3mZSGkTiFnH29F5pVqrTI="},"indexInfo":{"baseKey":"BR9tcB6VtfhnzQmwEsZYgX6+wOf3UfQGW/WdeNSxfv0D","baseKeyType":1,"closed":-1,"used":1737994371139,"created":1737994371138,"remoteIdentityKey":"BXsLf+zx/7es3ECyz1hIdodEnH4muhWoEZxUvc+RrEAv"},"_chains":{"BaWKX0RrVk12fnkN8FPbbYITMLGXHI1Mvyk+vu8N10Qc":{"chainKey":{"counter":0,"key":"gl5WTH6Y+RQAnnBL0ILQ2EyUCuyC/vMzP655Sf6Xd+8="},"chainType":1,"messageKeys":{}}},"pendingPreKey":{"signedKeyId":11,"baseKey":"BR9tcB6VtfhnzQmwEsZYgX6+wOf3UfQGW/WdeNSxfv0D","preKeyId":10317569}}},"version":"v1"}