{"_sessions":{"BYQAk93l2Mlv0hLZFTQE1GhqQcs36FNTL6pQ05wMwDYF":{"registrationId":349176507,"currentRatchet":{"ephemeralKeyPair":{"pubKey":"BVLuFwBtKFfVLWWpEZARNn1rlMPllyUsLyIY7dPzK3tk","privKey":"AJVmEBdLPhj6W7G0w1gLeKIELaHUX7+2wgF0gHIV324="},"lastRemoteEphemeralKey":"Be8JMPHac0tH/wZysYJLTp835rpggAgOJMXkFsejgS4J","previousCounter":0,"rootKey":"RPGg/msKB5RTeY9o+fpyMlgZagu1JyVzRnAAaEPkMaI="},"indexInfo":{"baseKey":"BYQAk93l2Mlv0hLZFTQE1GhqQcs36FNTL6pQ05wMwDYF","baseKeyType":1,"closed":-1,"used":1737993538554,"created":1737993538554,"remoteIdentityKey":"Bdg1k+bTJ0sqy2Q6RZS0Z0CE8NDSu4BTtnxVIvQd7RFJ"},"_chains":{"BVLuFwBtKFfVLWWpEZARNn1rlMPllyUsLyIY7dPzK3tk":{"chainKey":{"counter":0,"key":"VVtJnA52Wrk2JqIz9c/sww4chow/xEyp2TIWS32B5Oo="},"chainType":1,"messageKeys":{}}},"pendingPreKey":{"signedKeyId":8,"baseKey":"BYQAk93l2Mlv0hLZFTQE1GhqQcs36FNTL6pQ05wMwDYF","preKeyId":898169}}},"version":"v1"}