{"_sessions":{"BcWKTd0WoILPJi8YlWNacwLSiwfWhkZtg+vTirwG/7kE":{"registrationId":157,"currentRatchet":{"ephemeralKeyPair":{"pubKey":"BS6QPT6JkzSEbYbm0KK0HS7dRdmfChZmFlWSD6MaJq1P","privKey":"GHXU4+eUj5d6eEqtzRstapuT47CTpzPPdMhY1Zf2nXM="},"lastRemoteEphemeralKey":"BSv00n2rBV0MXFdYbPxYKo4Cj7Z5ty4MYsLLFXS4ido+","previousCounter":0,"rootKey":"F9754E8tNnkGq5QqSY51fcXX/oAgua4mchaEdKKHDRs="},"indexInfo":{"baseKey":"BcWKTd0WoILPJi8YlWNacwLSiwfWhkZtg+vTirwG/7kE","baseKeyType":1,"closed":-1,"used":1737993014316,"created":1737993014316,"remoteIdentityKey":"BSK92gePfyOVYqqwFUn1nsxFyMFow3GS9SlDqIE9GCcb"},"_chains":{"BS6QPT6JkzSEbYbm0KK0HS7dRdmfChZmFlWSD6MaJq1P":{"chainKey":{"counter":0,"key":"ufdMJlpyVwiKQ8qI4Z5eoOussN+5WnUinyce0rsK8/8="},"chainType":1,"messageKeys":{}}},"pendingPreKey":{"signedKeyId":1,"baseKey":"BcWKTd0WoILPJi8YlWNacwLSiwfWhkZtg+vTirwG/7kE"}}},"version":"v1"}