{"_sessions":{"BRJm2adaocBi+NfRFMH105KRDJ/pugIA8L3jMh5aFrQr":{"registrationId":1499583635,"currentRatchet":{"ephemeralKeyPair":{"pubKey":"BYAKC5CrW11VTfxaISyJoYSxazPcSXPnbD+TzEnDYZpP","privKey":"MOSZpPt9DhzCOOGs23PXUgxT44cuACEqh/946Mn9E0Y="},"lastRemoteEphemeralKey":"BUsM9ag9FiTGaZBPP3aJH8Icx3NahZiE/bE1EomN1ox5","previousCounter":0,"rootKey":"+zioFOg2svlFaVJuZdUSrHytUL9OmQHOckrfOkSAFjM="},"indexInfo":{"baseKey":"BRJm2adaocBi+NfRFMH105KRDJ/pugIA8L3jMh5aFrQr","baseKeyType":1,"closed":-1,"used":1737994371061,"created":1737994371061,"remoteIdentityKey":"BfiJYhsqy6//CyLoxSO0wTLPKMuBBizFgv6X2dFIbpof"},"_chains":{"BYAKC5CrW11VTfxaISyJoYSxazPcSXPnbD+TzEnDYZpP":{"chainKey":{"counter":0,"key":"hSE/e8y7ep8vKX3ZPvV6vvEDF1v2KNOckMV2mEGw7u4="},"chainType":1,"messageKeys":{}}},"pendingPreKey":{"signedKeyId":1,"baseKey":"BRJm2adaocBi+NfRFMH105KRDJ/pugIA8L3jMh5aFrQr","preKeyId":1008804}}},"version":"v1"}