{"_sessions":{"Bev6R3rVLjmNGCw2to2RsCwlCr7UL46MNNt4+xSzA8YO":{"registrationId":593816082,"currentRatchet":{"ephemeralKeyPair":{"pubKey":"BSRQi6hIiPJqOVK7IUB7KvEspj0gX8Ya8sykPokxYuBe","privKey":"GFOi1bL3GV5cswqBPbuTh4FJ5tU2UsLRDlXRiR9Gq2A="},"lastRemoteEphemeralKey":"BZ1fTp0TJyJrKXqkFwxxGgt9ON2p6QxA62yktftGKaR3","previousCounter":0,"rootKey":"jd5szpo124hs2IUuE/+ez5azJxc8HThILj/eTIvPjd0="},"indexInfo":{"baseKey":"Bev6R3rVLjmNGCw2to2RsCwlCr7UL46MNNt4+xSzA8YO","baseKeyType":1,"closed":-1,"used":1737993014866,"created":1737993014866,"remoteIdentityKey":"BWBBS1pPKdmq206vUlf9z7TFJIzgfvxBkjb3gDh3L8IX"},"_chains":{"BSRQi6hIiPJqOVK7IUB7KvEspj0gX8Ya8sykPokxYuBe":{"chainKey":{"counter":0,"key":"iIW7Gwm1GchsgXJemP1Daf8CSx+D3vIVGjovcMtINZ0="},"chainType":1,"messageKeys":{}}},"pendingPreKey":{"signedKeyId":1,"baseKey":"Bev6R3rVLjmNGCw2to2RsCwlCr7UL46MNNt4+xSzA8YO","preKeyId":3121531}}},"version":"v1"}