{"_sessions":{"BRjxpIIShNwgnTE7EUddUQzJMEmObFuQXsxmI6+uiVYK":{"registrationId":1451964873,"currentRatchet":{"ephemeralKeyPair":{"pubKey":"BQiFqH+CqlQeZQtqtxNBOf/U5iDjpSHR49n9iUgUi+gL","privKey":"mKeAwYIAksgQQxLMD2isaFzElCyvZgHaEjywCfy2u2U="},"lastRemoteEphemeralKey":"BfNPL9NxPKtsgcvjyDVpwmNIzxyTU26Ex4oYktwCnjBA","previousCounter":0,"rootKey":"M+nHI+UkyPqdCh3Nob5qErQGwOGOwDcxt4zYHhtq3Xk="},"indexInfo":{"baseKey":"BRjxpIIShNwgnTE7EUddUQzJMEmObFuQXsxmI6+uiVYK","baseKeyType":1,"closed":-1,"used":1737993481762,"created":1737993481762,"remoteIdentityKey":"BfNwK6tcCoT/utCBJqgMysLQJf1QSogP69UfuJo05kh8"},"_chains":{"BQiFqH+CqlQeZQtqtxNBOf/U5iDjpSHR49n9iUgUi+gL":{"chainKey":{"counter":0,"key":"OILtx5hIEjiU+yuB9f5UTEGoKXnrBrXklO6+wFHNa/s="},"chainType":1,"messageKeys":{}}},"pendingPreKey":{"signedKeyId":0,"baseKey":"BRjxpIIShNwgnTE7EUddUQzJMEmObFuQXsxmI6+uiVYK"}}},"version":"v1"}