{"_sessions":{"BX+G5tRSvfCTybocV2nVTLeHfcr4PMr7xngCC1i0Hksm":{"registrationId":727180641,"currentRatchet":{"ephemeralKeyPair":{"pubKey":"BcrkiaGlKKicWXN+/ZdFrtqBAxJykZvP1BntenscOtYs","privKey":"4EznhCcyaEF8YqK7lyBaYzB8VQXYr2RJmGKUaeSIUHI="},"lastRemoteEphemeralKey":"BaxVcVzTSM4S2xYPEk7TfQFJP03sI5Fza+jM/WHwhTYI","previousCounter":0,"rootKey":"wU3jfe7zB0E8Oa7LBnJTGz6IQ/CMNKZ6tsu5RuCCMPI="},"indexInfo":{"baseKey":"BX+G5tRSvfCTybocV2nVTLeHfcr4PMr7xngCC1i0Hksm","baseKeyType":1,"closed":-1,"used":1737993015215,"created":1737993015215,"remoteIdentityKey":"BamSqg9P9Tgg8o3wVK5Qa16c+QXslY8v3C+2K71e/S42"},"_chains":{"BcrkiaGlKKicWXN+/ZdFrtqBAxJykZvP1BntenscOtYs":{"chainKey":{"counter":0,"key":"6YK148NqofFvM7h9ZSXkPcIZR39UV9foijGC+fZgdgQ="},"chainType":1,"messageKeys":{}}},"pendingPreKey":{"signedKeyId":7966654,"baseKey":"BX+G5tRSvfCTybocV2nVTLeHfcr4PMr7xngCC1i0Hksm","preKeyId":3320}}},"version":"v1"}