{"_sessions":{"BZHbL/AgyWFI90jwlzEvxo71ALkOM/kqmIKmAJTpNfsn":{"registrationId":402737595,"currentRatchet":{"ephemeralKeyPair":{"pubKey":"Ba9TFwiYb8ew8bLLqGYi9kpABgHQtICvb8H1KmkK1H0k","privKey":"MAwJZXsfnvSwjqni4Xb7tSvnOPyGwLLgLNmfxxRsHmo="},"lastRemoteEphemeralKey":"BYhNn9lR1k3mSUsaibKZZugLvz3kV55QCC1PSdrItgRq","previousCounter":0,"rootKey":"ayYT1dNDx9tNwBSiMBJR3Zw8FPdzn17DteQeAKrPM1A="},"indexInfo":{"baseKey":"BZHbL/AgyWFI90jwlzEvxo71ALkOM/kqmIKmAJTpNfsn","baseKeyType":1,"closed":-1,"used":1737993014976,"created":1737993014976,"remoteIdentityKey":"BdWSgz3YGIE/l2TJSHIkjtjxmrhQwZSRW7VKxd8YwtwN"},"_chains":{"Ba9TFwiYb8ew8bLLqGYi9kpABgHQtICvb8H1KmkK1H0k":{"chainKey":{"counter":0,"key":"89+eYhgMt+cyXUQvTxxVVl4eQQG6fok46XdxDLvke5A="},"chainType":1,"messageKeys":{}}},"pendingPreKey":{"signedKeyId":7,"baseKey":"BZHbL/AgyWFI90jwlzEvxo71ALkOM/kqmIKmAJTpNfsn","preKeyId":11962540}}},"version":"v1"}