{"_sessions":{"Be7zGI8Kv5jooa52ilOADvnZi9cD4TQDAJ33ZESI4yJe":{"registrationId":411065383,"currentRatchet":{"ephemeralKeyPair":{"pubKey":"BS0UIWTx8aTiPvRK4GE3IWMKJA588DR70c0/XbbzjrJC","privKey":"UIsKefv4bhkei3j1qV64Uk2VSKKcihZDegTRh+Kaikw="},"lastRemoteEphemeralKey":"BRiI4mK12NIG56e08N4aukbA/5j7tdzJ4i2B5ShhV9Mx","previousCounter":0,"rootKey":"BfNO3s3zRdV0eo7t2wS9YupqufGuHcBa8nboVoaJ1sI="},"indexInfo":{"baseKey":"Be7zGI8Kv5jooa52ilOADvnZi9cD4TQDAJ33ZESI4yJe","baseKeyType":1,"closed":-1,"used":1737993014845,"created":1737993014845,"remoteIdentityKey":"BeOqbE2MocwKRHbs87EiLfnel/+FGPphJjITuzW/A3h4"},"_chains":{"BS0UIWTx8aTiPvRK4GE3IWMKJA588DR70c0/XbbzjrJC":{"chainKey":{"counter":0,"key":"/2LZRZ1cHwkNHYcbpLaaaApuOZuv3BzH2eb+z/hYfGA="},"chainType":1,"messageKeys":{}}},"pendingPreKey":{"signedKeyId":0,"baseKey":"Be7zGI8Kv5jooa52ilOADvnZi9cD4TQDAJ33ZESI4yJe","preKeyId":520389}}},"version":"v1"}