{"_sessions":{"BS2MO4dikZi4Md3+J3Jpo76O3Ymwjo9pRCScARKrmGQ+":{"registrationId":358305002,"currentRatchet":{"ephemeralKeyPair":{"pubKey":"BQZMQ8rQp430Si+rkWbDmKBRJ2bIpeZKVatKbwWhxVx+","privKey":"6JM/9huulv5PtXoUNAKtMPZriFwwj9XcT3pGvqfd9UQ="},"lastRemoteEphemeralKey":"BRaWkluRSJkWYlaeJmoCVoyqu5b6FpsIPG0Gkq5eDb0A","previousCounter":0,"rootKey":"WoaevbZ+U1bwTdQpGk/uBFojXNqa21faXjkAppblNxA="},"indexInfo":{"baseKey":"BS2MO4dikZi4Md3+J3Jpo76O3Ymwjo9pRCScARKrmGQ+","baseKeyType":2,"closed":-1,"used":1737996868999,"created":1737996868999,"remoteIdentityKey":"BSRq8qVNBChH5xUi1BisJmluSZwHoAe7iY5wR5y5I/5e"},"_chains":{"BRaWkluRSJkWYlaeJmoCVoyqu5b6FpsIPG0Gkq5eDb0A":{"chainKey":{"counter":0,"key":"fwv2dTPpiBwdmy06Hhu9O6HT8k/bYUZ2MU0/8t6mCvQ="},"chainType":2,"messageKeys":{}},"BQZMQ8rQp430Si+rkWbDmKBRJ2bIpeZKVatKbwWhxVx+":{"chainKey":{"counter":-1,"key":"2s40SdlP9Mm07ZfU+st5Md9CJUJ+oKRcQKGw7S89X7M="},"chainType":1,"messageKeys":{}}}}},"version":"v1"}