{"_sessions":{"BQEFBcgWKhg+ThgNKfVvwBeh9+Bw6EaY3qPxtuR2xy4i":{"registrationId":327591213,"currentRatchet":{"ephemeralKeyPair":{"pubKey":"BdFMNiSe8gnz36w9j7zx9lLI43oKgxKi/jVSSsSd83w3","privKey":"wEaV3QZy6JiGm15LtrKSuZUfRIuAgQG6uCiW3JBwtUA="},"lastRemoteEphemeralKey":"BWy8eYMtosT4xbZbRT7go1P3Crja455ZFfltJGndwlIc","previousCounter":0,"rootKey":"f2Zjldn9n58SlWONHmMKhXmAGjfFV5bDzX1AwW/VTPo="},"indexInfo":{"baseKey":"BQEFBcgWKhg+ThgNKfVvwBeh9+Bw6EaY3qPxtuR2xy4i","baseKeyType":1,"closed":-1,"used":1737993014428,"created":1737993014428,"remoteIdentityKey":"BS4ZQvsX0VwMp3H7OM4ToTBfRtxVluzvhswu0CoAFwVM"},"_chains":{"BdFMNiSe8gnz36w9j7zx9lLI43oKgxKi/jVSSsSd83w3":{"chainKey":{"counter":0,"key":"LKNwGdChv5ktftdMpuYxgbtbFJCdgp6eSLLtLvFx5Ek="},"chainType":1,"messageKeys":{}}},"pendingPreKey":{"signedKeyId":1,"baseKey":"BQEFBcgWKhg+ThgNKfVvwBeh9+Bw6EaY3qPxtuR2xy4i","preKeyId":4771795}}},"version":"v1"}