{"_sessions":{"BY1rPjPACtpI9HRgcGTKI5Qt16Ajr3UgDq+VC7+uHKpw":{"registrationId":1191288154,"currentRatchet":{"ephemeralKeyPair":{"pubKey":"BbFuTYc7mhF1Kpi2ZuFX9sdm7FU9hkyj8/prR15cCQJD","privKey":"UP4WNtn/cs9YNNS3Q+/TA/+scM2B4Av7F998CZTkbXU="},"lastRemoteEphemeralKey":"Bd4dzOMj1QvjK0/LNb9KZ1LfuO73pFu5ILrhAMh/2FA0","previousCounter":0,"rootKey":"ekjLwR0MHw17siAR01JYgxcUI+IAj2TOsbe3JMK6cjI="},"indexInfo":{"baseKey":"BY1rPjPACtpI9HRgcGTKI5Qt16Ajr3UgDq+VC7+uHKpw","baseKeyType":1,"closed":-1,"used":1737993014862,"created":1737993014862,"remoteIdentityKey":"BVjFrBk4HoiaKUr4rRSeMxFHtVhxN9Qwzr8x7FWhRskE"},"_chains":{"BbFuTYc7mhF1Kpi2ZuFX9sdm7FU9hkyj8/prR15cCQJD":{"chainKey":{"counter":0,"key":"VulQzJ4jaKT9wLf745AxmO3XkwpMFuwOsKBcn5YxNsU="},"chainType":1,"messageKeys":{}}},"pendingPreKey":{"signedKeyId":0,"baseKey":"BY1rPjPACtpI9HRgcGTKI5Qt16Ajr3UgDq+VC7+uHKpw","preKeyId":13252828}}},"version":"v1"}