{"_sessions":{"BW3E0PZCkMc37csOM4L4cQxJYRWsUbkrTRq4ChdnRK5n":{"registrationId":331338832,"currentRatchet":{"ephemeralKeyPair":{"pubKey":"BY4OuQTX/1rTHt2Lg01PxeRp+IySmjm0CwPzgJE+hlYR","privKey":"SGcj7gwLBcp2tOrx+0xq0yQmOeNchhQO94jc52EUg2U="},"lastRemoteEphemeralKey":"BRK+hiwHO1uchI6BsgZWnHj6KCPVENl/kjIwMsvRnjkI","previousCounter":0,"rootKey":"rnMRr6eZuDKYHELGSDZRs+yXBDru4FU3qGV41+hYLi8="},"indexInfo":{"baseKey":"BW3E0PZCkMc37csOM4L4cQxJYRWsUbkrTRq4ChdnRK5n","baseKeyType":2,"closed":-1,"used":1737993449421,"created":1737993449421,"remoteIdentityKey":"BTuwzFhw8oNilRGKyQ6zbiGPTr8mAceYeEf42RgNeuJ1"},"_chains":{"BRK+hiwHO1uchI6BsgZWnHj6KCPVENl/kjIwMsvRnjkI":{"chainKey":{"counter":0,"key":"KZOnlHgNwhXy3RUiBeXihwm9fvj391oKYZHPh4c09YE="},"chainType":2,"messageKeys":{}},"BY4OuQTX/1rTHt2Lg01PxeRp+IySmjm0CwPzgJE+hlYR":{"chainKey":{"counter":0,"key":"M5VMZmcJEz0sD/Gy+9ZtrCyPQSLRutK7sMPhf2iEX3A="},"chainType":1,"messageKeys":{}}}}},"version":"v1"}