{"_sessions":{"Bfg4u7Ut2J3LcQRJMF+KXBZ3rWWpxlK8oNGuSPapyUwt":{"registrationId":1981113076,"currentRatchet":{"ephemeralKeyPair":{"pubKey":"BU+3h0OWES+1rB9gng5lfroFMD017+mMiIePwN9iJQt/","privKey":"CAJAlqbkL/70nV9StQftU8dDVMiAwc+sD/qgJfiJ50c="},"lastRemoteEphemeralKey":"BYQsyHnmNcXIRIQHZbhy8FRBf1LUp6ihYc4kfNNHlrA7","previousCounter":0,"rootKey":"uPFeV9IBnJyr9O75sNkrUXQhuO+byLCguZGbUp3I55o="},"indexInfo":{"baseKey":"Bfg4u7Ut2J3LcQRJMF+KXBZ3rWWpxlK8oNGuSPapyUwt","baseKeyType":1,"closed":-1,"used":1737993015154,"created":1737993015154,"remoteIdentityKey":"BdsFsJ3mGHSMnSd96E+PN2YDn0HUkbvmvcSDaU0b0ssX"},"_chains":{"BU+3h0OWES+1rB9gng5lfroFMD017+mMiIePwN9iJQt/":{"chainKey":{"counter":0,"key":"7QfiFiWnIbKcS6uBt7fKwZmNzPlY9J3xKEbtXY1lgJE="},"chainType":1,"messageKeys":{}}},"pendingPreKey":{"signedKeyId":11,"baseKey":"Bfg4u7Ut2J3LcQRJMF+KXBZ3rWWpxlK8oNGuSPapyUwt","preKeyId":2554144}}},"version":"v1"}