{"_sessions":{"BU2CMIrqP62gxft2PizBZqsEPPgimXi9f0XNDlXzusoJ":{"registrationId":4920,"currentRatchet":{"ephemeralKeyPair":{"pubKey":"BYx+gUAbamvh0n7Ulp1Uo4XJnSCxVTpfGBQUqm1TyK1V","privKey":"GGEKPcnknPO0H6boSqocF306t4KOL2+tl1sZE5J0cWM="},"lastRemoteEphemeralKey":"BflFOWATs3bl/XQq+2o8FJeHWsuZJj7u4ODCs0yDq0oD","previousCounter":0,"rootKey":"+VHo6VAYo5FH0aDtFosFxIkJ3LQ1Xdnt66WWZm5KAVc="},"indexInfo":{"baseKey":"BU2CMIrqP62gxft2PizBZqsEPPgimXi9f0XNDlXzusoJ","baseKeyType":1,"closed":-1,"used":1737994962997,"created":1737994962997,"remoteIdentityKey":"Bekif1zilREyAStUDMMpu33yxSLCo3SCYKtjUPpVx+xn"},"_chains":{"BYx+gUAbamvh0n7Ulp1Uo4XJnSCxVTpfGBQUqm1TyK1V":{"chainKey":{"counter":0,"key":"WPhXIzsk2JzbDs8IAsf4mFy790GQ22N/SeKtd5zU/J4="},"chainType":1,"messageKeys":{}}},"pendingPreKey":{"signedKeyId":1,"baseKey":"BU2CMIrqP62gxft2PizBZqsEPPgimXi9f0XNDlXzusoJ"}}},"version":"v1"}