{"_sessions":{"BdBbM/PH6e+pCfuPRgLgcvTwXnDyAmcctcpQUzS1w94j":{"registrationId":858372957,"currentRatchet":{"ephemeralKeyPair":{"pubKey":"BQ913ZQGSFNfp5B4s5wUE8EHo3+FZiC8FMjuiV/ruaAq","privKey":"4J0prh8THExK4bSqWztU6UgiI2gS+P9Z83/Od0BExXo="},"lastRemoteEphemeralKey":"BTX3z1LkyYrBnZZi0gHTPyg75EdVHi9XjCILt/4hWmgW","previousCounter":0,"rootKey":"tVxzIxiRcJV4l4J/hVoHwVdOFJkLd3z8uMpzQ7YBrHo="},"indexInfo":{"baseKey":"BdBbM/PH6e+pCfuPRgLgcvTwXnDyAmcctcpQUzS1w94j","baseKeyType":1,"closed":-1,"used":1737993014912,"created":1737993014912,"remoteIdentityKey":"BXO7LudhhXFzCjajYNMqZ+rO2DYdG2a0UmiLcZH5U3Aq"},"_chains":{"BQ913ZQGSFNfp5B4s5wUE8EHo3+FZiC8FMjuiV/ruaAq":{"chainKey":{"counter":0,"key":"d0xDxmkUA7kfoe7zCQkM4TW+aDwkS+chBfX1IzUvHyM="},"chainType":1,"messageKeys":{}}},"pendingPreKey":{"signedKeyId":1,"baseKey":"BdBbM/PH6e+pCfuPRgLgcvTwXnDyAmcctcpQUzS1w94j","preKeyId":6202516}}},"version":"v1"}