{"_sessions":{"BTC/kOhrtRGCGGKEpB4ypMTyJrHvLK1oolgOO7ffyOEy":{"registrationId":206,"currentRatchet":{"ephemeralKeyPair":{"pubKey":"BS1/1Ty4z/Gx4a2xwU04Wx5LizLn7ckE60Pjl6iHq1Bo","privKey":"6KhJRI2feryKPF1FF+Tb9r7h+80RmSPmAyafOn1fGGk="},"lastRemoteEphemeralKey":"BTnat7I8QGFq5OwYNQjUBjXKEMK0q4iPj0CcqoKdGwRI","previousCounter":0,"rootKey":"r02fJpr/qeOnOnbIfjHWbW3vkDBRDR16oYxSXOgpRcM="},"indexInfo":{"baseKey":"BTC/kOhrtRGCGGKEpB4ypMTyJrHvLK1oolgOO7ffyOEy","baseKeyType":1,"closed":-1,"used":1737992069183,"created":1737992069183,"remoteIdentityKey":"Bfpc1ADNfvJCsYchTfTE2fxjyGEbJB/mmT+9z+TL/hZI"},"_chains":{"BS1/1Ty4z/Gx4a2xwU04Wx5LizLn7ckE60Pjl6iHq1Bo":{"chainKey":{"counter":0,"key":"4073ABKH70gIgrS7Gr4waljlxxi/G9yf1kJhNF/nMNc="},"chainType":1,"messageKeys":{}}},"pendingPreKey":{"signedKeyId":1,"baseKey":"BTC/kOhrtRGCGGKEpB4ypMTyJrHvLK1oolgOO7ffyOEy"}}},"version":"v1"}