{"_sessions":{"BReL3Psv8Q726e78I5RrVrFhVintdnLog1vDtOiT4694":{"registrationId":1929000786,"currentRatchet":{"ephemeralKeyPair":{"pubKey":"BXEIx/UQIVD+SrvHK/nAkgjJkFtqRkmSq+YaJaNDCFsP","privKey":"oNry0HHSVjNxGuQRaGVCP6Y5n3pJAr9YdBwX9doLS3I="},"lastRemoteEphemeralKey":"BdhVAnWLqYF4iGmv3X5nLtPyGMaJqIVfL2gSYychthhn","previousCounter":0,"rootKey":"CKA7Q7m38YoXZm+2un6U4yQUCvL09TJOT3cOn4h5Poo="},"indexInfo":{"baseKey":"BReL3Psv8Q726e78I5RrVrFhVintdnLog1vDtOiT4694","baseKeyType":2,"closed":-1,"used":1737992527984,"created":1737992527984,"remoteIdentityKey":"BZkV2xaoP+Q9QI558LeLWGii2KUTgw1MiqJA9fVwrFxA"},"_chains":{"BdhVAnWLqYF4iGmv3X5nLtPyGMaJqIVfL2gSYychthhn":{"chainKey":{"counter":0,"key":"T5EdnvifAqO0dbIPHvNKo5qT5M3lLHVEaV/SAGgV7k4="},"chainType":2,"messageKeys":{}},"BXEIx/UQIVD+SrvHK/nAkgjJkFtqRkmSq+YaJaNDCFsP":{"chainKey":{"counter":-1,"key":"W3UjeVAnxDc2ZnOha6dFIDaAAFPGrIkaLajaUJcSOS4="},"chainType":1,"messageKeys":{}}}}},"version":"v1"}