{"_sessions":{"BWmR/6PMMz6KOGS8SoOnQibGJMTXpXW4CO2eWxyKCz1k":{"registrationId":72061318,"currentRatchet":{"ephemeralKeyPair":{"pubKey":"BSMbelLjwgGgW7vk8pBwxzdQB/FH56VQfkNJ+PtJQKp9","privKey":"wFWXKTn3iemuxvTw0GqDZzd0bcuwkMWru8hSZlo0oXU="},"lastRemoteEphemeralKey":"BfDkcXDDghdl85Y4qThpYKmr05pUQm68bBYgfDdcae9o","previousCounter":0,"rootKey":"X6Uofxng9naJlo+CQTPqHGpfy3ki7Nu8ytD8OFHLqtI="},"indexInfo":{"baseKey":"BWmR/6PMMz6KOGS8SoOnQibGJMTXpXW4CO2eWxyKCz1k","baseKeyType":1,"closed":-1,"used":1737994371173,"created":1737994371173,"remoteIdentityKey":"Bcpe3tCAVz1MIOG9doaRO0y4F30/KAiCEHM5h2YCbWMq"},"_chains":{"BSMbelLjwgGgW7vk8pBwxzdQB/FH56VQfkNJ+PtJQKp9":{"chainKey":{"counter":0,"key":"+CEXGfQ/SOLDIZKeaK06j1VmnXnuxY/jKPUAxRAh/Bk="},"chainType":1,"messageKeys":{}}},"pendingPreKey":{"signedKeyId":0,"baseKey":"BWmR/6PMMz6KOGS8SoOnQibGJMTXpXW4CO2eWxyKCz1k","preKeyId":4775056}}},"version":"v1"}