{"_sessions":{"BRlCBnxHD9FavUow0UxZmqHxh+CwKvTYrqNvxw8N5JR+":{"registrationId":1474479929,"currentRatchet":{"ephemeralKeyPair":{"pubKey":"BY5M45Wh7bUitOiS8BnJQaQyzK4it9hUITGd9PyqzoIC","privKey":"qCl9fddRVLv2VbA1+hEhgAPyUbB6PPqOWA1n/MOtrnY="},"lastRemoteEphemeralKey":"BR0CKVrS4Ir5f3hYUT+fmI968tSTcQnZHTkYVqSsBkQm","previousCounter":0,"rootKey":"SuASw4tWkKGJjdEnRfNtrHlvWUh1iLRCKNmZEkUPfm4="},"indexInfo":{"baseKey":"BRlCBnxHD9FavUow0UxZmqHxh+CwKvTYrqNvxw8N5JR+","baseKeyType":1,"closed":-1,"used":1737993481718,"created":1737993481718,"remoteIdentityKey":"BXXz5jFAFwpGxFEgV1jCgb3KwX6cBRoulNMBPWKCVfoQ"},"_chains":{"BY5M45Wh7bUitOiS8BnJQaQyzK4it9hUITGd9PyqzoIC":{"chainKey":{"counter":0,"key":"JbEjtRsQh/Wr77Re3/rB9JXe0YMtRVBuab0L1f/hiUM="},"chainType":1,"messageKeys":{}}},"pendingPreKey":{"signedKeyId":4,"baseKey":"BRlCBnxHD9FavUow0UxZmqHxh+CwKvTYrqNvxw8N5JR+","preKeyId":4063309}}},"version":"v1"}