{"_sessions":{"BQLwlhl7Eq/NboE5yj7LO9GNjb1t4mMqsSVwQh78yj14":{"registrationId":1623146250,"currentRatchet":{"ephemeralKeyPair":{"pubKey":"BVc7PjHefIteWXvZWnUynSbnUTLyofb4aX/aHKqFo79+","privKey":"gFpNpKwUCvQiuGN1XaAawu9HgTOQLKn6AqD4bhI5FU8="},"lastRemoteEphemeralKey":"BfZ6NHCo91kFpVOpAO1WVj2qKXyaN386cbkblrXc24h3","previousCounter":0,"rootKey":"dHy3GbSM8jau717ObyapdGgFuNP26L5BVqmHOQg5xJE="},"indexInfo":{"baseKey":"BQLwlhl7Eq/NboE5yj7LO9GNjb1t4mMqsSVwQh78yj14","baseKeyType":1,"closed":-1,"used":1737993015150,"created":1737993015150,"remoteIdentityKey":"BatFr9Q/m36akCWyX1lt+PiBP8GGd8kbOFQRgoVaZ/k+"},"_chains":{"BVc7PjHefIteWXvZWnUynSbnUTLyofb4aX/aHKqFo79+":{"chainKey":{"counter":0,"key":"DvB0kxSUyocTidnUp3E41uJAdqIDxu+cs4b9FN2vZ0k="},"chainType":1,"messageKeys":{}}},"pendingPreKey":{"signedKeyId":4,"baseKey":"BQLwlhl7Eq/NboE5yj7LO9GNjb1t4mMqsSVwQh78yj14","preKeyId":1966673}}},"version":"v1"}