{"_sessions":{"BXF/PbfsD3vL460n9WUsy1Uiq7RTgULM9YgOoKkMIIk/":{"registrationId":1731466158,"currentRatchet":{"ephemeralKeyPair":{"pubKey":"BTQ+pXX1tJFAgV6xh7kC/wARIczSS4YDQt6E83o7YhpG","privKey":"iMUhzPA5vfAm3/vyCrgvqKd+iYvBhRm/QCF7N60BgUg="},"lastRemoteEphemeralKey":"BYXmNBMe8Um2YsB3OnLk31cqWHl9ad6vresDNKV03Hta","previousCounter":0,"rootKey":"twXMLTV45C1qyziOy938VCMuxC5C8VcFbzdQpf89Clc="},"indexInfo":{"baseKey":"BXF/PbfsD3vL460n9WUsy1Uiq7RTgULM9YgOoKkMIIk/","baseKeyType":1,"closed":-1,"used":1737992069252,"created":1737992069252,"remoteIdentityKey":"BV3H3m1yRnDdtyG1bSsm2aCQbets0gXsVubWFOhxiCI0"},"_chains":{"BTQ+pXX1tJFAgV6xh7kC/wARIczSS4YDQt6E83o7YhpG":{"chainKey":{"counter":0,"key":"3pkip09uFppa1dTKDQw2IWnfrVCiAE3K6M5+EigPNII="},"chainType":1,"messageKeys":{}}},"pendingPreKey":{"signedKeyId":6,"baseKey":"BXF/PbfsD3vL460n9WUsy1Uiq7RTgULM9YgOoKkMIIk/","preKeyId":634267}}},"version":"v1"}