{"_sessions":{"BUC3ZFU64drAZGD6gDwslxEJBoVod4yeHOlJ2xmIL+Um":{"registrationId":198,"currentRatchet":{"ephemeralKeyPair":{"pubKey":"BYI3kPP5gWKulmfwDdaRCBfRCBBaLszWOZ+CXq4aRUt2","privKey":"MIfhtt8JilpwtThc6ebHrITtjKXozwM7V/VHkqNOzUo="},"lastRemoteEphemeralKey":"BRdIWduC7z6SVcxk/ZiUPrAfc0x4tB21N3MnaFJudOcx","previousCounter":0,"rootKey":"z8WUz3rkF+/bo1da1viQBJ/25wJaBL3RwR0OQBdIdYg="},"indexInfo":{"baseKey":"BUC3ZFU64drAZGD6gDwslxEJBoVod4yeHOlJ2xmIL+Um","baseKeyType":1,"closed":-1,"used":1737994963003,"created":1737994963003,"remoteIdentityKey":"BUhEk4qD+6NWUxf4FW/wPB71uuG3m4BGb5PLUXVUridw"},"_chains":{"BYI3kPP5gWKulmfwDdaRCBfRCBBaLszWOZ+CXq4aRUt2":{"chainKey":{"counter":0,"key":"CuzOKiLTnLfQ/R8GQxqy+h7623qcgVHbJBVljNNkz1k="},"chainType":1,"messageKeys":{}}},"pendingPreKey":{"signedKeyId":1,"baseKey":"BUC3ZFU64drAZGD6gDwslxEJBoVod4yeHOlJ2xmIL+Um"}}},"version":"v1"}