{"_sessions":{"BcjodnigUIyv2p+CRxjsKXBDyoBsZ/udGKnZQDoltZV4":{"registrationId":768706012,"currentRatchet":{"ephemeralKeyPair":{"pubKey":"Bf9ynpYLkMi3A9P1NjAFvi/I9Bn9v1Qtn3ztNsIxoe5Y","privKey":"2F5x4qXg5wYeDxCIA0H/ZdiYZEUOKh0Ykb/FVvsPj0k="},"lastRemoteEphemeralKey":"BVu1u1WFt8XCUhq+kdNecB1Smg2S3vn1FpTDWnqfLboT","previousCounter":0,"rootKey":"u7DcGq1qdWqYq3QdFnR67NQX5ic59TpXzkz0LNxAwo0="},"indexInfo":{"baseKey":"BcjodnigUIyv2p+CRxjsKXBDyoBsZ/udGKnZQDoltZV4","baseKeyType":1,"closed":-1,"used":1737993134919,"created":1737993134919,"remoteIdentityKey":"BaJs3sCwni+vPQpaR4XX9+yxZDYvnniEz/KQzXudOghG"},"_chains":{"Bf9ynpYLkMi3A9P1NjAFvi/I9Bn9v1Qtn3ztNsIxoe5Y":{"chainKey":{"counter":1,"key":"RkwyL0J7dRBiAukejbPczYwW/aM8tv4WVfoUEcIQrp4="},"chainType":1,"messageKeys":{}}},"pendingPreKey":{"signedKeyId":3,"baseKey":"BcjodnigUIyv2p+CRxjsKXBDyoBsZ/udGKnZQDoltZV4","preKeyId":7223064}}},"version":"v1"}