{"_sessions":{"BQ9Z/SNLnNCMN9Y2vcsfr1ZpiduyXEZ8ks7TrJRgjXl8":{"registrationId":73043844,"currentRatchet":{"ephemeralKeyPair":{"pubKey":"BW7lEZwNXaFMl5q5BVmjjEbyTwa06CsnX7CxIq9EcnIv","privKey":"mBUAse4gnfjmJXuKX8fHDZCLkpfav2W1VCnO9jCmw0k="},"lastRemoteEphemeralKey":"BRbQU6nwH668rzX3IhP8VuSyfNW8BJXDaxXJrCE6C1Mp","previousCounter":0,"rootKey":"fmZBeUwMWxF3XW1Lws0Z5fugls3G61FTpzC6TEY8pis="},"indexInfo":{"baseKey":"BQ9Z/SNLnNCMN9Y2vcsfr1ZpiduyXEZ8ks7TrJRgjXl8","baseKeyType":1,"closed":-1,"used":1737993481815,"created":1737993481815,"remoteIdentityKey":"BYEr42ea/uv59NBb8P3WygngUZWI8gY3VOVM9Pj+muwh"},"_chains":{"BW7lEZwNXaFMl5q5BVmjjEbyTwa06CsnX7CxIq9EcnIv":{"chainKey":{"counter":0,"key":"jkJ2Ae/mdcqVnhtixngOH3S+9OgYkYT9BAG/BMi86wA="},"chainType":1,"messageKeys":{}}},"pendingPreKey":{"signedKeyId":9,"baseKey":"BQ9Z/SNLnNCMN9Y2vcsfr1ZpiduyXEZ8ks7TrJRgjXl8","preKeyId":10000753}}},"version":"v1"}