{"_sessions":{"BcCJt2ZYkeI2GaSBff9wh/657kh82CTkv/p1bevw7lUK":{"registrationId":857506347,"currentRatchet":{"ephemeralKeyPair":{"pubKey":"Ba+gqgcZARTnIre9Yj2MptGExDSHb2b3hhrIxlXw2uJz","privKey":"6P4IFzhViUG9nujgmmbN2aqMCuzSbxeyic62WTIEO3g="},"lastRemoteEphemeralKey":"BUCybsRyiIZ7ltmomUCgjtHKRx+WYXPipBVsg8vH3H8q","previousCounter":0,"rootKey":"THw8LOPEXqOGUtQbkvuJdgX0rf8odCNZeb2PYTl9X+g="},"indexInfo":{"baseKey":"BcCJt2ZYkeI2GaSBff9wh/657kh82CTkv/p1bevw7lUK","baseKeyType":1,"closed":-1,"used":1737993014250,"created":1737993014250,"remoteIdentityKey":"BUtgwIE9ryefuVMil16G8ZmCMTgwp1IhwFM2L/RyP9Mi"},"_chains":{"Ba+gqgcZARTnIre9Yj2MptGExDSHb2b3hhrIxlXw2uJz":{"chainKey":{"counter":0,"key":"Ylwv+8NDpgPrgX5dO5Rh8TWnnO1l9nCa+ZPgNZ4O7LE="},"chainType":1,"messageKeys":{}}},"pendingPreKey":{"signedKeyId":0,"baseKey":"BcCJt2ZYkeI2GaSBff9wh/657kh82CTkv/p1bevw7lUK","preKeyId":10098910}}},"version":"v1"}