{"_sessions":{"BQ3GG95VA4QM5RfnB4CCzR38RPDWEf4NRwQJo0q1mvlp":{"registrationId":1301519289,"currentRatchet":{"ephemeralKeyPair":{"pubKey":"BYuRYe2jsXUiNL/41Tp1iLvHlF7zE6GqFDz3cdD1n1Mk","privKey":"WEHa8yBgbjz2r71JTNH0qzzrSWHeg//xDYeEjtOAclQ="},"lastRemoteEphemeralKey":"BXSgKm9W2k+ewP0UOSzRt0ISVk6UH/TjcP0NCHlORXBK","previousCounter":0,"rootKey":"FqhCv+k/rNj1cKXiAsXzt2QCF6BVBUuTZfoeoPV2taM="},"indexInfo":{"baseKey":"BQ3GG95VA4QM5RfnB4CCzR38RPDWEf4NRwQJo0q1mvlp","baseKeyType":1,"closed":-1,"used":1737993014563,"created":1737993014563,"remoteIdentityKey":"BUPvdAZP70DIL6mhXQGbNQ5pJwl0g2it7pD3DnFBZsU+"},"_chains":{"BYuRYe2jsXUiNL/41Tp1iLvHlF7zE6GqFDz3cdD1n1Mk":{"chainKey":{"counter":0,"key":"u2IE3CT96CSy2AuqLJauRu9J+2EzYd6QFBlvwjLTpaU="},"chainType":1,"messageKeys":{}}},"pendingPreKey":{"signedKeyId":4,"baseKey":"BQ3GG95VA4QM5RfnB4CCzR38RPDWEf4NRwQJo0q1mvlp","preKeyId":12440328}}},"version":"v1"}