{"_sessions":{"BRGidJLaYV/CZLwQ1A+eqqgJJIpbdv7zgz3vywX7vX4b":{"registrationId":1961853626,"currentRatchet":{"ephemeralKeyPair":{"pubKey":"BSW+uVpmW2roFhorJ376LvLxG7HD3cOobFhx+Iux9SxW","privKey":"QE7yYRaR5nQ5Y8oQIrzamh4gwb360Ui16ulBbSUCSX4="},"lastRemoteEphemeralKey":"BfQh72jLejp5R5RXoOA+U/wobAZ8WoNsf+yLCK4N7LxS","previousCounter":0,"rootKey":"GecuD6dFGeQgA60dBY9MHkgZfh4RJ9aO8fSNBZ8f6NM="},"indexInfo":{"baseKey":"BRGidJLaYV/CZLwQ1A+eqqgJJIpbdv7zgz3vywX7vX4b","baseKeyType":1,"closed":-1,"used":1737993014650,"created":1737993014650,"remoteIdentityKey":"BebR1vixbbH4Ss7sn1dcxGnvaQ1fUazU/IKSh5VoqVIP"},"_chains":{"BSW+uVpmW2roFhorJ376LvLxG7HD3cOobFhx+Iux9SxW":{"chainKey":{"counter":0,"key":"9v2ZPauWPSyvjH/Im90oW8hGNbgM73xLyB+o2J+VX38="},"chainType":1,"messageKeys":{}}},"pendingPreKey":{"signedKeyId":1,"baseKey":"BRGidJLaYV/CZLwQ1A+eqqgJJIpbdv7zgz3vywX7vX4b"}}},"version":"v1"}