{"_sessions":{"BTYjxtmw70DUpGl1vNyjsESRMsH+15WhXvhwaB69JvFh":{"registrationId":30985638,"currentRatchet":{"ephemeralKeyPair":{"pubKey":"BaYzFFrJEUhhGYztO8kS8unpk8hEJFiLqQxyVIbtXVVK","privKey":"OO/MNwN8rq6oSDqK2/HcRq1lQSl2wczx4Vlior2aTUo="},"lastRemoteEphemeralKey":"BerXO36x5kDeDnL8hUdEtd9slJrh8nbuBmne92xR/z0E","previousCounter":0,"rootKey":"fe432n22EjJj4wGVUORri3Jf/IQMfcZCatHavru8biU="},"indexInfo":{"baseKey":"BTYjxtmw70DUpGl1vNyjsESRMsH+15WhXvhwaB69JvFh","baseKeyType":1,"closed":-1,"used":1737993538384,"created":1737993538384,"remoteIdentityKey":"Bbl/0dpsyToKjKHUhSQhDneq5m/F4dxWYuSCTbAcgnEO"},"_chains":{"BaYzFFrJEUhhGYztO8kS8unpk8hEJFiLqQxyVIbtXVVK":{"chainKey":{"counter":0,"key":"ZE3cExYamM6L37J2W3M8NB9UZh1DGnB45ikxEGTO170="},"chainType":1,"messageKeys":{}}},"pendingPreKey":{"signedKeyId":2,"baseKey":"BTYjxtmw70DUpGl1vNyjsESRMsH+15WhXvhwaB69JvFh"}}},"version":"v1"}