{"_sessions":{"BaaeDLgpT7azbW9e+N3jIg/Ugihsal9N0bf1A2nFtC9s":{"registrationId":1814254973,"currentRatchet":{"ephemeralKeyPair":{"pubKey":"BYRqFEntRbz3mj+kAV5PNC1EhAUgVT5YST+lYH0Dd3kD","privKey":"0EDwDwvVOA9bWiZ6wCSokK2OB9pKsEC5JQDOKVbmm04="},"lastRemoteEphemeralKey":"BcxOYqHD5eQzheRchu7qdm4ptLed2rbboLAi3FcQLXcq","previousCounter":0,"rootKey":"zEEVflsELtOB2UOFLhApNrqZZsO1dOlx3mncZObG6aw="},"indexInfo":{"baseKey":"BaaeDLgpT7azbW9e+N3jIg/Ugihsal9N0bf1A2nFtC9s","baseKeyType":1,"closed":-1,"used":1737993014528,"created":1737993014528,"remoteIdentityKey":"Bc94zDLexPDlbwDJPYO2H6kdCgTDlOCziHN8IWJxgyQO"},"_chains":{"BYRqFEntRbz3mj+kAV5PNC1EhAUgVT5YST+lYH0Dd3kD":{"chainKey":{"counter":0,"key":"685PpIWW2UNZ7/ZJ1wxgSrOXkRy8eg/A9B2uNWgVvvQ="},"chainType":1,"messageKeys":{}}},"pendingPreKey":{"signedKeyId":0,"baseKey":"BaaeDLgpT7azbW9e+N3jIg/Ugihsal9N0bf1A2nFtC9s","preKeyId":1863785}}},"version":"v1"}