{"_sessions":{"BWVIccslF2uFFzy288MtqSxayqQBbR8EyhfDwPLS1v1c":{"registrationId":13724014,"currentRatchet":{"ephemeralKeyPair":{"pubKey":"BfRkhF2vYwB7JcHXvuvRy6//PQCA65eOY179S/cqQgMw","privKey":"wGDvPfmveUEAN0imUVmi8Ssmy0MDBof/411gvuKbWWs="},"lastRemoteEphemeralKey":"BaatZ3VAt1Ni0JHj4PvtW6xaZ7olquKDQfHUeeJOwnpH","previousCounter":0,"rootKey":"znAP/KKZ+gxT7ey33MY9gN10n2o+HpKOcIxh7Kfh1Ds="},"indexInfo":{"baseKey":"BWVIccslF2uFFzy288MtqSxayqQBbR8EyhfDwPLS1v1c","baseKeyType":2,"closed":-1,"used":1737997855169,"created":1737997855169,"remoteIdentityKey":"BZEBliRkHdwCiXP9kurp4HunVWH7N/QRQGst3wVCJ3gl"},"_chains":{"BaatZ3VAt1Ni0JHj4PvtW6xaZ7olquKDQfHUeeJOwnpH":{"chainKey":{"counter":0,"key":"ROmbSzjDsBNlBb/1gaXPimyfgvZmdPnNGxsZJOomiuM="},"chainType":2,"messageKeys":{}},"BfRkhF2vYwB7JcHXvuvRy6//PQCA65eOY179S/cqQgMw":{"chainKey":{"counter":0,"key":"y6OW/heSk7iX0RbpxUPUpon8rFf7R7exfF6U9VwCtQk="},"chainType":1,"messageKeys":{}}}}},"version":"v1"}