{"_sessions":{"BSKaHaXqck5dZ4FvAVTOviCiRcFsh9Xnd/UGA+Ey94RD":{"registrationId":1046170894,"currentRatchet":{"ephemeralKeyPair":{"pubKey":"Bb/FtVwPIBqhWps76TtAUPRKvSNu6RLQ7iPilaIAbkZg","privKey":"MHKAAbNOigUnFYxp5HLs7apm0Fw6ZMd+VswLT9PKNVw="},"lastRemoteEphemeralKey":"BVn+FKTFeU816k4xN/zc67RAR9c3or/R8bULgIS/ReRT","previousCounter":0,"rootKey":"gfxITvQUYmC/PQYVSlrdatzhJlD7lMV2tyFvXYrEx20="},"indexInfo":{"baseKey":"BSKaHaXqck5dZ4FvAVTOviCiRcFsh9Xnd/UGA+Ey94RD","baseKeyType":1,"closed":-1,"used":1737993014747,"created":1737993014747,"remoteIdentityKey":"BS6AmFaAB3V8c+gZPNyja4mK1m6dMP3C1O2qnwwAcYpP"},"_chains":{"Bb/FtVwPIBqhWps76TtAUPRKvSNu6RLQ7iPilaIAbkZg":{"chainKey":{"counter":0,"key":"Emac8TYbJCx/ThskYlF9kqbBY9fWrRMWn1bqWaI4Rpo="},"chainType":1,"messageKeys":{}}},"pendingPreKey":{"signedKeyId":4,"baseKey":"BSKaHaXqck5dZ4FvAVTOviCiRcFsh9Xnd/UGA+Ey94RD","preKeyId":15533072}}},"version":"v1"}