{"_sessions":{"BTv4yxoDSUXCuDDW6GKB1AE2pGLtAzwIdpJjXMQPc1cg":{"registrationId":507691567,"currentRatchet":{"ephemeralKeyPair":{"pubKey":"BZ2SZfFTylb9spKRTwQC4sDGC2GeLx75t8jZKaHicj9z","privKey":"CPPCrYvAHjsh5YwyvOms1/C94wBQq5eTr5ZAY8mVr3I="},"lastRemoteEphemeralKey":"BWvIsH4FXO/M4xie0+VxfU9wXR1c6N2WE8gzcG8nJ/gY","previousCounter":0,"rootKey":"edFYjzrotZX8yMEQgwhZ1N+PQ3rx1mLMTORhMtE/SkE="},"indexInfo":{"baseKey":"BTv4yxoDSUXCuDDW6GKB1AE2pGLtAzwIdpJjXMQPc1cg","baseKeyType":1,"closed":-1,"used":1737992427931,"created":1737992427931,"remoteIdentityKey":"BZBGuT5DFayAjoRrFBEXq2tghk6Kn5YkKzDcSIChWmJJ"},"_chains":{"BZ2SZfFTylb9spKRTwQC4sDGC2GeLx75t8jZKaHicj9z":{"chainKey":{"counter":3,"key":"r9GaneLENQDAf/DH1DD4PZevCPbopj00YVT6DWK6mDQ="},"chainType":1,"messageKeys":{}}},"pendingPreKey":{"signedKeyId":1,"baseKey":"BTv4yxoDSUXCuDDW6GKB1AE2pGLtAzwIdpJjXMQPc1cg","preKeyId":8398827}}},"version":"v1"}