{"_sessions":{"BemddaitbScHt6vTin5BMEQhfMMMpWQZe1T6Nv64nuE9":{"registrationId":537751680,"currentRatchet":{"ephemeralKeyPair":{"pubKey":"Ba71BXCn12XBOQCnVkJ4grzGh8iKeKt+2QX+S2JSLcZS","privKey":"CJ07rzt2H41uwEvoeMTjyC5A4curETWp2qU4ixsNglI="},"lastRemoteEphemeralKey":"BY0J0m39nyTGQ2eTtUsx3X2aX77uEi9xEaLQqICj7oNF","previousCounter":0,"rootKey":"wUSr/9SO26wHfZWLhBB7Tv4l4h5MF7DZ3YQYK5BQp8Y="},"indexInfo":{"baseKey":"BemddaitbScHt6vTin5BMEQhfMMMpWQZe1T6Nv64nuE9","baseKeyType":1,"closed":-1,"used":1737993014534,"created":1737993014534,"remoteIdentityKey":"BREMGyZq1S8wmSmUqnjacj98fSkVbr0qO0E802RKJJ1q"},"_chains":{"Ba71BXCn12XBOQCnVkJ4grzGh8iKeKt+2QX+S2JSLcZS":{"chainKey":{"counter":0,"key":"4Fpy8Vfc3wqEqddR4Hx8AQuPOKp0bXVXmUbT3lgiwKM="},"chainType":1,"messageKeys":{}}},"pendingPreKey":{"signedKeyId":0,"baseKey":"BemddaitbScHt6vTin5BMEQhfMMMpWQZe1T6Nv64nuE9","preKeyId":3923619}}},"version":"v1"}