{"_sessions":{"BR9a56GTlQah2YB9qKMKzEJKEnfybqcy0qiWPWLuY7Re":{"registrationId":800767000,"currentRatchet":{"ephemeralKeyPair":{"pubKey":"BbVna3WiOFS5jXSJpof25dJnwcYj2eZdthw2ML+bqKpC","privKey":"mKX+qO5XXIYtlv9QnizQjfaCDWWwEypg2V9teoZmzHc="},"lastRemoteEphemeralKey":"BeL2eJMY+ZITFw0nMcNNxaBoqm0ZFw2nLawk/0drB78b","previousCounter":0,"rootKey":"FjITsC1eiWN+FGvBpYIJcaBphJQuO6HSpVjNYKVuh18="},"indexInfo":{"baseKey":"BR9a56GTlQah2YB9qKMKzEJKEnfybqcy0qiWPWLuY7Re","baseKeyType":1,"closed":-1,"used":1737993538471,"created":1737993538471,"remoteIdentityKey":"BQ3ED7We7gEjAqIj4oLAb+/XZ21aoO5WRw7MZHUbpihk"},"_chains":{"BbVna3WiOFS5jXSJpof25dJnwcYj2eZdthw2ML+bqKpC":{"chainKey":{"counter":0,"key":"XyYnVp2q4tBnqe3BL4cCX2kipFcVNgaVynthf8B2Aow="},"chainType":1,"messageKeys":{}}},"pendingPreKey":{"signedKeyId":38,"baseKey":"BR9a56GTlQah2YB9qKMKzEJKEnfybqcy0qiWPWLuY7Re","preKeyId":8187291}}},"version":"v1"}