{"_sessions":{"BQAu1YflaNceXAKWtoOzO6+VxHr3DYRRzpxacSENH0NH":{"registrationId":636039455,"currentRatchet":{"ephemeralKeyPair":{"pubKey":"BV9tByDo7eeInz9Ibi+LSJTk/9t0orqDalUuCj8Qx34s","privKey":"AGIwsqUdvp1ZRZfT5teH501WRh/+/kJUCVpCPdpa83w="},"lastRemoteEphemeralKey":"BUM0L+9IKjE4yyfGj+cR7m1ib5MSg5rJt3objmieyRUX","previousCounter":0,"rootKey":"uL4qDdkH4pAA/KuMY/SxXHZ2ZrJN4mqHqIBoHbaYpq8="},"indexInfo":{"baseKey":"BQAu1YflaNceXAKWtoOzO6+VxHr3DYRRzpxacSENH0NH","baseKeyType":2,"closed":-1,"used":1737994009190,"created":1737994009190,"remoteIdentityKey":"BUmUx6xodZmPJLlt1B7O7mEWS4KBH1EYlEovDO5jhChs"},"_chains":{"BUM0L+9IKjE4yyfGj+cR7m1ib5MSg5rJt3objmieyRUX":{"chainKey":{"counter":0,"key":"vfDrlO+9bya6sPs/lrw6hq+MAvXhdVphb3e1w1i/L6Y="},"chainType":2,"messageKeys":{}},"BV9tByDo7eeInz9Ibi+LSJTk/9t0orqDalUuCj8Qx34s":{"chainKey":{"counter":-1,"key":"kMBCQtMWVpWFYo1yQRNkWRrxFyfrblnuZzRH5iANc9U="},"chainType":1,"messageKeys":{}}}}},"version":"v1"}