{"_sessions":{"BW3qvZR/h9T2ScTxRrJG7JlZnJYgnZ0gO7br3CCXTT9t":{"registrationId":1664578023,"currentRatchet":{"ephemeralKeyPair":{"pubKey":"BeMYrMh3/43j+dJDX2seKNW0ngITCNVme53slZ++9VNk","privKey":"cG8WDY0j+eeQWwadf6oCl+keXCE/dQeGu1UKxJYb/X8="},"lastRemoteEphemeralKey":"Bc4VQFJHunj8ld7dM3jM/wJlxPlAD2ZCsVSWoab8n44z","previousCounter":0,"rootKey":"Apm+lBD5IVIzs08aVIX4ydgeD3s28UYdnm3iWetRiDk="},"indexInfo":{"baseKey":"BW3qvZR/h9T2ScTxRrJG7JlZnJYgnZ0gO7br3CCXTT9t","baseKeyType":1,"closed":-1,"used":1737994963020,"created":1737994963020,"remoteIdentityKey":"BbNyyiR4Ujf2JXBfa2yYLIpomJfzszWbPFng5hsDbdwy"},"_chains":{"BeMYrMh3/43j+dJDX2seKNW0ngITCNVme53slZ++9VNk":{"chainKey":{"counter":0,"key":"ME2UZHdSBoX69cIGMdRUwFWF7jQpfIjCFiKipDdBwUk="},"chainType":1,"messageKeys":{}}},"pendingPreKey":{"signedKeyId":37,"baseKey":"BW3qvZR/h9T2ScTxRrJG7JlZnJYgnZ0gO7br3CCXTT9t","preKeyId":11578446}}},"version":"v1"}