{"_sessions":{"BfTOkWVJpvgykh40SWIwigb2dtFiT6SJRyHFHaWEDXYg":{"registrationId":366259146,"currentRatchet":{"ephemeralKeyPair":{"pubKey":"BbuTjSSTRhdb13F8RMxAfgDsbAmp+zr9oo30/+rUAagW","privKey":"qEyKGff8URh3JMwKmej1nnT2YWk6bDSk3W/bekfk1lI="},"lastRemoteEphemeralKey":"BVEduGHofqy5qtZBMz2ZG4GwB+L+axX8Hl7IJ40hg8Y9","previousCounter":0,"rootKey":"GbjyTk/uiGWB1QLSWoEWAJBvvUyQf4FGDjVmV0UKphs="},"indexInfo":{"baseKey":"BfTOkWVJpvgykh40SWIwigb2dtFiT6SJRyHFHaWEDXYg","baseKeyType":1,"closed":-1,"used":1737993134867,"created":1737993134867,"remoteIdentityKey":"BbO7Nws2idvqPHOvBlYOlWSfyOT2of9l9a8Hk715vshm"},"_chains":{"BbuTjSSTRhdb13F8RMxAfgDsbAmp+zr9oo30/+rUAagW":{"chainKey":{"counter":1,"key":"gF3sm7AQZD/w5q3oHvbkQlin4CMOSajljKDjzaXaPD8="},"chainType":1,"messageKeys":{}}},"pendingPreKey":{"signedKeyId":0,"baseKey":"BfTOkWVJpvgykh40SWIwigb2dtFiT6SJRyHFHaWEDXYg"}}},"version":"v1"}