{"_sessions":{"BRV9E0bHICuL6sTd0tm9EbHXEqrldfGp3VMU7rjs4fQw":{"registrationId":1642045635,"currentRatchet":{"ephemeralKeyPair":{"pubKey":"BaFR87CFYrDKLXrdZNXw2fd6hOPtKJ+ki6KsuwggVeUC","privKey":"YL6pvX0THYFz4NZdZ4jDgIv622i6zECx+Gz07oCRQHM="},"lastRemoteEphemeralKey":"BTiZG7nY8772K5GR//BSn5vDWvGRfsLYW7/6nhpedqhx","previousCounter":0,"rootKey":"Nmaj+eVei7YMGy2+NIAROZg0xCJP6ZEO8QGFtfx6v0g="},"indexInfo":{"baseKey":"BRV9E0bHICuL6sTd0tm9EbHXEqrldfGp3VMU7rjs4fQw","baseKeyType":1,"closed":-1,"used":1737994371216,"created":1737994371216,"remoteIdentityKey":"BbimwUSfLCz7d2TepZfncmmPMfLDnEkof367xS7A2H1V"},"_chains":{"BaFR87CFYrDKLXrdZNXw2fd6hOPtKJ+ki6KsuwggVeUC":{"chainKey":{"counter":0,"key":"YCRx7xQdvfc1qA8VzLy6H6UBEAvtdVPN1n2KoCS8wLg="},"chainType":1,"messageKeys":{}}},"pendingPreKey":{"signedKeyId":4,"baseKey":"BRV9E0bHICuL6sTd0tm9EbHXEqrldfGp3VMU7rjs4fQw","preKeyId":3172614}}},"version":"v1"}