{"_sessions":{"BQcMP1azNullkttk3ux1PDZnWxBz4xrlRl99hR24FWI9":{"registrationId":2068982544,"currentRatchet":{"ephemeralKeyPair":{"pubKey":"BST8HRxneDvOPGq4L3Mec3ACgUr0KYRb/DND+vmG55As","privKey":"AHnBUCpjkKstOZ4mL+xtRsA0ns4xkA4urXUg7CpRDWY="},"lastRemoteEphemeralKey":"BW9iK1Zkqon+qZMO37cxvTQ2bCh16PEOfZSQZt41fFEQ","previousCounter":0,"rootKey":"U49gv4EfP+d5HgvngX28hr2FWTMfY9n/DlM8GzOftjA="},"indexInfo":{"baseKey":"BQcMP1azNullkttk3ux1PDZnWxBz4xrlRl99hR24FWI9","baseKeyType":1,"closed":-1,"used":1737993014984,"created":1737993014984,"remoteIdentityKey":"BUAfQld/gJOKHiCpbbqOgYzWQyeh3N2pP9BTCLfZnWk9"},"_chains":{"BST8HRxneDvOPGq4L3Mec3ACgUr0KYRb/DND+vmG55As":{"chainKey":{"counter":0,"key":"ELHHhdh+avxmPIq3cIzI2bOunv3LPlJ7sK5itwMJIyI="},"chainType":1,"messageKeys":{}}},"pendingPreKey":{"signedKeyId":9,"baseKey":"BQcMP1azNullkttk3ux1PDZnWxBz4xrlRl99hR24FWI9","preKeyId":92294}}},"version":"v1"}