{"_sessions":{"BbM+B0bNrpZO6JHuIbM8i6wK/gTO61GnSZQWxZt5Yowf":{"registrationId":1427381771,"currentRatchet":{"ephemeralKeyPair":{"pubKey":"BS2IN/6bviUOESrMcbr9zJXcq1fRS6mjeDGdI05s5AF6","privKey":"EIf022+Ncg2P/bpnfPLnrONpJwo6LehAOu2tsLQRtH8="},"lastRemoteEphemeralKey":"BS/L43U86SGN3aiE4J/OnFKLuHNYZHe8PcTFttMIWgYG","previousCounter":0,"rootKey":"nBzbcJg4NEeJRVSz2b1LtSjWa47smbezNAWqJo82JOE="},"indexInfo":{"baseKey":"BbM+B0bNrpZO6JHuIbM8i6wK/gTO61GnSZQWxZt5Yowf","baseKeyType":1,"closed":-1,"used":1737993015070,"created":1737993015070,"remoteIdentityKey":"Bdx3RLTUATG9cjAV9UXJh4itUAZPYfVf6CH45tVDQmMG"},"_chains":{"BS2IN/6bviUOESrMcbr9zJXcq1fRS6mjeDGdI05s5AF6":{"chainKey":{"counter":0,"key":"7WYJq/MVsPMNJeNNavpGtVxy2RlJCwZ1ebnEhxIVTgY="},"chainType":1,"messageKeys":{}}},"pendingPreKey":{"signedKeyId":1,"baseKey":"BbM+B0bNrpZO6JHuIbM8i6wK/gTO61GnSZQWxZt5Yowf","preKeyId":12895576}}},"version":"v1"}