{"_sessions":{"BV/DnhCQE7NV6cJlA5P+B2NZdh+8dixkoyl70wGpJOkH":{"registrationId":1003396571,"currentRatchet":{"ephemeralKeyPair":{"pubKey":"Bbm2dKYQJaxBJvD035uAtrIfncvDjR43b0W1qGyxCBAj","privKey":"MHl+L+623hXk4jiHHt0A5TUSWn2y1A90hjhhEo59DnY="},"lastRemoteEphemeralKey":"BTvBRuRHvmPpgSwd5JaHfsSIeQtNvkf9wvwZZTMSNpcL","previousCounter":0,"rootKey":"rWzyr0BDerCbi8xeFD08E/NYgwEj3cO3YMeJ41U/Gis="},"indexInfo":{"baseKey":"BV/DnhCQE7NV6cJlA5P+B2NZdh+8dixkoyl70wGpJOkH","baseKeyType":1,"closed":-1,"used":1737993014928,"created":1737993014928,"remoteIdentityKey":"BfoP5t/ZrQlRE81mXo136IGZdtE5fgIjqOdpbUlsZGMx"},"_chains":{"Bbm2dKYQJaxBJvD035uAtrIfncvDjR43b0W1qGyxCBAj":{"chainKey":{"counter":0,"key":"GNE7IXknoxVHy0nIF3N0XtyceTb55/xQ16v30qmc+JA="},"chainType":1,"messageKeys":{}}},"pendingPreKey":{"signedKeyId":5,"baseKey":"BV/DnhCQE7NV6cJlA5P+B2NZdh+8dixkoyl70wGpJOkH","preKeyId":6555396}}},"version":"v1"}