{"_sessions":{"BVgv8nwEOiRXJ+L1oVEJMO9aU25+rVeLDvPZqIhUh2x9":{"registrationId":303415135,"currentRatchet":{"ephemeralKeyPair":{"pubKey":"BWIa+R2DdBTvjApa3qi3ho0IExQDEeEtGEidZruZPGtB","privKey":"aHvqrc979HYnGdmZpEV2CzNTEvN1aeXjOAPWQ9dvWk8="},"lastRemoteEphemeralKey":"BWJIaUC975Jz0AH/xPEn6IrCflgvA3Xr5JDlVEJFvNVq","previousCounter":0,"rootKey":"tanHaSo68q+Y/0WT5cCQ73MxJ+dNe/3w8sIUv8UMGs4="},"indexInfo":{"baseKey":"BVgv8nwEOiRXJ+L1oVEJMO9aU25+rVeLDvPZqIhUh2x9","baseKeyType":2,"closed":-1,"used":1737992054475,"created":1737992054475,"remoteIdentityKey":"BYS1Zeyptn6LybfYqfK1d+/xu9mi2aMg+VSYmG66JqQQ"},"_chains":{"BWJIaUC975Jz0AH/xPEn6IrCflgvA3Xr5JDlVEJFvNVq":{"chainKey":{"counter":9,"key":"iT4Twuz7pjpK3XzK7Lv+VpPIriQiuqzJ0CCUVggZ1MI="},"chainType":2,"messageKeys":{}},"BWIa+R2DdBTvjApa3qi3ho0IExQDEeEtGEidZruZPGtB":{"chainKey":{"counter":-1,"key":"h2J4H3ugXkVu4aaS+EbenoalAKkyPJKThEXqTbuSKiQ="},"chainType":1,"messageKeys":{}}}}},"version":"v1"}