{"_sessions":{"BXiYJA797vYmI84kf2ntNObwWc19ftwEJTK985dNLXIv":{"registrationId":1906062376,"currentRatchet":{"ephemeralKeyPair":{"pubKey":"BXOxFeEwD3CDOu8D0m/JKtWyqbYn77UFnwSh5bIUMAl+","privKey":"SFdw1A5Tu2UUnl7NgISzeiV6n4HL4k9TkJChpV/H5W0="},"lastRemoteEphemeralKey":"BQnoyw8/+pSyz41BqU6sIWvde1ai0oBQuPDuHc8OLPxh","previousCounter":0,"rootKey":"fSWd156pV5Cawvnx3CSObnJKydws1g1AFT03Q2yTfC4="},"indexInfo":{"baseKey":"BXiYJA797vYmI84kf2ntNObwWc19ftwEJTK985dNLXIv","baseKeyType":1,"closed":-1,"used":1737993014614,"created":1737993014614,"remoteIdentityKey":"BYeDDlqQzMeZeoBJOoQLkvok+PHkewGucdU+jn2QgsNN"},"_chains":{"BXOxFeEwD3CDOu8D0m/JKtWyqbYn77UFnwSh5bIUMAl+":{"chainKey":{"counter":0,"key":"YWXJOdEnmhSCb8Hb6aKmd1NlXpCvyc20p3xWQgMUJOA="},"chainType":1,"messageKeys":{}}},"pendingPreKey":{"signedKeyId":0,"baseKey":"BXiYJA797vYmI84kf2ntNObwWc19ftwEJTK985dNLXIv","preKeyId":14428921}}},"version":"v1"}