{"_sessions":{"BVjS51YkeivEDxO6FWaByDUc5aJ3zr95ZBC6AYbDVY9k":{"registrationId":719455323,"currentRatchet":{"ephemeralKeyPair":{"pubKey":"Bfvk4KD99s+uQJr8D5PKYvTsu+jhQiPkFnxmXBAn2OVz","privKey":"uM4KbnPYdLN1ifU399AVDkSICiLzuSzvJ3tN22Cxt3E="},"lastRemoteEphemeralKey":"BR52vI8jwQPWXU3rerInPmE8ZCFFV4X+YzEJvtI6DuM1","previousCounter":0,"rootKey":"JhmvF2S68Fjx5h7bge1WEhZZmC/PvHZkP92Z6+YicuU="},"indexInfo":{"baseKey":"BVjS51YkeivEDxO6FWaByDUc5aJ3zr95ZBC6AYbDVY9k","baseKeyType":1,"closed":-1,"used":1737993014585,"created":1737993014585,"remoteIdentityKey":"Be57ObOXAPOpE8RWkrMYZwpFUiYzrh6wu+ZHg5EdtW5f"},"_chains":{"Bfvk4KD99s+uQJr8D5PKYvTsu+jhQiPkFnxmXBAn2OVz":{"chainKey":{"counter":0,"key":"cAcYvz+MjmpINnBmd/ZtOOuofCQSVM4CKtCIGEWxrws="},"chainType":1,"messageKeys":{}}},"pendingPreKey":{"signedKeyId":3,"baseKey":"BVjS51YkeivEDxO6FWaByDUc5aJ3zr95ZBC6AYbDVY9k","preKeyId":7390363}}},"version":"v1"}