{"_sessions":{"BYLPG3QwNbY9WsGpqP6XU2SfFch5TlY46mZyPodrZG9a":{"registrationId":2018375783,"currentRatchet":{"ephemeralKeyPair":{"pubKey":"BVPC6CBymMM/2C0Jmkvg/nURfhyPeWoYzp4o2+7W7Tw3","privKey":"iJ2ZYvh4zCn/7t2My8zn6/EtMusR10YEU+Ki5pSTCUg="},"lastRemoteEphemeralKey":"BV/ZyDlkC3o3hr8Jl7VlSluOKKLTS/FUZXLj0ZR9lKBy","previousCounter":0,"rootKey":"9IeMhTpKQF4PuIF/kxE4vA7ARaenb9Q+VrmrCKnuEHY="},"indexInfo":{"baseKey":"BYLPG3QwNbY9WsGpqP6XU2SfFch5TlY46mZyPodrZG9a","baseKeyType":2,"closed":-1,"used":1737992728930,"created":1737992728930,"remoteIdentityKey":"BVNZ4XbuFBLjvxt9xaOzXM+YakMlzJMZyknP4Adb7G9W"},"_chains":{"BV/ZyDlkC3o3hr8Jl7VlSluOKKLTS/FUZXLj0ZR9lKBy":{"chainKey":{"counter":0,"key":"Q8dXOUSaGVvMHIl3WTmqTKTSeLpGmTPjDIRI7aPBntE="},"chainType":2,"messageKeys":{}},"BVPC6CBymMM/2C0Jmkvg/nURfhyPeWoYzp4o2+7W7Tw3":{"chainKey":{"counter":0,"key":"dewie8ceKfPiYDy4RXu0DeA2ocqCzb+m2fxoqaSY2iI="},"chainType":1,"messageKeys":{}}}}},"version":"v1"}