{"_sessions":{"BfYtTbEByKeuYgwEoI2+IJ40n4+xFtfQ3bWzu/ka42UV":{"registrationId":1840765223,"currentRatchet":{"ephemeralKeyPair":{"pubKey":"BdXVVTRYuN00u+hESLFVU69HYy0RImr1G7xKfpRnSlM8","privKey":"WEUI226KNDUyQPdUsmPcjPDeWBw+Q/G+fwJ7+98Z0Xs="},"lastRemoteEphemeralKey":"BZ5g3Bw8uvhaSON1Obb9KtlPrxce+myijqhc5S6YFwRt","previousCounter":0,"rootKey":"SkKTMg6vLj+o2/HuqPKdlK1jI9LFEmkIOuB+WWJjGUg="},"indexInfo":{"baseKey":"BfYtTbEByKeuYgwEoI2+IJ40n4+xFtfQ3bWzu/ka42UV","baseKeyType":1,"closed":-1,"used":1737994963008,"created":1737994963008,"remoteIdentityKey":"BcjAU0VcJnvEvFWBG2OVkFzFttdJypTat9eBoxBM+oV4"},"_chains":{"BdXVVTRYuN00u+hESLFVU69HYy0RImr1G7xKfpRnSlM8":{"chainKey":{"counter":0,"key":"FZZIa4WOPiOVY9FWLIE3qQnq+7+NoMlhMnzG4XGAXPU="},"chainType":1,"messageKeys":{}}},"pendingPreKey":{"signedKeyId":5,"baseKey":"BfYtTbEByKeuYgwEoI2+IJ40n4+xFtfQ3bWzu/ka42UV","preKeyId":13125998}}},"version":"v1"}