{"_sessions":{"BUur+aj7U8FGq44PdQ4LmF2s9pAVi5vP1YcZjA9+yh4X":{"registrationId":1580536600,"currentRatchet":{"ephemeralKeyPair":{"pubKey":"BXOJt3OiV1Vu3DjOGnup+j8cARLNJLHD08MpY/oV3Kod","privKey":"WNyG2UVJ8YHkOsuBkQuqtCjG3Mq67Y/CdezaplDJtFg="},"lastRemoteEphemeralKey":"BbNfdPTQt4offlcOqnhlhxjxm/ta8eByZma7ieOLma1O","previousCounter":0,"rootKey":"ltj/nJNWParm8bca8jgTmXnMPUQG/1rqxOOlBpAG6LE="},"indexInfo":{"baseKey":"BUur+aj7U8FGq44PdQ4LmF2s9pAVi5vP1YcZjA9+yh4X","baseKeyType":1,"closed":-1,"used":1737993014787,"created":1737993014787,"remoteIdentityKey":"BbHKSDxnKEpTY2BY67y4YV47ia7mQWwb1iVMtWBnE7oF"},"_chains":{"BXOJt3OiV1Vu3DjOGnup+j8cARLNJLHD08MpY/oV3Kod":{"chainKey":{"counter":0,"key":"17zzaWPsFsUqKluB3ayBXKsOC2S2GU11EdlhuECf8kw="},"chainType":1,"messageKeys":{}}},"pendingPreKey":{"signedKeyId":3,"baseKey":"BUur+aj7U8FGq44PdQ4LmF2s9pAVi5vP1YcZjA9+yh4X","preKeyId":8123621}}},"version":"v1"}