{"_sessions":{"BVqlLHSXutQWA8AaqJowulMNimln5xwi78v9Z2I4k9wr":{"registrationId":169,"currentRatchet":{"ephemeralKeyPair":{"pubKey":"BRX6F7VOJ6LztaDFP2ZwFgmg38Ncnar6ESxEs/ItQrlW","privKey":"+PxGApuN0QtW9IjMP2EE+i+lzJvF+TC+3/iWwHYUGUY="},"lastRemoteEphemeralKey":"BRuAELAyD+1It8L2KTCgnuicT6RZg29JCHAGQtqfAasB","previousCounter":0,"rootKey":"gmB8oy4LezhRZBI8rw8hvM2YWJ+QlgZpuRMwt/lkpOg="},"indexInfo":{"baseKey":"BVqlLHSXutQWA8AaqJowulMNimln5xwi78v9Z2I4k9wr","baseKeyType":1,"closed":-1,"used":1737995530675,"created":1737995530675,"remoteIdentityKey":"BQWVA3xbfbndGticN8tTNJfqf/vS58C0XeRxyYwApO9q"},"_chains":{"BRX6F7VOJ6LztaDFP2ZwFgmg38Ncnar6ESxEs/ItQrlW":{"chainKey":{"counter":0,"key":"kAEkTqrZoFsvygDRsMI32RzxTODZyATeRh7b79NJqug="},"chainType":1,"messageKeys":{}}},"pendingPreKey":{"signedKeyId":1,"baseKey":"BVqlLHSXutQWA8AaqJowulMNimln5xwi78v9Z2I4k9wr","preKeyId":29}}},"version":"v1"}