{"_sessions":{"BUOt4QZVxLTaQqJaBYlXNFqVIWDi8v3UTaYzlWHuBC4z":{"registrationId":1436456654,"currentRatchet":{"ephemeralKeyPair":{"pubKey":"BbkObrQgeA0MRodvgi6059P83H1RP+dX3inbbgGALqkE","privKey":"KO+lWDl3st3X2BJZup6PVXQRgt3yyDiFh2vj7T0dwG4="},"lastRemoteEphemeralKey":"BWp9AXWZcqMNxfGJwi3sUYKWOu4czuUy6qZDbRv0Am9M","previousCounter":0,"rootKey":"QMIsKMnYXJkFeFQGSI4BRJ94a45HEDO7QN/5ucyZ/Q4="},"indexInfo":{"baseKey":"BUOt4QZVxLTaQqJaBYlXNFqVIWDi8v3UTaYzlWHuBC4z","baseKeyType":1,"closed":-1,"used":1737993014815,"created":1737993014815,"remoteIdentityKey":"BUAEj1MQk2lcvrY37bG1SiwPGv2UYvwVAx1CpXJyca06"},"_chains":{"BbkObrQgeA0MRodvgi6059P83H1RP+dX3inbbgGALqkE":{"chainKey":{"counter":0,"key":"2gnF6JPsf3wk62zkojo0QrAEqCgC7bhRL5If83EmY2Y="},"chainType":1,"messageKeys":{}}},"pendingPreKey":{"signedKeyId":41,"baseKey":"BUOt4QZVxLTaQqJaBYlXNFqVIWDi8v3UTaYzlWHuBC4z","preKeyId":9232049}}},"version":"v1"}