{"_sessions":{"BcOS3/VycLjabIDmkrZJW+qMk5jUoe/d7QRRKRVgQ4g6":{"registrationId":635276906,"currentRatchet":{"ephemeralKeyPair":{"pubKey":"Bcg/1jpQoVio9OCznhb8wq2OSpqyoc4GHN3ISB9xW/Ei","privKey":"iEWdN4hqS30vH+rlfjHvoV+NR8yTqvN1F8gVhg/f61o="},"lastRemoteEphemeralKey":"BVoHD5jg8wK7eBtGKsMJAvOD1DNtP37hMcL18kzoPRY1","previousCounter":0,"rootKey":"2xtNlJzk29mGnlkB9y1JpMjnzjI7EpEo9hym7q/Fv/w="},"indexInfo":{"baseKey":"BcOS3/VycLjabIDmkrZJW+qMk5jUoe/d7QRRKRVgQ4g6","baseKeyType":2,"closed":-1,"used":1737998023589,"created":1737998023589,"remoteIdentityKey":"Bd56N4gim0/uRi8sFwQDRaEGjfWDlnbNQfX9E2bpj55s"},"_chains":{"BVoHD5jg8wK7eBtGKsMJAvOD1DNtP37hMcL18kzoPRY1":{"chainKey":{"counter":0,"key":"SGU03JeZYS7qOAXnhiftM4Nd46nwsGFswBj21Yio9ic="},"chainType":2,"messageKeys":{}},"Bcg/1jpQoVio9OCznhb8wq2OSpqyoc4GHN3ISB9xW/Ei":{"chainKey":{"counter":-1,"key":"5aiUiWGKGX8lgpqqgS/jwOEWmCVf8edJFI4MLgdEjAY="},"chainType":1,"messageKeys":{}}}}},"version":"v1"}