{"_sessions":{"Bbf4Xd13C4QYI9vdsCMuucf/2Gf0RmgdNYZPBYVlKXEN":{"registrationId":1278144730,"currentRatchet":{"ephemeralKeyPair":{"pubKey":"BTOHhQcB10buMkFv7l91A8uRuuocY39XkA0kPAe+tLQb","privKey":"YJT4YhDADmkHFL3FHEpVatHDXS2AneT7Cn1/FWz10W0="},"lastRemoteEphemeralKey":"BTRtBbmQJjEP6TmlXEDqe8UdaIPMMBDWFBaneW466mMH","previousCounter":0,"rootKey":"QA6HP2CjlBQGWxu7mpi7rdwjH/NFv0Lx4ecV4Uj0W8Q="},"indexInfo":{"baseKey":"Bbf4Xd13C4QYI9vdsCMuucf/2Gf0RmgdNYZPBYVlKXEN","baseKeyType":1,"closed":-1,"used":1737993481711,"created":1737993481711,"remoteIdentityKey":"BQAkZ66OgO6fhCs53gunCwTgW1MSZ2GHNgyTpGmVtktx"},"_chains":{"BTOHhQcB10buMkFv7l91A8uRuuocY39XkA0kPAe+tLQb":{"chainKey":{"counter":0,"key":"ZiIZTvYQxvR+5iAi0PQYbyK/wf79Ouf7aOgZ95TyS2w="},"chainType":1,"messageKeys":{}}},"pendingPreKey":{"signedKeyId":0,"baseKey":"Bbf4Xd13C4QYI9vdsCMuucf/2Gf0RmgdNYZPBYVlKXEN","preKeyId":8706976}}},"version":"v1"}