{"_sessions":{"BbmO3AOmhPFlgsYIjbS7Z9/l8ePp0h2cYXHVE4Asq/0A":{"registrationId":1265522213,"currentRatchet":{"ephemeralKeyPair":{"pubKey":"BQ2K2eUTHGmFAL1fzJA6hiGXXLhj8O6YNK35xNfN1E0X","privKey":"eDkUZq9z1lAT69KaxwS4mWU7BiHOVEh0frL1nWy/IXg="},"lastRemoteEphemeralKey":"BW7erC3ZcnZOOC5Ux7fm+5tJ3UF2AAOq1UCF9vaELdFp","previousCounter":0,"rootKey":"o3xoyv6yLf5ZhSz0k7H8LIYeqQ4RvwwSinJhU+ssRX4="},"indexInfo":{"baseKey":"BbmO3AOmhPFlgsYIjbS7Z9/l8ePp0h2cYXHVE4Asq/0A","baseKeyType":1,"closed":-1,"used":1737993015002,"created":1737993015002,"remoteIdentityKey":"BdMMeiFjdvjDnuVPTc+f+/6CWxezGaAPhz27q5XHj+Y2"},"_chains":{"BQ2K2eUTHGmFAL1fzJA6hiGXXLhj8O6YNK35xNfN1E0X":{"chainKey":{"counter":0,"key":"cdlwbgjQCGpcDt9Q02iAF0yG7Mqqj/ZPBDnQZLoou0E="},"chainType":1,"messageKeys":{}}},"pendingPreKey":{"signedKeyId":10,"baseKey":"BbmO3AOmhPFlgsYIjbS7Z9/l8ePp0h2cYXHVE4Asq/0A","preKeyId":5574476}}},"version":"v1"}