{"_sessions":{"Bd0VaTlj6UHHvzZzv9Fb7cpz6Vhlth3yWJf80TCcqGEA":{"registrationId":1376412276,"currentRatchet":{"ephemeralKeyPair":{"pubKey":"BVMbiJ1H0WsW6HBchnCh/UkXfsDGZ+Qr9aFrJEswdvJg","privKey":"6ONhp3pk/k9Htvk/d0wqZKkZnQFynp6Q7fcxYPhGC2o="},"lastRemoteEphemeralKey":"BVmvOQkGwzbOkyI1PqezGzZjlFcA06dnk5CYITjX4mJT","previousCounter":0,"rootKey":"ubjYIlk6l+LRcUO0Paq+AJCd9rjIdbhlmbLVv0Gu0vI="},"indexInfo":{"baseKey":"Bd0VaTlj6UHHvzZzv9Fb7cpz6Vhlth3yWJf80TCcqGEA","baseKeyType":2,"closed":-1,"used":1737994252495,"created":1737994252495,"remoteIdentityKey":"BcwrHL6aeuh9fcM1sgG+ABNfMsRo6of/gJs1D04+4Fsm"},"_chains":{"BVmvOQkGwzbOkyI1PqezGzZjlFcA06dnk5CYITjX4mJT":{"chainKey":{"counter":1,"key":"dkl1BGNhJ0oGSwmcqQlWrf2gDJj/mB4dLBWR0dIG0IE="},"chainType":2,"messageKeys":{}},"BVMbiJ1H0WsW6HBchnCh/UkXfsDGZ+Qr9aFrJEswdvJg":{"chainKey":{"counter":-1,"key":"y5eaoU0KReYMMJY/0x1SSfJmMpiM3Ztzto8GG0cKodA="},"chainType":1,"messageKeys":{}}}}},"version":"v1"}