{"_sessions":{"BQiGb1XYhiYCKU7j4Eb+0TRSYKL68PWek+iLhHQVIl9A":{"registrationId":1457530456,"currentRatchet":{"ephemeralKeyPair":{"pubKey":"BeId24XEdm+PNcXs2waJfibPKkdGonypT9FAUGAl7flt","privKey":"EKg5XpSwtrwQsdRG7Q5xFQ5+l+1Ksz/Co7ISYnrQfWE="},"lastRemoteEphemeralKey":"BWPnzFRlnx5PRvyY/SIznjKTv3wkBOiWpP5sY2adGvgO","previousCounter":0,"rootKey":"XjlqheOzQxo3U7s4Oh4/PfqmBb8MrYKOYTa73nm1t3A="},"indexInfo":{"baseKey":"BQiGb1XYhiYCKU7j4Eb+0TRSYKL68PWek+iLhHQVIl9A","baseKeyType":1,"closed":-1,"used":1737993014604,"created":1737993014604,"remoteIdentityKey":"BR8pm43hVTt/ZW+OhSBDtrgSvK41DT8id63X+SiJsVdI"},"_chains":{"BeId24XEdm+PNcXs2waJfibPKkdGonypT9FAUGAl7flt":{"chainKey":{"counter":0,"key":"EAscd0wWCgBAm6LYonI9RVRtH5LenF2Qb0rUEyr9xP4="},"chainType":1,"messageKeys":{}}},"pendingPreKey":{"signedKeyId":22,"baseKey":"BQiGb1XYhiYCKU7j4Eb+0TRSYKL68PWek+iLhHQVIl9A","preKeyId":10896809}}},"version":"v1"}