{"_sessions":{"Bdh0bMGODvbksCltWs54lRtuCBKu5ucirM/wldUp8CFM":{"registrationId":1096759121,"currentRatchet":{"ephemeralKeyPair":{"pubKey":"BW6oTfthcuoBptqYZpiY2/OldyWBrEoVQRZrzbmSVCcE","privKey":"sNguvjDsJqF2PmvbP1y6c9WbIjoXG6DJxvZGIFmKUWw="},"lastRemoteEphemeralKey":"Ba/HQ39GMVz5XgTUKmqyKdPd+4/uKhI9lx5mhnP1m0JC","previousCounter":0,"rootKey":"uBmo/GQVZCRkF91Tlfpd7CYLW3E7obUEiNGW0B26rso="},"indexInfo":{"baseKey":"Bdh0bMGODvbksCltWs54lRtuCBKu5ucirM/wldUp8CFM","baseKeyType":1,"closed":-1,"used":1737993134890,"created":1737993134890,"remoteIdentityKey":"BWvQkJiUftwXNTCpJMcf5ONBSCNyUtbXAqqkKloOcHRI"},"_chains":{"BW6oTfthcuoBptqYZpiY2/OldyWBrEoVQRZrzbmSVCcE":{"chainKey":{"counter":1,"key":"XkdqW7bJl/TXsPz8CM6v5pTPPBFtEagz7KH8MpDHnUQ="},"chainType":1,"messageKeys":{}}},"pendingPreKey":{"signedKeyId":4,"baseKey":"Bdh0bMGODvbksCltWs54lRtuCBKu5ucirM/wldUp8CFM"}}},"version":"v1"}