{"_sessions":{"BWM2jGRRYlSlClMOIO9ATi0h9K3fHxg06QL2pQEHUiEF":{"registrationId":1552792330,"currentRatchet":{"ephemeralKeyPair":{"pubKey":"BZ1YBsqN2gN8Ql2/INYx/46eOCP6xEtva1fcnKpJBC5a","privKey":"MGm1nfNhAVebYJhthBYpcRejdobh9Jfcf+rFY9d7IWg="},"lastRemoteEphemeralKey":"BR35sHTABMw48ZIVG4bWUwj+vaydrJM+Xlbj7+RFnNQR","previousCounter":0,"rootKey":"rwsbdxKnARKyd8yOn0ULmsTFVoYHvEfq2dbSFC2DkdQ="},"indexInfo":{"baseKey":"BWM2jGRRYlSlClMOIO9ATi0h9K3fHxg06QL2pQEHUiEF","baseKeyType":2,"closed":1737992340638,"used":1737992323000,"created":1737992323000,"remoteIdentityKey":"BcipmQELk2F2sp3tg5Btmnbs3gyN30VdwOdW2q/XLWFW"},"_chains":{"BR35sHTABMw48ZIVG4bWUwj+vaydrJM+Xlbj7+RFnNQR":{"chainKey":{"counter":0,"key":"RvnF2IV6aj1Al3MPnfY5Am9t9nUq/qsLTuDamVAfiQU="},"chainType":2,"messageKeys":{}},"BZ1YBsqN2gN8Ql2/INYx/46eOCP6xEtva1fcnKpJBC5a":{"chainKey":{"counter":0,"key":"e67aLLsA5dfEjrtne/ZiztDnLz/NQr9aHS2//zAvnK0="},"chainType":1,"messageKeys":{}}}},"BazGDSQhE98byIZIA5qLUVcktP+9XTu8ln2cBNIcdjxb":{"registrationId":1552792330,"currentRatchet":{"ephemeralKeyPair":{"pubKey":"BbQFSFVw5VKxNLymUgNeL/FZioGsIWaK6OSWsR5t4Icw","privKey":"IGo51g86s458mX6bO4XsWpagWig7P9REyufbUQeHDFI="},"lastRemoteEphemeralKey":"BUKSowTxZ4kAB3Ua0p6ghgrWWM9KsKnUgytJcDyjU58x","previousCounter":0,"rootKey":"HM0vVTE+e/olW6GtxmcVZ3NrsfenhZLWlW2DwyJgWcA="},"indexInfo":{"baseKey":"BazGDSQhE98byIZIA5qLUVcktP+9XTu8ln2cBNIcdjxb","baseKeyType":2,"closed":-1,"used":1737992391837,"created":1737992340641,"remoteIdentityKey":"BcipmQELk2F2sp3tg5Btmnbs3gyN30VdwOdW2q/XLWFW"},"_chains":{"BXRxTyTOAhE90PT+eveuazmrR7U/8C78JC9lGd+bi29A":{"chainKey":{"counter":1},"chainType":2,"messageKeys":{}},"BR13yUV52bY5ijk0ZalB2Ryc+GwBwQ9QTEPv75O8N+Yk":{"chainKey":{"counter":1},"chainType":2,"messageKeys":{}},"BUKSowTxZ4kAB3Ua0p6ghgrWWM9KsKnUgytJcDyjU58x":{"chainKey":{"counter":0,"key":"r0rWW2SEjkPwVUeNd4LPZjZxROS9zjuGEj0eua5AovE="},"chainType":2,"messageKeys":{}},"BbQFSFVw5VKxNLymUgNeL/FZioGsIWaK6OSWsR5t4Icw":{"chainKey":{"counter":-1,"key":"D9n3omeim3K8f52rxnA07DwoY3uEfYIz1dr0e0vyLNs="},"chainType":1,"messageKeys":{}}}}},"version":"v1"}