{"_sessions":{"BRBlzbRRd4Alx0RQAUQ7lw2u2GThzQIwMDz+Lars1nwh":{"registrationId":199387707,"currentRatchet":{"ephemeralKeyPair":{"pubKey":"BRGKzf1Vn3eeXQpfut+7VnErOvBk76gmlK2Z1eT58vhF","privKey":"kJqHImhUdwxAFQZ659U43l2POltQRFGI08D7UJWONmY="},"lastRemoteEphemeralKey":"BZP5/O2DtbpCoKWLowGQd9VRfF6tw5N33xK4nzCBngZk","previousCounter":0,"rootKey":"s0wYWY7kF2cm9uj01Iz74B8pxwzpOe+rrKw3vohVs+o="},"indexInfo":{"baseKey":"BRBlzbRRd4Alx0RQAUQ7lw2u2GThzQIwMDz+Lars1nwh","baseKeyType":1,"closed":-1,"used":1737993014545,"created":1737993014545,"remoteIdentityKey":"Bbx97bFQQKxSIEr5kbCyaZT3X9Vzrintv9/mEkaIjboM"},"_chains":{"BRGKzf1Vn3eeXQpfut+7VnErOvBk76gmlK2Z1eT58vhF":{"chainKey":{"counter":0,"key":"0HpCECPi7GCQjDFj4VoHf/R0HX/M6hcNwy118/08rug="},"chainType":1,"messageKeys":{}}},"pendingPreKey":{"signedKeyId":0,"baseKey":"BRBlzbRRd4Alx0RQAUQ7lw2u2GThzQIwMDz+Lars1nwh","preKeyId":1733924}}},"version":"v1"}