{"_sessions":{"BWkUowpEdxuMkBfEmDXVi/J8njdGRG1Mp0rMMkY7iT4V":{"registrationId":680112103,"currentRatchet":{"ephemeralKeyPair":{"pubKey":"BbU8CWoVjEK33ZGLRwK+DScgcp6rjhWql4byGFDd7J85","privKey":"UNNKFL+axYRim0CzG3ge3KHzZ1uK9MYjvjlT4OPwP08="},"lastRemoteEphemeralKey":"BV8C3srm1BoG22Zuk3/ae8yW8CN1yk+PYN+Co+uzUcYE","previousCounter":0,"rootKey":"/v//kWoVCSf/9DFFCSyZ+yzq3QJcpXy/BRbUJncZaZA="},"indexInfo":{"baseKey":"BWkUowpEdxuMkBfEmDXVi/J8njdGRG1Mp0rMMkY7iT4V","baseKeyType":1,"closed":-1,"used":1737994371192,"created":1737994371192,"remoteIdentityKey":"BW8bdrGPY/O4q89lTKWw/3KncBB56P6mjer4q1DAMiwf"},"_chains":{"BbU8CWoVjEK33ZGLRwK+DScgcp6rjhWql4byGFDd7J85":{"chainKey":{"counter":0,"key":"CVh4BdfP8/7Hw8TqqahRRwfZnMxCAj/9wZJ4HSBUaag="},"chainType":1,"messageKeys":{}}},"pendingPreKey":{"signedKeyId":4,"baseKey":"BWkUowpEdxuMkBfEmDXVi/J8njdGRG1Mp0rMMkY7iT4V","preKeyId":13369068}}},"version":"v1"}