{"_sessions":{"BUF39zMr09YSDXQcngnyPisTA6dV3J0Ey1rVFrhCC7BR":{"registrationId":1136662636,"currentRatchet":{"ephemeralKeyPair":{"pubKey":"BR1CmG2fYQTYHfSJToWk1OaNRi08zFM8AbiD+qMtud8T","privKey":"QBXZa6x1rv9RL7SXI4vjNVJMwrVgOurvVrBqy5bADls="},"lastRemoteEphemeralKey":"BcQbrbfajB9Yutr1vLrYnuDNiZBQgy6eDEgy3jocAPM5","previousCounter":0,"rootKey":"JWGUIY0tUsw3L7fW13WFRei5sD4Mo8pBRsCqpE4Y1XI="},"indexInfo":{"baseKey":"BUF39zMr09YSDXQcngnyPisTA6dV3J0Ey1rVFrhCC7BR","baseKeyType":2,"closed":-1,"used":1737994432261,"created":1737994432261,"remoteIdentityKey":"BSgXk3RiyNE8BCLYDJzO+2OP1hU+KjOXjaoSm/62FEUK"},"_chains":{"BcQbrbfajB9Yutr1vLrYnuDNiZBQgy6eDEgy3jocAPM5":{"chainKey":{"counter":3,"key":"s89Ozq33034UYEhAZnHq5Thjt4+lFkkRBDokgc7U+Cw="},"chainType":2,"messageKeys":{}},"BR1CmG2fYQTYHfSJToWk1OaNRi08zFM8AbiD+qMtud8T":{"chainKey":{"counter":-1,"key":"yMgbSvZnA45mvyVVeP8fKoLYVbwVbNp8Jw726Lt2lfw="},"chainType":1,"messageKeys":{}}}}},"version":"v1"}