{"_sessions":{"BQ7VF0MaPWgU4rlKhwlEQSBeO9vx+WXtHZn0TcSf0gwq":{"registrationId":518066755,"currentRatchet":{"ephemeralKeyPair":{"pubKey":"BaGE9arfRIeyKuhsC/ZeL5HfX+SMKfhUG9l4qgkfMtwW","privKey":"yAhH3JTvySRYAX51RUBTutmc5WQq5KQly3n6K9+Ld0o="},"lastRemoteEphemeralKey":"BcmQVUAinhGy7UiRc4mi687OJjsqlvVZWWydav9sfskr","previousCounter":0,"rootKey":"r1kDMnzoU4x+KXcv4Q3mdZvVM/NeserwBR6BIjroT1w="},"indexInfo":{"baseKey":"BQ7VF0MaPWgU4rlKhwlEQSBeO9vx+WXtHZn0TcSf0gwq","baseKeyType":1,"closed":-1,"used":1737997978686,"created":1737997978686,"remoteIdentityKey":"BYm3W1dr9hDnfhUqDJnWiIFmFsj/eVPw1BjFfJ6NjbkC"},"_chains":{"BaGE9arfRIeyKuhsC/ZeL5HfX+SMKfhUG9l4qgkfMtwW":{"chainKey":{"counter":0,"key":"vEXxYnTtToD5ikTs1fkeG7sYcAcX0uiqT86GLFHmYcw="},"chainType":1,"messageKeys":{}}},"pendingPreKey":{"signedKeyId":1,"baseKey":"BQ7VF0MaPWgU4rlKhwlEQSBeO9vx+WXtHZn0TcSf0gwq","preKeyId":638}}},"version":"v1"}