{"_sessions":{"BVhfkcasQc8UAT8o7GKR5YklfOz19bhFMF45JY+0FRJh":{"registrationId":1941380169,"currentRatchet":{"ephemeralKeyPair":{"pubKey":"BRA6ESFE5WNBHoquwPFEZ2OL3OUQE/FP7d0+Le5B06VL","privKey":"UOoIsi0/B4uPCpo+EB/F/g3hQ1bnxudN30NHbe6lMns="},"lastRemoteEphemeralKey":"BTkV4o0o6z9vG+fuXofVFdg2kLN/fUhK5UcHooCMmJEJ","previousCounter":0,"rootKey":"CPNCaHUi73JSGZydqyIZ69kLt8gAimsTdhT6cnDkHW0="},"indexInfo":{"baseKey":"BVhfkcasQc8UAT8o7GKR5YklfOz19bhFMF45JY+0FRJh","baseKeyType":1,"closed":-1,"used":1737993014566,"created":1737993014566,"remoteIdentityKey":"BcsxBfs2d4T0V4ISPE59cV87x6beXZMjmylRMcYgeaZp"},"_chains":{"BRA6ESFE5WNBHoquwPFEZ2OL3OUQE/FP7d0+Le5B06VL":{"chainKey":{"counter":0,"key":"m7iJppFhChSoiFGojeF16M8uY74f0tSeArL0qbfM1MA="},"chainType":1,"messageKeys":{}}},"pendingPreKey":{"signedKeyId":0,"baseKey":"BVhfkcasQc8UAT8o7GKR5YklfOz19bhFMF45JY+0FRJh","preKeyId":9883876}}},"version":"v1"}