{"_sessions":{"BXa/6O4SBgJ30YpYQnyMQ73s60rRTRo9vDbUA+Ev2yUp":{"registrationId":292261848,"currentRatchet":{"ephemeralKeyPair":{"pubKey":"BaUn7LCq/N1TgAXEAFMCWKbFxzh+HQdXcb7wJQ5OUXUY","privKey":"MKdIb8lkd+VrSOWMAPVyHdZyMlDLWpDFcBDjoPO64mI="},"lastRemoteEphemeralKey":"BenlMlX/5WBhuM7roHf8dXpk1X656qYmGwOJDmCXFWtU","previousCounter":0,"rootKey":"d470SLOVGZVnyFm0lmdKPeOvOHX/avT+zcDizI+kAc4="},"indexInfo":{"baseKey":"BXa/6O4SBgJ30YpYQnyMQ73s60rRTRo9vDbUA+Ev2yUp","baseKeyType":1,"closed":-1,"used":1737994371149,"created":1737994371149,"remoteIdentityKey":"BW98hCBRuBNk6mm9PBrOqMiAp4QTxkKf+tr7ovYkhxkV"},"_chains":{"BaUn7LCq/N1TgAXEAFMCWKbFxzh+HQdXcb7wJQ5OUXUY":{"chainKey":{"counter":1,"key":"MgVQaJY9rI6HD4GqEZf9R+gO19kr2hfrvzGTd2N+lKw="},"chainType":1,"messageKeys":{}}},"pendingPreKey":{"signedKeyId":5,"baseKey":"BXa/6O4SBgJ30YpYQnyMQ73s60rRTRo9vDbUA+Ev2yUp"}}},"version":"v1"}