{"_sessions":{"BU8ZIbkUhgTqq1ESWlzcxR090L4Lxj+/z6Ld+pHWrdcy":{"registrationId":1154748585,"currentRatchet":{"ephemeralKeyPair":{"pubKey":"BV1q9yGy5ioNyXSWzUVuNskA0Nxqr9POsJWp2H3w9+w8","privKey":"UKZY+MoHdkBTm6vbFO6HYzO6yEVT9sNEaJUhFOCgGW4="},"lastRemoteEphemeralKey":"BQ6P0wnjdhLe6diD5FfNuEoEuQ7aSgZdP25kC8IuhXhK","previousCounter":0,"rootKey":"J+tTX+5oaQkhEWv69gW+304gdKvlsMwS2KOiJBNDGjI="},"indexInfo":{"baseKey":"BU8ZIbkUhgTqq1ESWlzcxR090L4Lxj+/z6Ld+pHWrdcy","baseKeyType":2,"closed":-1,"used":1737994416070,"created":1737994416070,"remoteIdentityKey":"Beq2bin4Et1V6ovAZDdSdYwyy+BNWiSKVEWBXTJRwuha"},"_chains":{"BQ6P0wnjdhLe6diD5FfNuEoEuQ7aSgZdP25kC8IuhXhK":{"chainKey":{"counter":0,"key":"V0vEFnt9thmtRKgIQZRqF5jScPJprQBSHjt3IKJEBV0="},"chainType":2,"messageKeys":{}},"BV1q9yGy5ioNyXSWzUVuNskA0Nxqr9POsJWp2H3w9+w8":{"chainKey":{"counter":-1,"key":"wf4jS+qVuRuSgXMn0a0XSs91tcmqdg1YzMWGz2iIgho="},"chainType":1,"messageKeys":{}}}}},"version":"v1"}