{"_sessions":{"Ba6nW8uQL7y1+dT8JxqNOHivg4EgU5znCAqDZ7rpZ0Z0":{"registrationId":679749107,"currentRatchet":{"ephemeralKeyPair":{"pubKey":"BSzUqQyAgWmyleoxLw2UxMLHVDGdJuv0E9E0MN9C9mh2","privKey":"KFicH5WAGRL5536ebCtlhBrgkPos0RtL2a3ZngEpw34="},"lastRemoteEphemeralKey":"BQzT0syuwfquSYWm5/VLof25RouI5JSudWkj9YU+iOZU","previousCounter":0,"rootKey":"iWL9jzajdehDuxZ3K00bxUFB1OoQpf1wn82iUvNmDpk="},"indexInfo":{"baseKey":"Ba6nW8uQL7y1+dT8JxqNOHivg4EgU5znCAqDZ7rpZ0Z0","baseKeyType":1,"closed":-1,"used":1737993481783,"created":1737993481783,"remoteIdentityKey":"Bc+ZWqWC3/w5/OSygFVPyneH33gylOoT5hnKeAeRS0t/"},"_chains":{"BSzUqQyAgWmyleoxLw2UxMLHVDGdJuv0E9E0MN9C9mh2":{"chainKey":{"counter":0,"key":"d/mharDJQ9daD19zosA1w+rZL/O121BodNC/0DdzHuo="},"chainType":1,"messageKeys":{}}},"pendingPreKey":{"signedKeyId":1,"baseKey":"Ba6nW8uQL7y1+dT8JxqNOHivg4EgU5znCAqDZ7rpZ0Z0","preKeyId":3040356}}},"version":"v1"}