{"_sessions":{"BaKiPnfS2qngm1eZyypGqo/PxkAM9wgGVs6ff7v9Xp9l":{"registrationId":2116665293,"currentRatchet":{"ephemeralKeyPair":{"pubKey":"BanpSgF+FseSyjWGxuVM1Wq3+3kth2L2yfwTYeZKMc4R","privKey":"gEPySVAzHbCS0Wbhd0f+9XzCXz++doa+xVO1CWOURFs="},"lastRemoteEphemeralKey":"BUcshMoP5tZdm6Fn2Ni8fqEJX2eQoBzr3tMPR/Gix2xP","previousCounter":0,"rootKey":"H2Hqss1VfNiDRsVVLhsqwhFs+yi3ZiahA+RBh0YuIdY="},"indexInfo":{"baseKey":"BaKiPnfS2qngm1eZyypGqo/PxkAM9wgGVs6ff7v9Xp9l","baseKeyType":1,"closed":-1,"used":1737993538436,"created":1737993538436,"remoteIdentityKey":"Bfk0njhygMpSZepCJl9mPAYjTysSBcwQhRuQw8NXvtxO"},"_chains":{"BanpSgF+FseSyjWGxuVM1Wq3+3kth2L2yfwTYeZKMc4R":{"chainKey":{"counter":0,"key":"Zt+jhBATFefltupCGdYRsbVjaZSLt31NTW9CpP+FG24="},"chainType":1,"messageKeys":{}}},"pendingPreKey":{"signedKeyId":4,"baseKey":"BaKiPnfS2qngm1eZyypGqo/PxkAM9wgGVs6ff7v9Xp9l","preKeyId":15910031}}},"version":"v1"}