{"_sessions":{"BQcywRXtEILF3LSdF3/1L5NJQDbr4WoGcrNNv65adJMR":{"registrationId":1818660370,"currentRatchet":{"ephemeralKeyPair":{"pubKey":"BeFyspp4c1sDYC6gqy9zkk9RLK7pGsP6JteICM8dULJm","privKey":"+EGy5reHzhfZms7L1xuua60wUX6212qnwzOkmmttdUs="},"lastRemoteEphemeralKey":"BdMm95CYkkK/HGpmHGUN8rTELmGNhfhU18FmzjzZb9M5","previousCounter":0,"rootKey":"4D4UKVUEsmeAKpZ4/M1aBfnImxq/ZeDF2vKvasKvQG8="},"indexInfo":{"baseKey":"BQcywRXtEILF3LSdF3/1L5NJQDbr4WoGcrNNv65adJMR","baseKeyType":1,"closed":-1,"used":1737993134941,"created":1737993134941,"remoteIdentityKey":"BVL93um75TxcCu1QkYremc2O4afrmtVXW6MSUGLp0sQd"},"_chains":{"BeFyspp4c1sDYC6gqy9zkk9RLK7pGsP6JteICM8dULJm":{"chainKey":{"counter":1,"key":"nUBar3fpZLOqZP9YQZdfCLCDAdVjaOp3XFBiIkVm04U="},"chainType":1,"messageKeys":{}}},"pendingPreKey":{"signedKeyId":2,"baseKey":"BQcywRXtEILF3LSdF3/1L5NJQDbr4WoGcrNNv65adJMR","preKeyId":5329898}}},"version":"v1"}