{"_sessions":{"BYR83F0dkLY4GUk8Q+YXjWt/qJ+2WqdSUwanzG+HedZe":{"registrationId":800141242,"currentRatchet":{"ephemeralKeyPair":{"pubKey":"BSGCY+47ZwabZQNNGfD1nh4Wc8b/DmIhaExHniJmxZp4","privKey":"EP470Wtx4eD9yh+75t8m9ygOnm/HUX/WEoG3fpmWvVg="},"lastRemoteEphemeralKey":"BSnk3tjdbKlox4uTb/jpPXtJjRtZouSPD3bvKASjouE9","previousCounter":0,"rootKey":"/Dr2RgcuGa6xnGXDh+b+/DAIng6w6ROdxLk/fkatwRM="},"indexInfo":{"baseKey":"BYR83F0dkLY4GUk8Q+YXjWt/qJ+2WqdSUwanzG+HedZe","baseKeyType":1,"closed":-1,"used":1737993014759,"created":1737993014759,"remoteIdentityKey":"BTNGipuAD5MUqLaAq+S+y4jSfHaCrdK6kHsCn6Lq8fhB"},"_chains":{"BSGCY+47ZwabZQNNGfD1nh4Wc8b/DmIhaExHniJmxZp4":{"chainKey":{"counter":0,"key":"htoFze5Lt/l+Y/X+W14rsTRtzQ2UfmYzgqLafuV27oM="},"chainType":1,"messageKeys":{}}},"pendingPreKey":{"signedKeyId":1,"baseKey":"BYR83F0dkLY4GUk8Q+YXjWt/qJ+2WqdSUwanzG+HedZe","preKeyId":15554859}}},"version":"v1"}