{"_sessions":{"BYRhnZlRdt6wyTh17RPjdobQz/vxUeQaqDC8Eybne74e":{"registrationId":1789674578,"currentRatchet":{"ephemeralKeyPair":{"pubKey":"Bauiqm6b4am0LefxGjkqPOsC+E1sUUISTXvsAUsdE7Jv","privKey":"KIUUxVJqspIvsEnEY6+oC7SZIL4R//fR3StxwtswK2s="},"lastRemoteEphemeralKey":"BayIjXCPgkSDf0yyorK3g7ly2ikmuH+1T5lQA8SOmjVw","previousCounter":0,"rootKey":"CZt/LkCftYUHrZFFejc1G+8Ev70NiMFQOi1Yr2UeX1Q="},"indexInfo":{"baseKey":"BYRhnZlRdt6wyTh17RPjdobQz/vxUeQaqDC8Eybne74e","baseKeyType":1,"closed":-1,"used":1737992069288,"created":1737992069288,"remoteIdentityKey":"BRHY0uTA9sbdF6YYcFWnxs/8+AtBQ6qw28UhkkM0c7t6"},"_chains":{"Bauiqm6b4am0LefxGjkqPOsC+E1sUUISTXvsAUsdE7Jv":{"chainKey":{"counter":0,"key":"P2yq/kMF5PDt3fRVULyiritP+Fxj2M81RPJS4a4e3fo="},"chainType":1,"messageKeys":{}}},"pendingPreKey":{"signedKeyId":2,"baseKey":"BYRhnZlRdt6wyTh17RPjdobQz/vxUeQaqDC8Eybne74e","preKeyId":8162970}}},"version":"v1"}