{"_sessions":{"BZG45UADrAtenbeOr41m4Q5uOygLZFHbRUUIwbkHLqIh":{"registrationId":646023547,"currentRatchet":{"ephemeralKeyPair":{"pubKey":"BdFZdyX1LYWuvQo2/9E+pcVUB4VCGOiOBWJoq+YNFEs0","privKey":"WK9JhHqjHjlDKCdd8hKXb8aGdwLL3UzJt2IMrrNehE8="},"lastRemoteEphemeralKey":"Bbz2kT2qbInCnvlo4Hk372EHSfvVURgY7EXOIOdVqeNi","previousCounter":0,"rootKey":"jxXj8II01K/mXf7G5ZcTkUEYAPUKHGAUtipGBbEuY/A="},"indexInfo":{"baseKey":"BZG45UADrAtenbeOr41m4Q5uOygLZFHbRUUIwbkHLqIh","baseKeyType":1,"closed":-1,"used":1737993014948,"created":1737993014948,"remoteIdentityKey":"BQ6345bjC2juOJBEppYnI0V7g8B36zGY/KgUIOamVeU2"},"_chains":{"BdFZdyX1LYWuvQo2/9E+pcVUB4VCGOiOBWJoq+YNFEs0":{"chainKey":{"counter":0,"key":"xybKi5y6bTVFDuENZAQd2Qluf9eV8zeR6OhugtvfAU4="},"chainType":1,"messageKeys":{}}},"pendingPreKey":{"signedKeyId":1,"baseKey":"BZG45UADrAtenbeOr41m4Q5uOygLZFHbRUUIwbkHLqIh","preKeyId":7439250}}},"version":"v1"}