{"_sessions":{"BaZ9lfemTq1nas4hJZkBUWEyxqF0XNV4Ctm1A8deMdd6":{"registrationId":285479209,"currentRatchet":{"ephemeralKeyPair":{"pubKey":"BVq/YY3TE6BC6t+aIJt0T6lZ6igU4vrQRrXr8Q9aqUJT","privKey":"0LAnqZv6YBqkEwS0SS5FZO0UyhJjTbwg7F2Yjz2XRlk="},"lastRemoteEphemeralKey":"BatVG6xOpdY2G2I55Jc5sWJKFjTG7zWmZr36RxvKBfRu","previousCounter":0,"rootKey":"s+NN5kxii6LcHaFXMFRl6KT8wSThxzC8S8fF+q3Qhts="},"indexInfo":{"baseKey":"BaZ9lfemTq1nas4hJZkBUWEyxqF0XNV4Ctm1A8deMdd6","baseKeyType":1,"closed":-1,"used":1737992069230,"created":1737992069230,"remoteIdentityKey":"BT7rhyJ1sgdh9TrwyWbjejerfWGLUP7PMQOswFxlKU15"},"_chains":{"BVq/YY3TE6BC6t+aIJt0T6lZ6igU4vrQRrXr8Q9aqUJT":{"chainKey":{"counter":0,"key":"zeqkjrNJZFhLNcgqt3qWYoA3NzM3bOoPkrKvgLJ22zA="},"chainType":1,"messageKeys":{}}},"pendingPreKey":{"signedKeyId":2,"baseKey":"BaZ9lfemTq1nas4hJZkBUWEyxqF0XNV4Ctm1A8deMdd6","preKeyId":1181726}}},"version":"v1"}