{"_sessions":{"BdQbIe74rsFAWH+nyFT+4wIhSufts6hcDf2lkaGEe+QQ":{"registrationId":938044351,"currentRatchet":{"ephemeralKeyPair":{"pubKey":"BT1/tHPw8gtlXT1YtJo3T9VSaHu/FKfgXmb5EtxaVVdi","privKey":"aB5RRou76Dd+pkCGaxxQJIowCQgkftmpEUeapWtla08="},"lastRemoteEphemeralKey":"BdC67BxdDcPxOalfhllZN5ddXSuGSvJsOy8VW8n+4Z8N","previousCounter":0,"rootKey":"qayNaQMPkNNnijjyro5W5w/Qa9sr4eNQX/2IA2tq/lo="},"indexInfo":{"baseKey":"BdQbIe74rsFAWH+nyFT+4wIhSufts6hcDf2lkaGEe+QQ","baseKeyType":1,"closed":-1,"used":1737993538449,"created":1737993538449,"remoteIdentityKey":"BdLHsRdHymLydSWj1QpzXBnDJHuQZLDQ45gcS5gvxyJW"},"_chains":{"BT1/tHPw8gtlXT1YtJo3T9VSaHu/FKfgXmb5EtxaVVdi":{"chainKey":{"counter":0,"key":"cD6a4qs9Zzg7y1cMC9pvSKeoozZBJ0R9RWgYB9URAxI="},"chainType":1,"messageKeys":{}}},"pendingPreKey":{"signedKeyId":2,"baseKey":"BdQbIe74rsFAWH+nyFT+4wIhSufts6hcDf2lkaGEe+QQ","preKeyId":6860093}}},"version":"v1"}