{"_sessions":{"BQtkzInJrhDKkZNDFrEXf76w9wz9S+tvrtLTD1ZeJZl9":{"registrationId":2058467334,"currentRatchet":{"ephemeralKeyPair":{"pubKey":"BcMBXc7ho9YAIx+U3Bu1fhCxIgfUNY2yiz3H/s/xLjZo","privKey":"wI57evj2P4nQNqH/0/OZzONO/eO0hHmOfc7FEyicwmk="},"lastRemoteEphemeralKey":"BZlySGlr029Q7Ofza12csn6emGUjezrUv6FZEWwFZ1gj","previousCounter":0,"rootKey":"RXXDo3cnckJVaEP2lBlN51a/YxASrsyhtBTTQLQoHVA="},"indexInfo":{"baseKey":"BQtkzInJrhDKkZNDFrEXf76w9wz9S+tvrtLTD1ZeJZl9","baseKeyType":1,"closed":-1,"used":1737993014828,"created":1737993014828,"remoteIdentityKey":"BSHJZZe/MGwst8Zx6/drDTO8bt0fyzNuf+o+Z99YNEE4"},"_chains":{"BcMBXc7ho9YAIx+U3Bu1fhCxIgfUNY2yiz3H/s/xLjZo":{"chainKey":{"counter":0,"key":"lmG2qm/Dh7UNL7w6UXcuy3srRBepgMimxBZtM1tMAsc="},"chainType":1,"messageKeys":{}}},"pendingPreKey":{"signedKeyId":0,"baseKey":"BQtkzInJrhDKkZNDFrEXf76w9wz9S+tvrtLTD1ZeJZl9","preKeyId":7805905}}},"version":"v1"}