{"_sessions":{"BSQTDnCl/4tyGTEcR1twOwqApu5MWXAZfqyhJfaRZdYf":{"registrationId":224,"currentRatchet":{"ephemeralKeyPair":{"pubKey":"BSZUwCMjhQOx6JCbeUAVpJUZTsQ6t5iSOyx3hBKSPDEi","privKey":"OC/JR7D5pFOGV2h00wMuX5JPB0L0DjqZREOfPXjDIUY="},"lastRemoteEphemeralKey":"BflvZ+2Rxep4tTXquD5WNKxQs/7AdXNwOcc3EVkIQzBW","previousCounter":0,"rootKey":"FJJAHklMVA+pjF8owLcHvajBLHWThD8WeFuIZCJyDUo="},"indexInfo":{"baseKey":"BSQTDnCl/4tyGTEcR1twOwqApu5MWXAZfqyhJfaRZdYf","baseKeyType":1,"closed":-1,"used":1737993014297,"created":1737993014297,"remoteIdentityKey":"BbW96R3KBRx0IoGqF7UWgR4Z6E3iLoRBzBFYC4P0dtc8"},"_chains":{"BSZUwCMjhQOx6JCbeUAVpJUZTsQ6t5iSOyx3hBKSPDEi":{"chainKey":{"counter":0,"key":"Ns85I6OIqngT+O3LOvbbQlryDMn7SZKF20UGI9E3HQg="},"chainType":1,"messageKeys":{}}},"pendingPreKey":{"signedKeyId":1,"baseKey":"BSQTDnCl/4tyGTEcR1twOwqApu5MWXAZfqyhJfaRZdYf"}}},"version":"v1"}