{"_sessions":{"BZhZnSUOoecYjhOjTe8t+hgggl3p5/XndlfrzUp0B/BL":{"registrationId":886118661,"currentRatchet":{"ephemeralKeyPair":{"pubKey":"BaxTOZyoh0p3r5LhBF5oTf+1SqMsczlBG3pKvqbvSjMW","privKey":"0FEg8ZGzOTR7SV8szoXX7lVxGusWQHnT42orDLDsHVE="},"lastRemoteEphemeralKey":"BbCmD1HC5zQa47NYemGMCgjl/eZzunm9+5N8isbJUlgM","previousCounter":0,"rootKey":"Ta5WORC2XnMbjXC+xVSVg0iYOv8TfnEbCTk0jlGqWW4="},"indexInfo":{"baseKey":"BZhZnSUOoecYjhOjTe8t+hgggl3p5/XndlfrzUp0B/BL","baseKeyType":1,"closed":-1,"used":1737993134962,"created":1737993134962,"remoteIdentityKey":"BeI42LPxu5piiWAtHsFxWZEdlq60t4VUgRbDVngaG7Ra"},"_chains":{"BaxTOZyoh0p3r5LhBF5oTf+1SqMsczlBG3pKvqbvSjMW":{"chainKey":{"counter":1,"key":"8yjUN90FBIzkLTgDVIsZPp/3Baa2nEeIkcYA/8G8XVc="},"chainType":1,"messageKeys":{}}},"pendingPreKey":{"signedKeyId":3,"baseKey":"BZhZnSUOoecYjhOjTe8t+hgggl3p5/XndlfrzUp0B/BL","preKeyId":9842586}}},"version":"v1"}