{"_sessions":{"Ba3QTDti4pevcxOCXBuZvqztkwjaxoRtNIvOTv0skw55":{"registrationId":445835829,"currentRatchet":{"ephemeralKeyPair":{"pubKey":"BZEw2S2987vDA10i5oBUyQmYiE0aJiil5mGjD3tUpXc8","privKey":"oJC4F3qd0xI2xgv/4J4pqv4JG8OnM2cOJbyAI/IY83k="},"lastRemoteEphemeralKey":"BbljxK2kRz5qFDQUXXag+SoT/GyRo+tIoetl97YAiKkM","previousCounter":0,"rootKey":"Ln4cvybsIOwYPywX6z476mLkoIcQHHqf9wMb8ak7Peg="},"indexInfo":{"baseKey":"Ba3QTDti4pevcxOCXBuZvqztkwjaxoRtNIvOTv0skw55","baseKeyType":1,"closed":-1,"used":1737993134951,"created":1737993134951,"remoteIdentityKey":"BdL2KWKcd9L6vs9sTKWpgoaeKPTjnIo7MfxDK8JsD+I/"},"_chains":{"BZEw2S2987vDA10i5oBUyQmYiE0aJiil5mGjD3tUpXc8":{"chainKey":{"counter":1,"key":"nVZGTWwlNmZrKF+CcILqQy70BWCdXqY1SBso0VO0Ono="},"chainType":1,"messageKeys":{}}},"pendingPreKey":{"signedKeyId":0,"baseKey":"Ba3QTDti4pevcxOCXBuZvqztkwjaxoRtNIvOTv0skw55"}}},"version":"v1"}