{"_sessions":{"BTvnvAfqtPojIaZkc7DsV6s7CYqAA2CCN4eJiJFuhftd":{"registrationId":150953014,"currentRatchet":{"ephemeralKeyPair":{"pubKey":"BQObKVv0KrYGGAi6ct+ZfVfJ1NrnwSpr9PbVkUE+WBQw","privKey":"AJ9/WjAb+Tir52vi+k35SNFeCDUHR+6B5kXdSeD51l8="},"lastRemoteEphemeralKey":"Bd8tbDtXZkWWnUlRjvASrGzdN9/M0FDmwmEVZPS0Zfg3","previousCounter":0,"rootKey":"wZ9b/MDwLlIQA1grjuMnQGyPPmvfsMBvx+VVx6Dzxyw="},"indexInfo":{"baseKey":"BTvnvAfqtPojIaZkc7DsV6s7CYqAA2CCN4eJiJFuhftd","baseKeyType":1,"closed":-1,"used":1737993014751,"created":1737993014751,"remoteIdentityKey":"BTQEzCV6OHlAomn7zuPv0JXpyIugiQjPCLv7E+5nKsl+"},"_chains":{"BQObKVv0KrYGGAi6ct+ZfVfJ1NrnwSpr9PbVkUE+WBQw":{"chainKey":{"counter":0,"key":"vyWW3f5QL/7O1hfRVWsoQkfEDUMSB97g8X4mWuVWCsQ="},"chainType":1,"messageKeys":{}}},"pendingPreKey":{"signedKeyId":5,"baseKey":"BTvnvAfqtPojIaZkc7DsV6s7CYqAA2CCN4eJiJFuhftd","preKeyId":10950937}}},"version":"v1"}