{"_sessions":{"BZMHmj4Aq45DaneYKsZCeTMLwRpY92wW7jBpPyJjrT1q":{"registrationId":1952694862,"currentRatchet":{"ephemeralKeyPair":{"pubKey":"BdoFi0bQMTiCyIqd9S9ibPIS65n2Qwvk9phJmVJAzHdX","privKey":"QKlB4EH7/qsRJ03ahaOlKc/VzVQDuBRWmdtAvReIc2E="},"lastRemoteEphemeralKey":"BcbOWvMKZ6556VxD772hidw19nJrqu5Lee7Y6Rotx3sr","previousCounter":0,"rootKey":"dabqnZtVWQtbUx6w4ugmnfOSvx4MRoWTIgfShjGomg4="},"indexInfo":{"baseKey":"BZMHmj4Aq45DaneYKsZCeTMLwRpY92wW7jBpPyJjrT1q","baseKeyType":1,"closed":-1,"used":1737993014237,"created":1737993014237,"remoteIdentityKey":"BWMGmpdu968GKSCoOEDmYnCDtmkuWRN8aTZ+Rsu7Me9c"},"_chains":{"BdoFi0bQMTiCyIqd9S9ibPIS65n2Qwvk9phJmVJAzHdX":{"chainKey":{"counter":0,"key":"DHSfHh8OD3/jriC/VyppU22RJb4kef/3LHgE0sddIXE="},"chainType":1,"messageKeys":{}}},"pendingPreKey":{"signedKeyId":546,"baseKey":"BZMHmj4Aq45DaneYKsZCeTMLwRpY92wW7jBpPyJjrT1q"}}},"version":"v1"}