{"_sessions":{"BdyiPMu3Y3POZmU7xltHAOBbGM06arauC55re1t06eEA":{"registrationId":870843031,"currentRatchet":{"ephemeralKeyPair":{"pubKey":"BVaIeryHV0m94cNc8OYHI5yksKRoI5aFpy8GZLEMM05f","privKey":"GKhveKG7hOc0AdgsenGORjf1151/1a/MfavAMIkvFG0="},"lastRemoteEphemeralKey":"BQkLONeI1bBdlk4sEZh/WMF4ba2B0VWB5h5f6Hc1DEps","previousCounter":0,"rootKey":"27dzcId+v0Yl9CuqK5RXBnW6/DmW9c7XXvQxSkBo6UI="},"indexInfo":{"baseKey":"BdyiPMu3Y3POZmU7xltHAOBbGM06arauC55re1t06eEA","baseKeyType":1,"closed":-1,"used":1737993538540,"created":1737993538540,"remoteIdentityKey":"Bb5TkOQ9OFgQdGAZTfxZxhAaTkmwp5CZ51rNY0bfevVF"},"_chains":{"BVaIeryHV0m94cNc8OYHI5yksKRoI5aFpy8GZLEMM05f":{"chainKey":{"counter":0,"key":"dUE28EV7ETW4Pu2cK9qhDbnO/ZHHigYheb0T49uGbw4="},"chainType":1,"messageKeys":{}}},"pendingPreKey":{"signedKeyId":14,"baseKey":"BdyiPMu3Y3POZmU7xltHAOBbGM06arauC55re1t06eEA","preKeyId":11929115}}},"version":"v1"}