{"_sessions":{"BTkWPcpB8XWgZeuaVMmJLwp9d2SrYYmqQQLwfttPVuRi":{"registrationId":1172658610,"currentRatchet":{"ephemeralKeyPair":{"pubKey":"BWDjDiPoAOoKE9mLbstQavJ9jrYE2EM10DwQYF6iqUIc","privKey":"mL0NSjU3Zhnvf9y18bsUhqtcZDKsz0EMgHGDat8bc1c="},"lastRemoteEphemeralKey":"BXPgXaoDIztbKpFWv6QigFrniZ/Bz97YEgJZKHTIZCdW","previousCounter":0,"rootKey":"PqMs7S7PZZMj15gcoygdRynaRexkUaemiVTPfVviDzA="},"indexInfo":{"baseKey":"BTkWPcpB8XWgZeuaVMmJLwp9d2SrYYmqQQLwfttPVuRi","baseKeyType":1,"closed":-1,"used":1737994371116,"created":1737994371116,"remoteIdentityKey":"BQKFeKkBr/pVhFLi4Wq6gdtiTkQ7hrqpayw/FZEwshlv"},"_chains":{"BWDjDiPoAOoKE9mLbstQavJ9jrYE2EM10DwQYF6iqUIc":{"chainKey":{"counter":0,"key":"ZCsSfXdvz/I1rG4P0n8lw8mySkSkaptg4c0UgSnsn+c="},"chainType":1,"messageKeys":{}}},"pendingPreKey":{"signedKeyId":2,"baseKey":"BTkWPcpB8XWgZeuaVMmJLwp9d2SrYYmqQQLwfttPVuRi","preKeyId":2219149}}},"version":"v1"}