{"_sessions":{"Bcr/anGEaKn7ol6ELH76kHK8DuWowv+iFeVevabyChgt":{"registrationId":1736153803,"currentRatchet":{"ephemeralKeyPair":{"pubKey":"BSahoj2crQe8sK7pwx3BOuNBx7gfb7R9Bo+TeybiH6gR","privKey":"SHziYcjAzy5hwLYuJJOvEJCSZKQHZNDNbd6hyJzrKHA="},"lastRemoteEphemeralKey":"BZAQejCui2Qv1WnHNGet3xLGa6zxB4uwSWjfxO0ZzZYh","previousCounter":0,"rootKey":"bDHv3z2gHOdHSSX67qVwBpNczGmPGrLbQsSy0H+/xlE="},"indexInfo":{"baseKey":"Bcr/anGEaKn7ol6ELH76kHK8DuWowv+iFeVevabyChgt","baseKeyType":1,"closed":-1,"used":1737993014555,"created":1737993014555,"remoteIdentityKey":"BcpTt/ELxHxmq5R+Zlh/lQUEWhsyXN80sitox5QbWyx+"},"_chains":{"BSahoj2crQe8sK7pwx3BOuNBx7gfb7R9Bo+TeybiH6gR":{"chainKey":{"counter":0,"key":"iVwpeuuu5c/bT7jRhoZcvxFDNgReZqlJqHC1eoxphvw="},"chainType":1,"messageKeys":{}}},"pendingPreKey":{"signedKeyId":2,"baseKey":"Bcr/anGEaKn7ol6ELH76kHK8DuWowv+iFeVevabyChgt","preKeyId":13016716}}},"version":"v1"}