{"_sessions":{"BVM9nDmfsZUxJKe8KG1CfK84Qz7Syz7J3JIESyuj8lYE":{"registrationId":12536,"currentRatchet":{"ephemeralKeyPair":{"pubKey":"BVDzeqN2wP3Tr21NHi+YGimlvc3zG/AKh/teMuEJW8Jw","privKey":"kAcZ3flc2976XDyiDI03rnUckn6sUNHjiuF5aVEiqEo="},"lastRemoteEphemeralKey":"BZI3awKDh0ynoBANIqHkvAsqXw3pJ3ajHU3tRDy1toZE","previousCounter":0,"rootKey":"pJa/FxUlnHGSD1paoXv2A6VnaedkQjlPX8Pq/7ifZak="},"indexInfo":{"baseKey":"BVM9nDmfsZUxJKe8KG1CfK84Qz7Syz7J3JIESyuj8lYE","baseKeyType":1,"closed":-1,"used":1737992069160,"created":1737992069160,"remoteIdentityKey":"BfV3+JjMT5stDxkryvptWhw8erfHNXEJgG0gYJmZZDhD"},"_chains":{"BVDzeqN2wP3Tr21NHi+YGimlvc3zG/AKh/teMuEJW8Jw":{"chainKey":{"counter":0,"key":"SPDhsFz3WycEbS5a+QcF44LHzH22d8Agd/RYb2twPms="},"chainType":1,"messageKeys":{}}},"pendingPreKey":{"signedKeyId":1,"baseKey":"BVM9nDmfsZUxJKe8KG1CfK84Qz7Syz7J3JIESyuj8lYE"}}},"version":"v1"}