{"_sessions":{"BWwFhmA5e27Rjg1dVIE7cHhzAsFbY1gpjcsAay+olzBW":{"registrationId":2073333691,"currentRatchet":{"ephemeralKeyPair":{"pubKey":"BayStFRAEuQJHfWCWcRA2FuoyPccHHxhcj2ejF2YEJ9P","privKey":"KNUhio1adCLAyheSZBuqOJx8q3J5puZPt+gVWjoDw1c="},"lastRemoteEphemeralKey":"BdFlI4+iQSBoiJPPGrwrLVEHR9eUoh840Gd41CK1z8dp","previousCounter":0,"rootKey":"UynwTyuEYpn1O3Sfggq9WhW6p8/Cuq/3PfSKboqKnyg="},"indexInfo":{"baseKey":"BWwFhmA5e27Rjg1dVIE7cHhzAsFbY1gpjcsAay+olzBW","baseKeyType":1,"closed":-1,"used":1737993014870,"created":1737993014870,"remoteIdentityKey":"BbBfO8NiuexUwirEv8TYNFnUgyN5YtPqVy1H0Rjl3/de"},"_chains":{"BayStFRAEuQJHfWCWcRA2FuoyPccHHxhcj2ejF2YEJ9P":{"chainKey":{"counter":0,"key":"41a+d+YK1gqXq0NIogcJDFQBpu0ZQaPO/iWgJWdM4f0="},"chainType":1,"messageKeys":{}}},"pendingPreKey":{"signedKeyId":6,"baseKey":"BWwFhmA5e27Rjg1dVIE7cHhzAsFbY1gpjcsAay+olzBW","preKeyId":7740739}}},"version":"v1"}