{"_sessions":{"BQ6GWNhA4heuqTC7RS4mjnIUti7H4+Q8wKH+jVHO3cMW":{"registrationId":1160557527,"currentRatchet":{"ephemeralKeyPair":{"pubKey":"BUZDpELqPEvk/87E3eN9el5QGkDdKnZaGM0Rh6OKnicq","privKey":"CDxu7MqGTrGvaRQPAstd83bTkbbSDbK+CrmzUAyNDF0="},"lastRemoteEphemeralKey":"BQHxVheclYMSh+U+Ktzcy7KUXjtUNgdPUF4ch+af/T53","previousCounter":0,"rootKey":"bIfOcN8Aav0ShY6hr8imCbvzDzxTCXgt0IIjYrdO4QI="},"indexInfo":{"baseKey":"BQ6GWNhA4heuqTC7RS4mjnIUti7H4+Q8wKH+jVHO3cMW","baseKeyType":1,"closed":-1,"used":1737992500325,"created":1737992500325,"remoteIdentityKey":"BczT61nloCwYQOUzpB9/+kEWKh/WIvEm30ekjQShc/NR"},"_chains":{"BUZDpELqPEvk/87E3eN9el5QGkDdKnZaGM0Rh6OKnicq":{"chainKey":{"counter":0,"key":"bRCOK9Pedjpx+1HvtPw+rnqZ1Fj1irlAU1iKwFFTJ/A="},"chainType":1,"messageKeys":{}}},"pendingPreKey":{"signedKeyId":0,"baseKey":"BQ6GWNhA4heuqTC7RS4mjnIUti7H4+Q8wKH+jVHO3cMW"}}},"version":"v1"}