{"_sessions":{"BRF4cH8kEaMr7Q9GiyN9lW9IcDtJxV2q0n2rFny0D354":{"registrationId":17977815,"currentRatchet":{"ephemeralKeyPair":{"pubKey":"BbMcBDl17GLYoGxh6LMhf1kwG8Ii63m/BZLSGwypF+IR","privKey":"WEv6RaESM4frTcrp5AjgDH2NLpN3WuYZdDnyt3G0CHw="},"lastRemoteEphemeralKey":"BZxpzs/uyQgH7XflDPM9zVuMwOyFxC2tmm1sQPdkEbci","previousCounter":0,"rootKey":"9QmKbsQOi0PJRkbkZbHlqN1D0Y7dq9fOG7FobGj2sJg="},"indexInfo":{"baseKey":"BRF4cH8kEaMr7Q9GiyN9lW9IcDtJxV2q0n2rFny0D354","baseKeyType":2,"closed":-1,"used":1737992282009,"created":1737992282009,"remoteIdentityKey":"BSHApZuZSLlWUTuFGmDRJWmt0eac6jzeUF+yZzBfH2Jv"},"_chains":{"BZxpzs/uyQgH7XflDPM9zVuMwOyFxC2tmm1sQPdkEbci":{"chainKey":{"counter":0,"key":"QQyzEoWgqwLlp5k0hzXFt1XnByD+d2OrrvOEFqDTksI="},"chainType":2,"messageKeys":{}},"BbMcBDl17GLYoGxh6LMhf1kwG8Ii63m/BZLSGwypF+IR":{"chainKey":{"counter":-1,"key":"bCLy52oQdpTXzPfF/oxSMyiGu762w8QvHiSwcbYfcHE="},"chainType":1,"messageKeys":{}}}}},"version":"v1"}