{"_sessions":{"BdXWa5ZOfoHBwQWemb+5ayPw/TBpI57TXQ0peC3zJsgi":{"registrationId":8217,"currentRatchet":{"ephemeralKeyPair":{"pubKey":"BQfeJ3EebpevZUXIsIkL0jptx/xBIocffcZJNkeQTCJr","privKey":"CMzmpwGUsrdrDhcA0HsjV3h1IKv1Id5+eah8fSc7ZWQ="},"lastRemoteEphemeralKey":"BVhkKinYCjJ9zkVBuvpIaK9NCI+VaYdrpCuWySNyJQEv","previousCounter":0,"rootKey":"TbvU+B2VdGF29MHK5nz0AS7puUDk+iegANHElsMMUVQ="},"indexInfo":{"baseKey":"BdXWa5ZOfoHBwQWemb+5ayPw/TBpI57TXQ0peC3zJsgi","baseKeyType":1,"closed":-1,"used":1737994962993,"created":1737994962993,"remoteIdentityKey":"Baglor82Fx3zY1/0R+XfAU8ynU7paLNw3i1lfnYLDcQX"},"_chains":{"BQfeJ3EebpevZUXIsIkL0jptx/xBIocffcZJNkeQTCJr":{"chainKey":{"counter":0,"key":"zkrfcjrqTFklMdqaWDc+Yk5Vs6q1I1ZaFA0hjCaK0Ok="},"chainType":1,"messageKeys":{}}},"pendingPreKey":{"signedKeyId":1,"baseKey":"BdXWa5ZOfoHBwQWemb+5ayPw/TBpI57TXQ0peC3zJsgi"}}},"version":"v1"}