{"_sessions":{"BdaiK/3LwRcqFH0kXLMnLzVibTqUclJDhmgT5gIjsJRF":{"registrationId":552670556,"currentRatchet":{"ephemeralKeyPair":{"pubKey":"Bb0X5mXzZjF+Ak6GQfhu4Wn2lWXjNMcL92rlNc5iO1Qa","privKey":"WLV5m40sRJGuO2JJn+Z5BfXGhfbHB3G8Zn8RAc+wM3I="},"lastRemoteEphemeralKey":"BfTsCWemWBUvQIMPXT7J6Dayc3WVVrsN/8IprgkBMTZA","previousCounter":0,"rootKey":"SPBIdI1JoHwtMGLtI33Ljzucapye3Fciv31cToolHtQ="},"indexInfo":{"baseKey":"BdaiK/3LwRcqFH0kXLMnLzVibTqUclJDhmgT5gIjsJRF","baseKeyType":1,"closed":-1,"used":1737993014657,"created":1737993014657,"remoteIdentityKey":"BSCZkngYTSFS1sTFXYhzRM5rCpr7KAkHwVXAMtdZ75gd"},"_chains":{"Bb0X5mXzZjF+Ak6GQfhu4Wn2lWXjNMcL92rlNc5iO1Qa":{"chainKey":{"counter":0,"key":"FNL7gqpwEcx+ArONTItyR9SiB0PvSB/jux/98ysb9kc="},"chainType":1,"messageKeys":{}}},"pendingPreKey":{"signedKeyId":2,"baseKey":"BdaiK/3LwRcqFH0kXLMnLzVibTqUclJDhmgT5gIjsJRF","preKeyId":8641571}}},"version":"v1"}