{"_sessions":{"BWIcdSk6rCdD8k/BW6hQUNez3nEwPGBFwb5ZNCoTDUZA":{"registrationId":1018551794,"currentRatchet":{"ephemeralKeyPair":{"pubKey":"BcbAuGa4Ma8lswI+nvBeSWJ5QTee9eTwCUJ61rxM4EsB","privKey":"6E0oRCXDwTozSFd1Mk77AwmXobBB3A+je9FWdhaXLEw="},"lastRemoteEphemeralKey":"BTMORM0uFwjj7AFzVoonnNBEGemynG741dlp3BkW+Xo2","previousCounter":0,"rootKey":"12h7weIGblBrH9WzAWfrCPmzlJSDv8e6amRSY+HI9JM="},"indexInfo":{"baseKey":"BWIcdSk6rCdD8k/BW6hQUNez3nEwPGBFwb5ZNCoTDUZA","baseKeyType":1,"closed":-1,"used":1737993481644,"created":1737993481644,"remoteIdentityKey":"BcDzWxGp9DRTeCtRO4hCaMk04CqhSI8t4/ulAh20fVRx"},"_chains":{"BcbAuGa4Ma8lswI+nvBeSWJ5QTee9eTwCUJ61rxM4EsB":{"chainKey":{"counter":0,"key":"HN2WNUuiw95EB9ly5iYJp+avt2lB3P8ZKK2iwEUNk2o="},"chainType":1,"messageKeys":{}}},"pendingPreKey":{"signedKeyId":2,"baseKey":"BWIcdSk6rCdD8k/BW6hQUNez3nEwPGBFwb5ZNCoTDUZA","preKeyId":1601}}},"version":"v1"}