{"_sessions":{"BRCDNBdHbWx4S1dwsabnGIwTooyYXEHUunUHdyDv4XFW":{"registrationId":20363019,"currentRatchet":{"ephemeralKeyPair":{"pubKey":"BXREFKaowihZqoaUsSo+To3fMLZcdfWxgAkMqIs6nSAQ","privKey":"WFcmq0AUU5ybpNOO1QpiqprczaYb5340D54HGksHHGM="},"lastRemoteEphemeralKey":"BVUXMqqRMbR7QR0cxkL6+IfK4zWMU4vJNz/eH8PMRM5r","previousCounter":0,"rootKey":"4pLdLqZ0oJn94afvlm+tIMicm9XgzCuzqcw4U2vbNsQ="},"indexInfo":{"baseKey":"BRCDNBdHbWx4S1dwsabnGIwTooyYXEHUunUHdyDv4XFW","baseKeyType":1,"closed":-1,"used":1737993014381,"created":1737993014381,"remoteIdentityKey":"BSYYp4rICmiDkDdeTQfQRHLp/+lCGf0mOqi9d+69bOZ3"},"_chains":{"BXREFKaowihZqoaUsSo+To3fMLZcdfWxgAkMqIs6nSAQ":{"chainKey":{"counter":0,"key":"WL0w9d5iWEbBZD/4HKsp7eso7O89Z3/taYFFcT6fUdA="},"chainType":1,"messageKeys":{}}},"pendingPreKey":{"signedKeyId":0,"baseKey":"BRCDNBdHbWx4S1dwsabnGIwTooyYXEHUunUHdyDv4XFW","preKeyId":14118016}}},"version":"v1"}