{"_sessions":{"BfhQXTskf1qS70B6KS3t+ITYrGq9fhD0/WhC78LERDR9":{"registrationId":1448898627,"currentRatchet":{"ephemeralKeyPair":{"pubKey":"BVjktyH4GxqTBeNCJ5vSPMzod5wOfh2w1BKd5N084kUI","privKey":"MDuVBNHQ2VZuHqozQBMiCm6/PcnizSDqhozuWShicWk="},"lastRemoteEphemeralKey":"BXAKyqSDhL6RbUAYv5G9DmKlgUPYxnPLSb8b4UrYqjw1","previousCounter":0,"rootKey":"/f6AdvGGnxjW8MukO7GGx02ohTIZdXueyw0ulKgC9ck="},"indexInfo":{"baseKey":"BfhQXTskf1qS70B6KS3t+ITYrGq9fhD0/WhC78LERDR9","baseKeyType":1,"closed":-1,"used":1737994371169,"created":1737994371169,"remoteIdentityKey":"Bdu8M8pOawSKaJCFv10l3+VmSCDD9wNSk08/amWy15V3"},"_chains":{"BVjktyH4GxqTBeNCJ5vSPMzod5wOfh2w1BKd5N084kUI":{"chainKey":{"counter":0,"key":"moVGGaeObfy6I1O1qDrni1u4yV5bkIwPcoWw8P2/vD8="},"chainType":1,"messageKeys":{}}},"pendingPreKey":{"signedKeyId":0,"baseKey":"BfhQXTskf1qS70B6KS3t+ITYrGq9fhD0/WhC78LERDR9","preKeyId":11977870}}},"version":"v1"}