{"_sessions":{"BRAXOS9Hgel4MFEgRQkVdQZNkHuAqyUDJb9LyPq2zfoq":{"registrationId":1885518641,"currentRatchet":{"ephemeralKeyPair":{"pubKey":"BSl/7TragASFbMj2GRcW7ctHQD5oEsCcxKACoc5qx8MH","privKey":"SPQf80i6o6DUCPmH8FhqDqkMarXXyb2feB2bqAwDxkw="},"lastRemoteEphemeralKey":"BViZt/XVPqs9wwOKmPblq3ttJ7Iquog+fOm6cKU5twxZ","previousCounter":0,"rootKey":"Pk4BNEzoIVhu39vBubrAEaapiC+c04sLGiFbH+wd7OA="},"indexInfo":{"baseKey":"BRAXOS9Hgel4MFEgRQkVdQZNkHuAqyUDJb9LyPq2zfoq","baseKeyType":1,"closed":-1,"used":1737993014520,"created":1737993014520,"remoteIdentityKey":"BQT4boeOzoFBHkmICpb8dxYtyKdclYBrVS2M8UU2fJZs"},"_chains":{"BSl/7TragASFbMj2GRcW7ctHQD5oEsCcxKACoc5qx8MH":{"chainKey":{"counter":0,"key":"QZezzoeHJbYQxq3TwILDmHcBgJSzgypv+FpKfCERMRk="},"chainType":1,"messageKeys":{}}},"pendingPreKey":{"signedKeyId":16,"baseKey":"BRAXOS9Hgel4MFEgRQkVdQZNkHuAqyUDJb9LyPq2zfoq","preKeyId":4295402}}},"version":"v1"}