{"_sessions":{"BWg0eC4cdnjEOb9P/YvEqka2uLcpMediinBBRT1zk3IK":{"registrationId":2042312116,"currentRatchet":{"ephemeralKeyPair":{"pubKey":"BQbZ14DFI05JApsKueRAi+Fnc/ThiPxia04SuYYbmGIQ","privKey":"eMCVYY4kp8VBIGddvST1Q63hOII/bnqz+8ncL87g7Gk="},"lastRemoteEphemeralKey":"BYuV4fk/4Q9Rs5jCV7vqQS7zPIyrOnBykSwaIh1LQw1I","previousCounter":0,"rootKey":"UzWxz3aQP+qeYqsqGTnYw52fIfU+B5ahvtnvfEL2sCo="},"indexInfo":{"baseKey":"BWg0eC4cdnjEOb9P/YvEqka2uLcpMediinBBRT1zk3IK","baseKeyType":1,"closed":-1,"used":1737993015116,"created":1737993015116,"remoteIdentityKey":"Be0YV7DuXPQjzCskLKNVekPeHS9OCSWPPFZBAVX/4bZY"},"_chains":{"BQbZ14DFI05JApsKueRAi+Fnc/ThiPxia04SuYYbmGIQ":{"chainKey":{"counter":0,"key":"007ZhpcG0I7yZ63HEtm/FOeUpEKYtCeSdQKncm9YHl4="},"chainType":1,"messageKeys":{}}},"pendingPreKey":{"signedKeyId":1,"baseKey":"BWg0eC4cdnjEOb9P/YvEqka2uLcpMediinBBRT1zk3IK","preKeyId":7019683}}},"version":"v1"}