{"_sessions":{"BfiBIhY26jGYN5WV2DlkQFVyDEvykxv1M22u/mybcPUX":{"registrationId":1835523428,"currentRatchet":{"ephemeralKeyPair":{"pubKey":"BXKw0Xl2moauGuc2vBohIR5qp02TapTT5NKnUNzZ4cs2","privKey":"AAbWEAmkV5dRntiGuD/HQrLgxOhoQjGpRSqpdvN98HY="},"lastRemoteEphemeralKey":"BUf02T+3Z88Uuk1lzaJyx55stfRex31z+L8Qt0L87pNH","previousCounter":0,"rootKey":"h6EdnCJS9I02YOckCLXKqUNMI3cB8SqujWcbQ/NVgVg="},"indexInfo":{"baseKey":"BfiBIhY26jGYN5WV2DlkQFVyDEvykxv1M22u/mybcPUX","baseKeyType":2,"closed":-1,"used":1737994461204,"created":1737994461204,"remoteIdentityKey":"BSQ3ut9MPoS0FrHuA2eTqU/JpsjqwktWRXa3uVIo1Z0K"},"_chains":{"BUf02T+3Z88Uuk1lzaJyx55stfRex31z+L8Qt0L87pNH":{"chainKey":{"counter":1,"key":"K1E+gcfwfcTPr2OtaDwSNCl8bkCPy8Y/p93xgUtk9bk="},"chainType":2,"messageKeys":{}},"BXKw0Xl2moauGuc2vBohIR5qp02TapTT5NKnUNzZ4cs2":{"chainKey":{"counter":-1,"key":"u+BJWGVd2S1uMNS1YEg6XOeuFh/f1WAr7r8psHGdXXA="},"chainType":1,"messageKeys":{}}}}},"version":"v1"}