{"_sessions":{"BWPAmuE1xuIiEIPx1F4m1d3puzXjIFeVA96gmN7Os35j":{"registrationId":1131955685,"currentRatchet":{"ephemeralKeyPair":{"pubKey":"Ba28Us4xknGOgLLYwnaBlYMhuAhEBEVXC7xwZW6ni7Bl","privKey":"oL+m3AUkUlO8tt1JxamkZOoRaxnySjr1Pm7w7rNeOmc="},"lastRemoteEphemeralKey":"BajsP3XSPYvSFENpgensuJ14ZOIv6rpsECxgfyh7z5sA","previousCounter":0,"rootKey":"cRQVO/G9SsBuSoIYSpNDjRejxNKyrUT7a0Xd2lz5EA0="},"indexInfo":{"baseKey":"BWPAmuE1xuIiEIPx1F4m1d3puzXjIFeVA96gmN7Os35j","baseKeyType":1,"closed":-1,"used":1737993014889,"created":1737993014889,"remoteIdentityKey":"BTIXP98fGq+o9ZQZ+lMIXtByF1WnEeJb+03wiCw/HrNd"},"_chains":{"Ba28Us4xknGOgLLYwnaBlYMhuAhEBEVXC7xwZW6ni7Bl":{"chainKey":{"counter":0,"key":"Nb5PUbucGF6jJKbRkPOtUsgWWJjTmrEUebOaCFo28XE="},"chainType":1,"messageKeys":{}}},"pendingPreKey":{"signedKeyId":2,"baseKey":"BWPAmuE1xuIiEIPx1F4m1d3puzXjIFeVA96gmN7Os35j","preKeyId":4618234}}},"version":"v1"}