{"_sessions":{"BZEjF/K3/07dyvEPyrDijNdI1/2I5ZVFAWr+XFLFL8s4":{"registrationId":189882894,"currentRatchet":{"ephemeralKeyPair":{"pubKey":"BWi9yBUUZbMk+4XRUpYWGSEaPBldgUHzbDtxjB9IP94A","privKey":"0MfEJUr3+vdgtXAhipV96RJWa1yEb1uOutyC35tg/EI="},"lastRemoteEphemeralKey":"BRiqiSHYiq7s7BL5PJlxCnfUPIPvPwG8j3/NJ7IoqVRv","previousCounter":0,"rootKey":"CWI06N0gFna3c92dQroaXG5VK+liaREBjDUy2gPDWBk="},"indexInfo":{"baseKey":"BZEjF/K3/07dyvEPyrDijNdI1/2I5ZVFAWr+XFLFL8s4","baseKeyType":1,"closed":-1,"used":1737993015087,"created":1737993015087,"remoteIdentityKey":"BS+s8RUn7fveHkTAPc6SmjD1i/uBB697sINBk9dYopNC"},"_chains":{"BWi9yBUUZbMk+4XRUpYWGSEaPBldgUHzbDtxjB9IP94A":{"chainKey":{"counter":0,"key":"EI7i4hXRnMiaBHNsmr56WNZg8rLnBq7x1aaiQwdvz+Q="},"chainType":1,"messageKeys":{}}},"pendingPreKey":{"signedKeyId":1,"baseKey":"BZEjF/K3/07dyvEPyrDijNdI1/2I5ZVFAWr+XFLFL8s4","preKeyId":6974534}}},"version":"v1"}