{"_sessions":{"BbO/+V4i0JD2hzARF3UQvhK3GH3eFIdqcCtCWVb/fhAR":{"registrationId":193955,"currentRatchet":{"ephemeralKeyPair":{"pubKey":"BVZCwIk5Re8C+gQlH9GEQAu4JSP9A2GRNnUaTXXTm3tR","privKey":"4M/qMleAviptKYYi2dowNRsnRgAoectW9NqEJdj4B0c="},"lastRemoteEphemeralKey":"BWbepX8IiXngk2c6CApkGu1iIK+tXp5RdzmxYSUFAEoZ","previousCounter":0,"rootKey":"+hRiHU80/ncA4erCWTPKnnucawmAdssD9WH6ri1tXF4="},"indexInfo":{"baseKey":"BbO/+V4i0JD2hzARF3UQvhK3GH3eFIdqcCtCWVb/fhAR","baseKeyType":1,"closed":-1,"used":1737993538557,"created":1737993538557,"remoteIdentityKey":"BSxlmC6RkEK5H4Fpvx7V5MG/y0qHF/rvKoMxrPBsuoYg"},"_chains":{"BVZCwIk5Re8C+gQlH9GEQAu4JSP9A2GRNnUaTXXTm3tR":{"chainKey":{"counter":0,"key":"vLQ03e4JfG8E+A/MgO7yOEwWWd05ExIpZD+xjrVsJ3g="},"chainType":1,"messageKeys":{}}},"pendingPreKey":{"signedKeyId":5,"baseKey":"BbO/+V4i0JD2hzARF3UQvhK3GH3eFIdqcCtCWVb/fhAR"}}},"version":"v1"}