{"_sessions":{"BQN6DgMLssLeaVp5Kzb5FECV/1s8KC+3y7bRX/xUeUQO":{"registrationId":185272558,"currentRatchet":{"ephemeralKeyPair":{"pubKey":"BWNEdDLG62CpmlpxM7mCpAtiZ+rLiM8oPbW19RNM8MYo","privKey":"2ADp+uMFx5VGZSJ6LSM7OsZWXqLe47s+hW1u52YtXno="},"lastRemoteEphemeralKey":"BU/tG3oXZQPJsUuknKx4KvCdbwHR7Q95I78EmpV2YP15","previousCounter":0,"rootKey":"BCQzBHgntDusa2Ya3IvSdHkZZKczkA8YnOlbBFsBSTE="},"indexInfo":{"baseKey":"BQN6DgMLssLeaVp5Kzb5FECV/1s8KC+3y7bRX/xUeUQO","baseKeyType":1,"closed":-1,"used":1737994370991,"created":1737994370991,"remoteIdentityKey":"BcN+OjvohgJRQeDvzYMqr183pQCpY6mr2RDDjWc8KG51"},"_chains":{"BWNEdDLG62CpmlpxM7mCpAtiZ+rLiM8oPbW19RNM8MYo":{"chainKey":{"counter":0,"key":"Yc0UfJVxGo5KfIPLVXJObpADDdC/3aQhd9kPOgLIaTw="},"chainType":1,"messageKeys":{}}},"pendingPreKey":{"signedKeyId":0,"baseKey":"BQN6DgMLssLeaVp5Kzb5FECV/1s8KC+3y7bRX/xUeUQO","preKeyId":5045813}}},"version":"v1"}