{"_sessions":{"BStZTF567guW+fO9xtJx4DFpcY1gbPjF/EtDKSXZ5Ft0":{"registrationId":449593266,"currentRatchet":{"ephemeralKeyPair":{"pubKey":"BRyyHf3Xpe00NYO/ElDfy65Qh3/EzWfO4wXXVZYO2Fod","privKey":"cNDSDN5z1SKbPzPXifNqOyPAHHMDhFv+ZyDjhskz5Ug="},"lastRemoteEphemeralKey":"Bbs/8rjwldzv05mymyrzpBVvwpoo1QTf/sCkt6ZI9fgZ","previousCounter":0,"rootKey":"O2CK//j1akI19mRFCdy32tMa3xNt29rS7UZIrdGzMdM="},"indexInfo":{"baseKey":"BStZTF567guW+fO9xtJx4DFpcY1gbPjF/EtDKSXZ5Ft0","baseKeyType":2,"closed":-1,"used":1737992385407,"created":1737992385407,"remoteIdentityKey":"Bf1Ve+2VB9Xsxj2qQn2Y56gYWD6PAG+pWdtumATXXPpD"},"_chains":{"Bbs/8rjwldzv05mymyrzpBVvwpoo1QTf/sCkt6ZI9fgZ":{"chainKey":{"counter":1,"key":"PUjkuy10Yh0L1MpgWlvxbjfNU1igSP1NArm/gCP8sOE="},"chainType":2,"messageKeys":{}},"BRyyHf3Xpe00NYO/ElDfy65Qh3/EzWfO4wXXVZYO2Fod":{"chainKey":{"counter":-1,"key":"K5FAOwhciIWStZSuwwsLvP073Hu5bQkSIyoQiZt1umM="},"chainType":1,"messageKeys":{}}}}},"version":"v1"}