{"_sessions":{"BXI65mIJig0gmDXClWofmrE7SQJcfeUpDL/v8a16HSFH":{"registrationId":1405721338,"currentRatchet":{"ephemeralKeyPair":{"pubKey":"BV04lVpjKvPGQEvVtAh0zAgY+IveeMDV/UwzGLxjwAlU","privKey":"gD0po7ChAtn13iR2HXuD69bryXrbdfhDBQCRM6HRWFU="},"lastRemoteEphemeralKey":"BfA1lAgaxG15cOcHWUDPZ9j5gISUG7n/QKpOvyYOMJ4y","previousCounter":0,"rootKey":"bj41+Y/+sk6Z3er5Gq+I/jaP3xHr0a3NzlL+Ji7jIvI="},"indexInfo":{"baseKey":"BXI65mIJig0gmDXClWofmrE7SQJcfeUpDL/v8a16HSFH","baseKeyType":1,"closed":-1,"used":1737994371207,"created":1737994371207,"remoteIdentityKey":"BXjsd7Vda84MT2tZXViJD794eqHvYdxeYc2KIdRQcehp"},"_chains":{"BV04lVpjKvPGQEvVtAh0zAgY+IveeMDV/UwzGLxjwAlU":{"chainKey":{"counter":1,"key":"e+h4X4VY2O3+eG5f2jQ7zpF/fHAV1ae57XNH/MS4ukM="},"chainType":1,"messageKeys":{}}},"pendingPreKey":{"signedKeyId":1,"baseKey":"BXI65mIJig0gmDXClWofmrE7SQJcfeUpDL/v8a16HSFH"}}},"version":"v1"}