{"_sessions":{"BWgqh8JqxgmLNEYVXjhUCiD8BcuWYYtNxc2EYtEVDzlW":{"registrationId":1745695359,"currentRatchet":{"ephemeralKeyPair":{"pubKey":"BRgrnVWkLvD+bSxeh1KG6bZg4PjTfCRWIeT8sYhyANMb","privKey":"CJVGk6/6AJltbIqv7tgIAAQuXCFTEeSjVWUrcNlCjWg="},"lastRemoteEphemeralKey":"BRQrL9EE0ct6HFCloTu1imfHBySXcq9mvEy0Gi6gzmZD","previousCounter":0,"rootKey":"yb74DPW8pi2sEftb6PfrOW8jmjxvf+JfgUIjbgB3+rA="},"indexInfo":{"baseKey":"BWgqh8JqxgmLNEYVXjhUCiD8BcuWYYtNxc2EYtEVDzlW","baseKeyType":1,"closed":-1,"used":1737992069226,"created":1737992069226,"remoteIdentityKey":"BXpSfwek/uh8yrPhg957jYje7xi7LaKkJP9voVZbZiA/"},"_chains":{"BRgrnVWkLvD+bSxeh1KG6bZg4PjTfCRWIeT8sYhyANMb":{"chainKey":{"counter":0,"key":"a8uJdO/TBp+PdFK04Up5A17qv5yFe0xmCiRWOhqt1DU="},"chainType":1,"messageKeys":{}}},"pendingPreKey":{"signedKeyId":1,"baseKey":"BWgqh8JqxgmLNEYVXjhUCiD8BcuWYYtNxc2EYtEVDzlW"}}},"version":"v1"}