{"_sessions":{"BcMXfoptEqdkvN1yLciTWgibwadAztmy6ZQVwBz+xRI6":{"registrationId":1298621601,"currentRatchet":{"ephemeralKeyPair":{"pubKey":"Bbe9yfRp4F8WgXeoxpH64pO0mB3GElzJFadZCcVuLSMm","privKey":"YByW+UdRYQZ6rwjhGaRcZdixx4d6bnkdEz3T4B5WEnA="},"lastRemoteEphemeralKey":"BZd/pFJ9KO+qLP1XjAt5q499BdLFDoTMTV7YQAF/Q/Eu","previousCounter":0,"rootKey":"AEBsyuMOTfWiyxonjthE7NKib+MOv9DaGojVsN+ObPU="},"indexInfo":{"baseKey":"BcMXfoptEqdkvN1yLciTWgibwadAztmy6ZQVwBz+xRI6","baseKeyType":1,"closed":-1,"used":1737993014762,"created":1737993014762,"remoteIdentityKey":"BXK1dTLAaB+oUfttPdN0XQyvFOxoAO8Tr79hQiNGhEtp"},"_chains":{"Bbe9yfRp4F8WgXeoxpH64pO0mB3GElzJFadZCcVuLSMm":{"chainKey":{"counter":0,"key":"2git7vrPXF/Q2sQk0zFPPS+o5g1pHwECtUpnekiXhM4="},"chainType":1,"messageKeys":{}}},"pendingPreKey":{"signedKeyId":2,"baseKey":"BcMXfoptEqdkvN1yLciTWgibwadAztmy6ZQVwBz+xRI6"}}},"version":"v1"}