{"_sessions":{"BVOph9lVBeGq9XhxpeIjuI8eE6BAMCsYeWBzRR+8aeVl":{"registrationId":1788177803,"currentRatchet":{"ephemeralKeyPair":{"pubKey":"BQLw3qgujNjFVJDiMjaf12KawqN7OGRVKf9Ej2sW/MMx","privKey":"QIGNYSmh4juZEglJDi+270J+KFh72DmuTq4xis4X1Vc="},"lastRemoteEphemeralKey":"Besv2V3K8vPoQhDpZBV2HP6JtUJexszGaQfhmx/H7HZH","previousCounter":0,"rootKey":"fQymv01khhucmFLTHOGCtRCcF8n+gzjgX+UjKo63ko0="},"indexInfo":{"baseKey":"BVOph9lVBeGq9XhxpeIjuI8eE6BAMCsYeWBzRR+8aeVl","baseKeyType":1,"closed":-1,"used":1737993014732,"created":1737993014732,"remoteIdentityKey":"BczOkoQsqcF6TD/iHAM8Ax7UdtFJaH0ABWH1c52+tNll"},"_chains":{"BQLw3qgujNjFVJDiMjaf12KawqN7OGRVKf9Ej2sW/MMx":{"chainKey":{"counter":0,"key":"CslHahi1Gbqn4Ot7gTr1rdlXywlspO70uHBtNFtFj6I="},"chainType":1,"messageKeys":{}}},"pendingPreKey":{"signedKeyId":3,"baseKey":"BVOph9lVBeGq9XhxpeIjuI8eE6BAMCsYeWBzRR+8aeVl","preKeyId":8137324}}},"version":"v1"}