{"_sessions":{"BVdUqUIEp8GC33Ui6aWi9KO7VGwVMDiKBZ3R5F2Wgb5Y":{"registrationId":325117402,"currentRatchet":{"ephemeralKeyPair":{"pubKey":"BRQyUygYZdocr0eTz2ldWkUv7MAfApne0wK8zotk9c9p","privKey":"IOeZPHXHO0smlA+0GESM2EpU+9Pdnk6RXjAKebJDKns="},"lastRemoteEphemeralKey":"BaLeAPpoDaUTzZhGGBJWsjRtcwyP39wZ9NBxcmAmWUhf","previousCounter":0,"rootKey":"mxLRgDQARAJgyy30LRjrweIv1FxUbBRxtiotWEirGtM="},"indexInfo":{"baseKey":"BVdUqUIEp8GC33Ui6aWi9KO7VGwVMDiKBZ3R5F2Wgb5Y","baseKeyType":2,"closed":-1,"used":1737991960545,"created":1737991960545,"remoteIdentityKey":"Bfac6k1bYk8pBMAYLmJomCgy8xb5VGJNnpmv1tQUo+x1"},"_chains":{"BaLeAPpoDaUTzZhGGBJWsjRtcwyP39wZ9NBxcmAmWUhf":{"chainKey":{"counter":1,"key":"IoaB5fi76lasjvL5CcihToSel6wvFmqYtrW/msQRBGM="},"chainType":2,"messageKeys":{}},"BRQyUygYZdocr0eTz2ldWkUv7MAfApne0wK8zotk9c9p":{"chainKey":{"counter":-1,"key":"xE8hn5lZ2vrhzXEK2/xZ9pqGlc6tkPqRm5+RZMFJMlM="},"chainType":1,"messageKeys":{}}}}},"version":"v1"}