{"_sessions":{"BZ0dkLA5FO5kbQyR/LIBdYtwYH0Ty0X3IAub7P0rzjRh":{"registrationId":320514260,"currentRatchet":{"ephemeralKeyPair":{"pubKey":"BQv+M/8L1W1a4cMiZW3ps4XXw1L1t5zVtFy4g303eoYj","privKey":"aIwZL73B3Pv/Nkxk9wvhqkWT4pF95KW+m4NSu/tAFlY="},"lastRemoteEphemeralKey":"BRHm4FbUctf1vFXHQTSkKWDk5fTWwSxSY55PK27tZeBe","previousCounter":0,"rootKey":"jRVPVzz8hM3+Hcma/0mRx1Upuz7ZZMubLB8LryX2wA4="},"indexInfo":{"baseKey":"BZ0dkLA5FO5kbQyR/LIBdYtwYH0Ty0X3IAub7P0rzjRh","baseKeyType":1,"closed":-1,"used":1737993015007,"created":1737993015007,"remoteIdentityKey":"BQmSD2D3Uz2IKVQDGHXc1B3MlcXUuAslhr+80yEQRZwD"},"_chains":{"BQv+M/8L1W1a4cMiZW3ps4XXw1L1t5zVtFy4g303eoYj":{"chainKey":{"counter":0,"key":"tCk9mRDfEC9VUGBR2iDyNScWyU8hKdefbTAFvCHBozY="},"chainType":1,"messageKeys":{}}},"pendingPreKey":{"signedKeyId":1,"baseKey":"BZ0dkLA5FO5kbQyR/LIBdYtwYH0Ty0X3IAub7P0rzjRh","preKeyId":5128803}}},"version":"v1"}