{"_sessions":{"BTPrBWY8FHmnnSfbYl6wAkvE/F/kLlJwtCxS8i4uIlFA":{"registrationId":1016876428,"currentRatchet":{"ephemeralKeyPair":{"pubKey":"BYrPRyh7LBGRC4geC0YXValhkYc0ae6zuCCkDdoH4p8T","privKey":"aCCI9saD7mQ4NHFWMII10vypV0XnNYmRUhYPj/diqV8="},"lastRemoteEphemeralKey":"Bb8jonc8Bnaw0gnGH9130ti3bWWLBJ7tnsqKSMdGgCVs","previousCounter":0,"rootKey":"M4DY7/XYtddloaxqk9JUcWhrYYIcy9gqrfzMy/uGTEM="},"indexInfo":{"baseKey":"BTPrBWY8FHmnnSfbYl6wAkvE/F/kLlJwtCxS8i4uIlFA","baseKeyType":1,"closed":-1,"used":1737993014636,"created":1737993014636,"remoteIdentityKey":"BdBqXhVMg/PPKopNKO7kHaXU7QLK0pRYaJYy82dkVIkN"},"_chains":{"BYrPRyh7LBGRC4geC0YXValhkYc0ae6zuCCkDdoH4p8T":{"chainKey":{"counter":0,"key":"A9tC8i8D8LS3cZxKR8Zd9LjRYgQT2lgzw04GRMsLCr4="},"chainType":1,"messageKeys":{}}},"pendingPreKey":{"signedKeyId":0,"baseKey":"BTPrBWY8FHmnnSfbYl6wAkvE/F/kLlJwtCxS8i4uIlFA","preKeyId":4848821}}},"version":"v1"}