{"_sessions":{"BWy7919H7jdmVF+nMit2/jxrKdLjtKBFeOMAY+4exA83":{"registrationId":717514448,"currentRatchet":{"ephemeralKeyPair":{"pubKey":"BWH5TQ/mtcgeYLX+kfRG5IZXX451wHGTFt2pJKCjBa0h","privKey":"6N/BRmDKElR6p2IHClsp1je7TCTsh4+VFTW5cHWGtlo="},"lastRemoteEphemeralKey":"BTiwsoaag30wCakYoT5R1KVWr2I7Y+QGEVpWpjGHKfQt","previousCounter":0,"rootKey":"oRoC0J3+yQtGe+tLDKfNqIK3NfJBBcRkTjCtTFx+IFU="},"indexInfo":{"baseKey":"BWy7919H7jdmVF+nMit2/jxrKdLjtKBFeOMAY+4exA83","baseKeyType":1,"closed":-1,"used":1737993014691,"created":1737993014691,"remoteIdentityKey":"BbQsKBCTvEl+Z9FZjQPd9GjR41ZuSuCT5FjmrA1vSbk1"},"_chains":{"BWH5TQ/mtcgeYLX+kfRG5IZXX451wHGTFt2pJKCjBa0h":{"chainKey":{"counter":0,"key":"iRI/SUKRGmgoYqQSW0NSfQPESF5PvXvNVBdkIF9eWsQ="},"chainType":1,"messageKeys":{}}},"pendingPreKey":{"signedKeyId":1,"baseKey":"BWy7919H7jdmVF+nMit2/jxrKdLjtKBFeOMAY+4exA83","preKeyId":11554769}}},"version":"v1"}