{"_sessions":{"BTy2OKO2IqWRo+AtddPQradmHCaiBsjvzkU/eLemglsA":{"registrationId":402727248,"currentRatchet":{"ephemeralKeyPair":{"pubKey":"BW6khrg8+1OAm+NOTfXQK+H5sPjmoOQ+JbRxvD5NL9EP","privKey":"WD+FSbMrKu7r7cA1Pk28LAv9IIp7yEtu0H4MKsD3DWU="},"lastRemoteEphemeralKey":"BWtU5KHn0oJyCqDdnMTsvqmiqrwFtRAoVvTiRek5c7oa","previousCounter":0,"rootKey":"Gfr7jXraujqnq03zOjsoKe41u0gI3VTkz9VBpsJXe/Q="},"indexInfo":{"baseKey":"BTy2OKO2IqWRo+AtddPQradmHCaiBsjvzkU/eLemglsA","baseKeyType":1,"closed":-1,"used":1737994370998,"created":1737994370998,"remoteIdentityKey":"BTU6kIlYUitdrh1rP9E6qKPp3zDua/6xWzgN2IFdwftO"},"_chains":{"BW6khrg8+1OAm+NOTfXQK+H5sPjmoOQ+JbRxvD5NL9EP":{"chainKey":{"counter":0,"key":"dywEWfsr4upZ8QQApEg9EGBnH9aagVMhEMm/4/eFLSk="},"chainType":1,"messageKeys":{}}},"pendingPreKey":{"signedKeyId":1,"baseKey":"BTy2OKO2IqWRo+AtddPQradmHCaiBsjvzkU/eLemglsA","preKeyId":6603084}}},"version":"v1"}