{"_sessions":{"Bb9mFz71HkazZTRcvRlREJUTcW75OrsjcaH7d7PqE0YU":{"registrationId":844774620,"currentRatchet":{"ephemeralKeyPair":{"pubKey":"BdMcAGHZ8E4zIEv0zWKahU2QeTJyg3Wohg9zyrMwl/47","privKey":"SAUByzu8QaRjwEtUgV6O8JUzieXgPQq7p6Deg2wKSmI="},"lastRemoteEphemeralKey":"BWa3DLtfWg42Xk0ynv9mjTjbIcElrtx+/I4FSfUSFGZ4","previousCounter":0,"rootKey":"XEzle8MNIOGr0TW/8wnLSjnhg54V1+c7GR7V2dc0xDQ="},"indexInfo":{"baseKey":"Bb9mFz71HkazZTRcvRlREJUTcW75OrsjcaH7d7PqE0YU","baseKeyType":2,"closed":-1,"used":1737994700485,"created":1737994700485,"remoteIdentityKey":"BY2fbvOCDzkfVsa+sxJ8k/2/uMgHEGk7a8OxHPQX2wgb"},"_chains":{"BWa3DLtfWg42Xk0ynv9mjTjbIcElrtx+/I4FSfUSFGZ4":{"chainKey":{"counter":6,"key":"KP0DXABFtoArE0aB4tB32SfmVW4Juot7x2e5puawPvI="},"chainType":2,"messageKeys":{"0":"b34+1Zze5xzdX+cjBPfArtfOLnLHgYvK75O7c+e9Yfg=","1":"AZmW5CmxLzsWbmejcfU7CQRV093TOSeAE/EBoQZLlvk=","2":"WR7f9p0CiFd1dg6Wez6TqIaMFdU9fAYOLqYqdY+gXE8=","3":"KcEUcbhq1lK72KRA69L0WIY93ixUoTq28ZLfBjXNano=","4":"nOvFyLnXZeiBjweGOZ0Om6FIepGTKuMFL4zrE3jGlO0="}},"BdMcAGHZ8E4zIEv0zWKahU2QeTJyg3Wohg9zyrMwl/47":{"chainKey":{"counter":-1,"key":"9vcayUUzcV4A9JoTj/V7v5RO9wXpXoEwIYpAhkAVM7E="},"chainType":1,"messageKeys":{}}}}},"version":"v1"}