{"_sessions":{"Bddame/4aODMxXHUxWjw8Aii4OwVqIAgIX6A8JiZMYob":{"registrationId":1396255488,"currentRatchet":{"ephemeralKeyPair":{"pubKey":"BZFz85QWlmG0m5S3QH1ohJI8kyagb/l9N0I8NLGnha1X","privKey":"MB1ivq5Wr2I2GzUzXP1U7l6TPzJAfJYWJ6oDooxcUVU="},"lastRemoteEphemeralKey":"BcZMRk9CNvKRuaXDonkYscS2kvbasBoVL0b1QcEyxuMq","previousCounter":0,"rootKey":"VJRqFhVThR2mRNNZlkSErY/sTIP64ZKRUORXIbgwanc="},"indexInfo":{"baseKey":"Bddame/4aODMxXHUxWjw8Aii4OwVqIAgIX6A8JiZMYob","baseKeyType":1,"closed":-1,"used":1737994371122,"created":1737994371122,"remoteIdentityKey":"BUC30/Z46D5EES2ajbl/gF2/asZIsUH7IHE2hWXPuddZ"},"_chains":{"BZFz85QWlmG0m5S3QH1ohJI8kyagb/l9N0I8NLGnha1X":{"chainKey":{"counter":0,"key":"Jk6ZcHecKOStehJMaLazbhzkzS2UiPiwwR86M/vAVYo="},"chainType":1,"messageKeys":{}}},"pendingPreKey":{"signedKeyId":0,"baseKey":"Bddame/4aODMxXHUxWjw8Aii4OwVqIAgIX6A8JiZMYob","preKeyId":6675134}}},"version":"v1"}