{"_sessions":{"BXCyvpoPCRMdwWhzmuAOL2kSnlb7ix/q3zIoDwGTmNxK":{"registrationId":1286730428,"currentRatchet":{"ephemeralKeyPair":{"pubKey":"Bf8V5dqb/4B9b1d91T8U1z62TFFvFCgcddB/zvN6/ZQT","privKey":"iAkQEV5WkLt/aCZIn4B5q1GxwOv+XdT5ZmKwNycvUEw="},"lastRemoteEphemeralKey":"BY+0TVTDtfqe+WldW4n5r7C7m7M+2JWjzO6LXoBHXT0/","previousCounter":0,"rootKey":"4hUZUeNB+3zp0K0tvTC6FAXXea9qWjvSuvKXYGxLpZk="},"indexInfo":{"baseKey":"BXCyvpoPCRMdwWhzmuAOL2kSnlb7ix/q3zIoDwGTmNxK","baseKeyType":1,"closed":-1,"used":1737993538526,"created":1737993538526,"remoteIdentityKey":"BZGLv5mJpzxaeR1mJpTIXHanxgNcdVc85hKVRO6noIhp"},"_chains":{"Bf8V5dqb/4B9b1d91T8U1z62TFFvFCgcddB/zvN6/ZQT":{"chainKey":{"counter":0,"key":"03vVUCyIvyL3jR8vnuxIT2B/yI/vj6Q8JiZS25ZkIns="},"chainType":1,"messageKeys":{}}},"pendingPreKey":{"signedKeyId":0,"baseKey":"BXCyvpoPCRMdwWhzmuAOL2kSnlb7ix/q3zIoDwGTmNxK","preKeyId":16367283}}},"version":"v1"}