{"_sessions":{"BeYq/3E0n8cgQXlv+scgOD1TRdMEOYXA05lT6mLO6VB4":{"registrationId":26,"currentRatchet":{"ephemeralKeyPair":{"pubKey":"BaCXN/PZqZkuQ9TQ5XTmAKQSEVl9fdetg50zu9QO74dC","privKey":"WI6gAH3+bfqjzGfcdYolxttUhJjsLr0ApZxgDS+3dW0="},"lastRemoteEphemeralKey":"Bf8TVgULQQH7f12fVaGTYn4d57xG/ou4AscClP78hFJL","previousCounter":0,"rootKey":"mpxycw7dyVBMBhokeSgRbjGXaY4vK1U5ysk2GXsIuN4="},"indexInfo":{"baseKey":"BeYq/3E0n8cgQXlv+scgOD1TRdMEOYXA05lT6mLO6VB4","baseKeyType":1,"closed":-1,"used":1737993014267,"created":1737993014267,"remoteIdentityKey":"BYWXSgmZFEYp+rO/bVLSZnIXHoj/ZaIQWZPxln+pKtwX"},"_chains":{"BaCXN/PZqZkuQ9TQ5XTmAKQSEVl9fdetg50zu9QO74dC":{"chainKey":{"counter":0,"key":"eaeXtM1SjnqL0FB6guX9yEqEznShofVXN3h5XhJfLv4="},"chainType":1,"messageKeys":{}}},"pendingPreKey":{"signedKeyId":1,"baseKey":"BeYq/3E0n8cgQXlv+scgOD1TRdMEOYXA05lT6mLO6VB4"}}},"version":"v1"}