{"_sessions":{"BUVS0FS3f1O6YoNxFrFyFX5fZZidum/UmTo3ZYKqf4ZZ":{"registrationId":1260421509,"currentRatchet":{"ephemeralKeyPair":{"pubKey":"BfxKnCIAt5N2RYITcCCg7CxU9IYVvz+AYUb1TtPVBGc8","privKey":"wJ+ei5zM8wBXRllpC0eSWZv4UjV6/7eJITrysQNtrX0="},"lastRemoteEphemeralKey":"BTxwoUytIAv6KZ+O08Io/oGyqdsCbW9NRbw0WQlxNsBs","previousCounter":0,"rootKey":"UB9OyNPQVLy64EAXE6AYDj3hJfdNWcXHUVMoAM5eZvo="},"indexInfo":{"baseKey":"BUVS0FS3f1O6YoNxFrFyFX5fZZidum/UmTo3ZYKqf4ZZ","baseKeyType":1,"closed":-1,"used":1737993538371,"created":1737993538371,"remoteIdentityKey":"BTikGcCVRC6q/YY0QtRcqO0mpWnLqUyf3IQ5zzFm1zJW"},"_chains":{"BfxKnCIAt5N2RYITcCCg7CxU9IYVvz+AYUb1TtPVBGc8":{"chainKey":{"counter":0,"key":"OpcijcmyB1ibu4EwTf8goEkff9L/2hIX5LwfMsvGgds="},"chainType":1,"messageKeys":{}}},"pendingPreKey":{"signedKeyId":33,"baseKey":"BUVS0FS3f1O6YoNxFrFyFX5fZZidum/UmTo3ZYKqf4ZZ","preKeyId":4599283}}},"version":"v1"}