{"_sessions":{"Be3xKQR6y4DCIkVAx4uItcxbUpGZHNaFozKVCzsI5kgP":{"registrationId":425365710,"currentRatchet":{"ephemeralKeyPair":{"pubKey":"Bbf91Ba7jHRbmlJO7TuMOB+u4W4kbiOaMAKISlcU46A9","privKey":"QA3KPEGtRkcCnMGNvBbmp3Cm6j5ZOr9J3w76awAme0E="},"lastRemoteEphemeralKey":"BY1eGkzipCbtNs48GyK1Uf3s9s++qjHwwvwYkF96Gf4M","previousCounter":0,"rootKey":"PLsjeHA8iqHhcbx+FWPUkU3OrmRgomjvZk0KYVJ1aiA="},"indexInfo":{"baseKey":"Be3xKQR6y4DCIkVAx4uItcxbUpGZHNaFozKVCzsI5kgP","baseKeyType":2,"closed":-1,"used":1737992076175,"created":1737992076175,"remoteIdentityKey":"BZunLIwFNF+lXSDEL5Qxz12+OYsLvV2vA9Ym1JPr5Qla"},"_chains":{"BY1eGkzipCbtNs48GyK1Uf3s9s++qjHwwvwYkF96Gf4M":{"chainKey":{"counter":5,"key":"0zZF3/0DfTMLx6aFmikSN+EVfC9oZBpupPkTeShwcbs="},"chainType":2,"messageKeys":{}},"Bbf91Ba7jHRbmlJO7TuMOB+u4W4kbiOaMAKISlcU46A9":{"chainKey":{"counter":-1,"key":"00hcDlAOOXUW9xcrbcrh/b9o60pmCYXWHSa74fCBuZA="},"chainType":1,"messageKeys":{}}}}},"version":"v1"}