{"_sessions":{"BRT4HOL4IFKQgh2umpcUA2dWsDP6VkJgVMZOKA/2GZMv":{"registrationId":599949497,"currentRatchet":{"ephemeralKeyPair":{"pubKey":"Ba/F32tTMbypsCNaI+zM4+6J1eL5jKGZusvF0yqZq/cH","privKey":"CD1tdwyS9/a9P/M162QZzJO8RYX9fY/fri//SRTnl3U="},"lastRemoteEphemeralKey":"BeyygMGGEa1Fon/OmfVA5BarKw32jhIeTiYCGVAGtMN/","previousCounter":0,"rootKey":"tK/ln7dfXIPgfe+dKCCLqi9Q+3ui1SFcI99o2rJchKQ="},"indexInfo":{"baseKey":"BRT4HOL4IFKQgh2umpcUA2dWsDP6VkJgVMZOKA/2GZMv","baseKeyType":1,"closed":-1,"used":1737993481705,"created":1737993481705,"remoteIdentityKey":"Bb3RjJwQW0oiheJL4av1Q3KF4BEqCSNJBfSULGe2qWNS"},"_chains":{"Ba/F32tTMbypsCNaI+zM4+6J1eL5jKGZusvF0yqZq/cH":{"chainKey":{"counter":0,"key":"PcVWIvM+Lo4IR1koFjiNDWoRrHfO5saWAudjoqw+HS8="},"chainType":1,"messageKeys":{}}},"pendingPreKey":{"signedKeyId":23,"baseKey":"BRT4HOL4IFKQgh2umpcUA2dWsDP6VkJgVMZOKA/2GZMv","preKeyId":16047970}}},"version":"v1"}