{"_sessions":{"BWLhZk/XopFHnBKiYAqmUS7nyk+UqcVIzRl1jhVeHIIk":{"registrationId":102416048,"currentRatchet":{"ephemeralKeyPair":{"pubKey":"BbVpxgNHVccgyEKpDfA04Ovc52B4xfFEeypLk9kJg+0V","privKey":"qEWO/Td2msJgLTA2UuaT/U+L/WYVhU5RIrYZk+aCbVw="},"lastRemoteEphemeralKey":"BfdW4xntECDewh39FbagPWDtmAsD8sEKCG5vYkRl6p8i","previousCounter":0,"rootKey":"YWmI0efVcW4HRgh18hznVz97jT4ImX7pA4ysx2xwcRg="},"indexInfo":{"baseKey":"BWLhZk/XopFHnBKiYAqmUS7nyk+UqcVIzRl1jhVeHIIk","baseKeyType":1,"closed":-1,"used":1737993015128,"created":1737993015128,"remoteIdentityKey":"BR7hOAmaiw7ARlWj/4tX8bvAkL0RdHgGBPanCkB/wm4U"},"_chains":{"BbVpxgNHVccgyEKpDfA04Ovc52B4xfFEeypLk9kJg+0V":{"chainKey":{"counter":0,"key":"SCXvDIVb24cfRO22OfPFwbejTIpaRJA/VNyetMLr2qI="},"chainType":1,"messageKeys":{}}},"pendingPreKey":{"signedKeyId":0,"baseKey":"BWLhZk/XopFHnBKiYAqmUS7nyk+UqcVIzRl1jhVeHIIk","preKeyId":15784380}}},"version":"v1"}