{"_sessions":{"BZp+txMV1q+Di440ssqykqfXg7hulj4E2MPW+GMk7zYv":{"registrationId":1685866789,"currentRatchet":{"ephemeralKeyPair":{"pubKey":"BRKhqSoU6w1KdUMT/5heG659O7np02ttJog+0jYYoHYp","privKey":"YMjFgfttWtpclT+Tjou8IpJ/WOcnU3rSewyOOcrj3Wo="},"lastRemoteEphemeralKey":"BTimyNvIwPP2ROi0n5RaUkFFicR78FPTin5WcY5xmolG","previousCounter":0,"rootKey":"arn8LGb/F9rV/mxW/CgKRPSe40Hz8TnC8pkvINc1v+A="},"indexInfo":{"baseKey":"BZp+txMV1q+Di440ssqykqfXg7hulj4E2MPW+GMk7zYv","baseKeyType":1,"closed":-1,"used":1737993014415,"created":1737993014415,"remoteIdentityKey":"BUTBQhytNOa3+sIi0WgjUPmybdYTSUio1gPHPFBRk+9+"},"_chains":{"BRKhqSoU6w1KdUMT/5heG659O7np02ttJog+0jYYoHYp":{"chainKey":{"counter":0,"key":"0FsGCCRQnKVB3ZvvzjVHOYpeasZG7OPTQR2HIrmg/o8="},"chainType":1,"messageKeys":{}}},"pendingPreKey":{"signedKeyId":6,"baseKey":"BZp+txMV1q+Di440ssqykqfXg7hulj4E2MPW+GMk7zYv","preKeyId":4401713}}},"version":"v1"}