{"_sessions":{"BSoQiIbCfVshnX05k9mPfrrIy6ftCNXfnyhguFnTZHQp":{"registrationId":766335507,"currentRatchet":{"ephemeralKeyPair":{"pubKey":"BdBEIdnFMRL+oq1j5EuHq0WOYPNcT0OOWdV7rj+KabQA","privKey":"KAvlgMeQ9j79mZbflh109fzRbAPsFky1tl3JY5sfmHQ="},"lastRemoteEphemeralKey":"BY1HLeH/X8Ex7li1xicS3zir5lxLWqQGstg/SHVXnS8V","previousCounter":0,"rootKey":"SLFxM0oZ48vxWuT+PMpBtmViUCqmCcwq680KffsKjBI="},"indexInfo":{"baseKey":"BSoQiIbCfVshnX05k9mPfrrIy6ftCNXfnyhguFnTZHQp","baseKeyType":1,"closed":-1,"used":1737993134935,"created":1737993134935,"remoteIdentityKey":"BWf5fws8RSUsgpORajQA11l8R5C5kRlCc9svYbEWDPMM"},"_chains":{"BdBEIdnFMRL+oq1j5EuHq0WOYPNcT0OOWdV7rj+KabQA":{"chainKey":{"counter":1,"key":"zuEVcI0i9RJ/pAqEgUhE+X00g44/bPIpie8coTVKMkE="},"chainType":1,"messageKeys":{}}},"pendingPreKey":{"signedKeyId":0,"baseKey":"BSoQiIbCfVshnX05k9mPfrrIy6ftCNXfnyhguFnTZHQp","preKeyId":15717214}}},"version":"v1"}