{"_sessions":{"BZortEuvYVcRtqSLA1/K4l7H0cO+9qf+bnd5nBxgU48l":{"registrationId":38,"currentRatchet":{"ephemeralKeyPair":{"pubKey":"BVFHxEBleQdSm9ds+O7OUsze55RKDsiInS42pgKk2MgL","privKey":"KEd3xEnNcr3FkJL7kGrmaR/Ns6j66rJ1X5QrdIm7XWY="},"lastRemoteEphemeralKey":"BQAZHVsk1zkNu67rwvtyl8rwBUrdiMnzsM5tUNRJeyxG","previousCounter":0,"rootKey":"GcT+3OzeCko+Gky1rfERW3wLivgyXBI72MAcJDJ7Cxc="},"indexInfo":{"baseKey":"BZortEuvYVcRtqSLA1/K4l7H0cO+9qf+bnd5nBxgU48l","baseKeyType":1,"closed":-1,"used":1737994370902,"created":1737994370902,"remoteIdentityKey":"Bf3wQAYpfxrXeQGlELFY3uhPM2/9LwkMHmtpeRxVhEw9"},"_chains":{"BVFHxEBleQdSm9ds+O7OUsze55RKDsiInS42pgKk2MgL":{"chainKey":{"counter":0,"key":"QL4Jvv9TO2CsEr+yvEgbLtgmhxqwPDjsOC6fogBGMP0="},"chainType":1,"messageKeys":{}}},"pendingPreKey":{"signedKeyId":1,"baseKey":"BZortEuvYVcRtqSLA1/K4l7H0cO+9qf+bnd5nBxgU48l"}}},"version":"v1"}