{"_sessions":{"BXTTwdyKNtQh2qA+hdWcVbvbhHZ86EJ38xqLCQQVX88h":{"registrationId":1001071884,"currentRatchet":{"ephemeralKeyPair":{"pubKey":"BROpiDpSGPXv1Mi8HgIejvLolzRHuHAaYGeIs0DMe5E7","privKey":"wNmv7rQebws7bm+uD5VpF2cLjESz3BL5K9VxZ+TXBlg="},"lastRemoteEphemeralKey":"BcE6VIC49yj71S059wVUXFsTrCKFc4/Ex2OYGGRKKp4c","previousCounter":0,"rootKey":"XiO75+VfTWmGSN8YTlIhTEsKSxkHzw33gvc3+bQzOiw="},"indexInfo":{"baseKey":"BXTTwdyKNtQh2qA+hdWcVbvbhHZ86EJ38xqLCQQVX88h","baseKeyType":1,"closed":-1,"used":1737993015023,"created":1737993015023,"remoteIdentityKey":"BXjnbZnOwWcBaPXzsNlTo8x02RwiohVWd4W6rksf0cAK"},"_chains":{"BROpiDpSGPXv1Mi8HgIejvLolzRHuHAaYGeIs0DMe5E7":{"chainKey":{"counter":0,"key":"1u011LRuW/DIqv6j+UVzvvDRRohi2H5/96n6m/ZbyNc="},"chainType":1,"messageKeys":{}}},"pendingPreKey":{"signedKeyId":19,"baseKey":"BXTTwdyKNtQh2qA+hdWcVbvbhHZ86EJ38xqLCQQVX88h","preKeyId":11862859}}},"version":"v1"}