{"_sessions":{"BRRNjl2O+A73WFnda+OpehnHJcEcIufx/R0An7ZKkh5/":{"registrationId":258706199,"currentRatchet":{"ephemeralKeyPair":{"pubKey":"BSxlOxw/TDdFQ7Qb6DRd7kepypQNSrZqXdT6nevozeJS","privKey":"4Lj26VB0Wco9QA2j3MwLy1EprGqH0Ozk0A6JQk6xDVI="},"lastRemoteEphemeralKey":"BZ+ckod1YyuohmG9uF89HIT/avALvGEhV4unV5DH3MBZ","previousCounter":0,"rootKey":"m9opP7Meu3N3G4+il3J725Oh9I3/2qiHBrIU9GwykRA="},"indexInfo":{"baseKey":"BRRNjl2O+A73WFnda+OpehnHJcEcIufx/R0An7ZKkh5/","baseKeyType":1,"closed":-1,"used":1737993134895,"created":1737993134895,"remoteIdentityKey":"BWRkuy7xoWiOmfFqZLXHqeGSFu/JcEI6eUYooBKipBcA"},"_chains":{"BSxlOxw/TDdFQ7Qb6DRd7kepypQNSrZqXdT6nevozeJS":{"chainKey":{"counter":1,"key":"ziZXbA28YoVsOUvhvN6VTTQThm99A05ULFUuKYyOArE="},"chainType":1,"messageKeys":{}}},"pendingPreKey":{"signedKeyId":0,"baseKey":"BRRNjl2O+A73WFnda+OpehnHJcEcIufx/R0An7ZKkh5/","preKeyId":2075317}}},"version":"v1"}