{"_sessions":{"BX1oJ+aBUNFPwwckl5e80Vnj0GRmsLGwmxU7bBbnbqx1":{"registrationId":1399858085,"currentRatchet":{"ephemeralKeyPair":{"pubKey":"BT7TdEczG8jeF+tiolx0YYb1MgGSE7LapkLowg+Mivhn","privKey":"cGf9aZTdcZ4CgY0jW3Su1g5sWJAi1vJ7/APoX0CmznY="},"lastRemoteEphemeralKey":"Bdx7RrfvaBSIz+IRNrqBJFGaiWlk6mwgOU2+TJj3Lmp8","previousCounter":0,"rootKey":"Rrbv3LSJePr+fH4AmdMllYhHxnOUhbF/vL838LhHkzE="},"indexInfo":{"baseKey":"BX1oJ+aBUNFPwwckl5e80Vnj0GRmsLGwmxU7bBbnbqx1","baseKeyType":1,"closed":-1,"used":1737994371071,"created":1737994371071,"remoteIdentityKey":"BcC2PG5A+mYs5TfrrxFkJzgeQtVWYX9uutMqDJ/6Vu0e"},"_chains":{"BT7TdEczG8jeF+tiolx0YYb1MgGSE7LapkLowg+Mivhn":{"chainKey":{"counter":0,"key":"t7Z1iiCRlXHbEaI8wfYIFb4S+w6ZGtOP3yfCUsxh/w8="},"chainType":1,"messageKeys":{}}},"pendingPreKey":{"signedKeyId":2,"baseKey":"BX1oJ+aBUNFPwwckl5e80Vnj0GRmsLGwmxU7bBbnbqx1","preKeyId":2924279}}},"version":"v1"}