{"_sessions":{"BYOUx+vJwdNh9ASn0fBn6KjDZLQT4GmiuQQzxff6oQUO":{"registrationId":373042404,"currentRatchet":{"ephemeralKeyPair":{"pubKey":"BV226M9cdJr+yNaPmHnUoU53KdiNGRUBKHUCLMVvTE0g","privKey":"2Gp/+TNOcdNsowt6bZ6H3lNjvVlwTl8V2Vw84P7YPVs="},"lastRemoteEphemeralKey":"BSmxojbOM4WBF4Dw7kZ+r32gtVUf2Ot56uN9W505BLgb","previousCounter":0,"rootKey":"5K8qQUCO3ZtEmSJb7XDPF6CpRNBLTydI4nXoCob0Eug="},"indexInfo":{"baseKey":"BYOUx+vJwdNh9ASn0fBn6KjDZLQT4GmiuQQzxff6oQUO","baseKeyType":1,"closed":-1,"used":1737993014849,"created":1737993014849,"remoteIdentityKey":"BSTFzy08PZlJ6OTCyaqn7RPxJnKlsMZIgalYSF1JxrpN"},"_chains":{"BV226M9cdJr+yNaPmHnUoU53KdiNGRUBKHUCLMVvTE0g":{"chainKey":{"counter":0,"key":"BHXX8jFEIoJA14Jhf0EIINbDB8pqKBkurqcUXQuiXQo="},"chainType":1,"messageKeys":{}}},"pendingPreKey":{"signedKeyId":0,"baseKey":"BYOUx+vJwdNh9ASn0fBn6KjDZLQT4GmiuQQzxff6oQUO","preKeyId":4196024}}},"version":"v1"}