{"_sessions":{"BXOLmkfJS9zOoi2j8IYVNPx/Rq9UxZxzkygQGLwkkmp4":{"registrationId":103511153,"currentRatchet":{"ephemeralKeyPair":{"pubKey":"Bdmke3vDZcGAZDR3XBAmNuXyqEpZYMUKU6ia0NhLShRZ","privKey":"wBXFtOFW1PN3IP9TP5PgY/m1Vjn4nxApU3tQD7djQlI="},"lastRemoteEphemeralKey":"Bb29GqT14uEhvEj5LRe3Kz6KRfOo9yGMOhbsW3soctde","previousCounter":0,"rootKey":"oZMDjAvFm88YMKuH+/ehDj0dzdPyKHQ9y0g5lbkODOY="},"indexInfo":{"baseKey":"BXOLmkfJS9zOoi2j8IYVNPx/Rq9UxZxzkygQGLwkkmp4","baseKeyType":1,"closed":-1,"used":1737993481737,"created":1737993481737,"remoteIdentityKey":"BcDYWkCNE3hqOy27np05J+DeWkH7Rs88s6pKEZoELFgJ"},"_chains":{"Bdmke3vDZcGAZDR3XBAmNuXyqEpZYMUKU6ia0NhLShRZ":{"chainKey":{"counter":0,"key":"/qCJ4owTlEV52BkqkpYbII1aOR+IQV4yCkJMktduBoA="},"chainType":1,"messageKeys":{}}},"pendingPreKey":{"signedKeyId":0,"baseKey":"BXOLmkfJS9zOoi2j8IYVNPx/Rq9UxZxzkygQGLwkkmp4","preKeyId":4482114}}},"version":"v1"}