{"_sessions":{"BcUF+oLdaCdjmUaxAa6nZ+fd0fffMBvSy/opbKS4P18z":{"registrationId":315853310,"currentRatchet":{"ephemeralKeyPair":{"pubKey":"BZJUgUfN5XwmqhkYJtvc9EL2H0jsKNCQy6wHnBy5XzUA","privKey":"ELexMUr0dR31XOYGOKHj66JJXGUcAgL37zKvjRKe6nE="},"lastRemoteEphemeralKey":"BX9DnwsUezxKAcdEu/z+VN05AcC/ZQqOm9li1Tl/FIds","previousCounter":0,"rootKey":"SETV20TKpd7x6cY475BsSZiRx6pAPc646XbIHi3YSjg="},"indexInfo":{"baseKey":"BcUF+oLdaCdjmUaxAa6nZ+fd0fffMBvSy/opbKS4P18z","baseKeyType":1,"closed":-1,"used":1737993014440,"created":1737993014440,"remoteIdentityKey":"BYqWckSRcj8p7Zba8DqLA0l1FwoecQbtErvwvjwYybtm"},"_chains":{"BZJUgUfN5XwmqhkYJtvc9EL2H0jsKNCQy6wHnBy5XzUA":{"chainKey":{"counter":0,"key":"lMoh1XKJPIcx3uXWIJdaKp+gTmqEJO8XrGynBiq58jE="},"chainType":1,"messageKeys":{}}},"pendingPreKey":{"signedKeyId":1,"baseKey":"BcUF+oLdaCdjmUaxAa6nZ+fd0fffMBvSy/opbKS4P18z","preKeyId":1497339}}},"version":"v1"}