{"_sessions":{"BQ+2i1TTlcXnWj+RF6DmHn9rH1MoBzXjGK7+fY/flldf":{"registrationId":331734129,"currentRatchet":{"ephemeralKeyPair":{"pubKey":"BUIzsURRmXb2BioUI5qHCJelGNsTjrOhdkZQIkh1ChAT","privKey":"+H0O1dzTHyvdV7uBwNWEmyAnZf2w80VBVXIWRRxh808="},"lastRemoteEphemeralKey":"BcX0+LXFW4Tf2r5jcWYrgqdQM96Jqi7QrucbtNZE4D5/","previousCounter":0,"rootKey":"8rvQSSy6JvUN83m2MnC0JNOZC+kNQNfN501DWXe21a0="},"indexInfo":{"baseKey":"BQ+2i1TTlcXnWj+RF6DmHn9rH1MoBzXjGK7+fY/flldf","baseKeyType":1,"closed":-1,"used":1737993538446,"created":1737993538446,"remoteIdentityKey":"BfraWiN6AJEN0RWouskPpfu3L4QHzH1Xl5JbWrd2hckS"},"_chains":{"BUIzsURRmXb2BioUI5qHCJelGNsTjrOhdkZQIkh1ChAT":{"chainKey":{"counter":0,"key":"THZ/Wj1hyMo+qaM7Ho+x24HWZPr/PBqh0/BojWGZm2E="},"chainType":1,"messageKeys":{}}},"pendingPreKey":{"signedKeyId":2,"baseKey":"BQ+2i1TTlcXnWj+RF6DmHn9rH1MoBzXjGK7+fY/flldf","preKeyId":9806450}}},"version":"v1"}