{"_sessions":{"BXOPljDUM4yM9bcQRZxZVzU1N9zIZmmagBa8JtLsqiMB":{"registrationId":488502192,"currentRatchet":{"ephemeralKeyPair":{"pubKey":"BfKR/GZq/cRwcyXVXQE1gtK7m/uTMZTSgyhmBM7Opo0L","privKey":"UEkPQoqSxbth2ErOnHJU2sDmsNv9ywgSEeRdGx6PV1A="},"lastRemoteEphemeralKey":"BROjtn2MrvS+bmsG+SN8VTtEI6f8MCGBVuxIej5fceNX","previousCounter":0,"rootKey":"rqOxJdC531zGpu4eaZymFX+E/1u9IvEazgtX5JXc7Kk="},"indexInfo":{"baseKey":"BXOPljDUM4yM9bcQRZxZVzU1N9zIZmmagBa8JtLsqiMB","baseKeyType":1,"closed":-1,"used":1737993538544,"created":1737993538544,"remoteIdentityKey":"BTpyVXF6xbxFzObgc2nRZHGLrafbD1mBe1RMiiV8iowe"},"_chains":{"BfKR/GZq/cRwcyXVXQE1gtK7m/uTMZTSgyhmBM7Opo0L":{"chainKey":{"counter":0,"key":"ebhgRPiTIz+M/BI39CTxxLCikWz/DpO9kv4sWyRxWm4="},"chainType":1,"messageKeys":{}}},"pendingPreKey":{"signedKeyId":14,"baseKey":"BXOPljDUM4yM9bcQRZxZVzU1N9zIZmmagBa8JtLsqiMB","preKeyId":11258213}}},"version":"v1"}