{"_sessions":{"BS9povRteObtUcNYlLZWyGYYEEfcAaqPSn1Y4c/zfQ99":{"registrationId":1951072005,"currentRatchet":{"ephemeralKeyPair":{"pubKey":"BZh6zkkwRiBTEE5jewSugCOU0dpR45u6DRVeQHUohY91","privKey":"MM5xvjm5GCcnJ09E6jERiGLa38qxyx8oOgjHGxDXuX8="},"lastRemoteEphemeralKey":"BTwuw3lc4A/+2w23nyNTzMuB6tghPwdT1RqNCYUT+QEo","previousCounter":0,"rootKey":"dAiYCm817bbUENBlGwjFB/GyBxuWeElFGl0klgC3jE0="},"indexInfo":{"baseKey":"BS9povRteObtUcNYlLZWyGYYEEfcAaqPSn1Y4c/zfQ99","baseKeyType":2,"closed":-1,"used":1737994230794,"created":1737994230794,"remoteIdentityKey":"Ba553aWSWYBKUsxVPCcAH0jsRfNpTHFo7iSPHMS6lZEO"},"_chains":{"BTwuw3lc4A/+2w23nyNTzMuB6tghPwdT1RqNCYUT+QEo":{"chainKey":{"counter":6,"key":"aOiz0hbldD4oZFO/daWRTvh2swaK09uO5vjTSc2odrM="},"chainType":2,"messageKeys":{"1":"8snkcfApTJW3LpcyG0ASnpjMLU5Nn9JLEgZtrG9RJj0=","2":"9no8TLnK9GWqAY7KywKsdkng2n0/yj5+az15npeajyU=","3":"rdUXJJQ0AoDCecYpqKdJBz1RWmskbQWr8u5zOZZNEz0=","4":"d8vi9Ju3rWXzQF5I5PaWtG39hWyS+wVHBRGm3ft2kbU=","5":"p2M7P7ktTdK46kLnj0XcX5hRMkSM1HS7kQ5qFrGtQ2U="}},"BZh6zkkwRiBTEE5jewSugCOU0dpR45u6DRVeQHUohY91":{"chainKey":{"counter":-1,"key":"tgJO/Ca01TYzz8lHfs7vUb76qwhc2IvlM1EezCdhV9c="},"chainType":1,"messageKeys":{}}}}},"version":"v1"}