{"_sessions":{"BfcxsmSYX8OmKII+x8bCsTy/poBRg76mojISIdf7Jjsz":{"registrationId":1385728265,"currentRatchet":{"ephemeralKeyPair":{"pubKey":"Bcrgrmhpp2d8q7GXhK6CKVnPfUk33hILcsRtRU/ztg1U","privKey":"yG6tX5rU2YF6j8l8WpFgVfMrYYyNhipietjQwzT/gGY="},"lastRemoteEphemeralKey":"BTPglrOkvZi5YtKtdDycL+3boL228wrS/B/pc3Oi5PRY","previousCounter":0,"rootKey":"G2QbRdQV2gXOsRYQcdswbI++wh39TYA3Cs18F3w9KZQ="},"indexInfo":{"baseKey":"BfcxsmSYX8OmKII+x8bCsTy/poBRg76mojISIdf7Jjsz","baseKeyType":1,"closed":-1,"used":1737993538567,"created":1737993538567,"remoteIdentityKey":"BYW5buW/3WKEFAD3V5fFTX171oYT3J3rUPpaXoXhpA1v"},"_chains":{"Bcrgrmhpp2d8q7GXhK6CKVnPfUk33hILcsRtRU/ztg1U":{"chainKey":{"counter":0,"key":"4Lv8cFvYtdn5KWdlF0ZQX7qwnyvr4h7/8CFp5lg02Fc="},"chainType":1,"messageKeys":{}}},"pendingPreKey":{"signedKeyId":10,"baseKey":"BfcxsmSYX8OmKII+x8bCsTy/poBRg76mojISIdf7Jjsz","preKeyId":5862587}}},"version":"v1"}