{"_sessions":{"BRBDWetWXkq69f8O+qp99ssCerTYYLPZllgWSk5kyGBj":{"registrationId":1892260551,"currentRatchet":{"ephemeralKeyPair":{"pubKey":"BWgXPF4OGD6D0MipQsnveLhcdkMSUrDnr6lnB71UaZEn","privKey":"EPAg+tzQr6m2uvkxgPORfrJ87oeYc2Pgje8rF5ZrMnM="},"lastRemoteEphemeralKey":"Bd+bKvq5ACVJxU+dT2+o2MkpUgL+t63of0TrPtwFILsN","previousCounter":0,"rootKey":"dxoEvAEXAYXcq8IKZoCIfN6GFVUF7QllLoyKXBcHyx0="},"indexInfo":{"baseKey":"BRBDWetWXkq69f8O+qp99ssCerTYYLPZllgWSk5kyGBj","baseKeyType":2,"closed":-1,"used":1737998297588,"created":1737993029370,"remoteIdentityKey":"BTpe5l9uN2VP6JcxidMWCAOSSgQ1+QIPILsDdcJ79LBt"},"_chains":{"BR2Xfpo7SZ6Hk12r/+H4mcH3C8vmDcwDNN3M5NX7ZYlK":{"chainKey":{"counter":0},"chainType":2,"messageKeys":{}},"Bd+bKvq5ACVJxU+dT2+o2MkpUgL+t63of0TrPtwFILsN":{"chainKey":{"counter":0,"key":"b7leArFLkr84UaoqQZPkkChQHvXy2SuRUB1+W5/T1LE="},"chainType":2,"messageKeys":{}},"BWgXPF4OGD6D0MipQsnveLhcdkMSUrDnr6lnB71UaZEn":{"chainKey":{"counter":-1,"key":"Y8d+7bs4042skSSBU1bpLit8fXefoBX5TYA5UxAZlEM="},"chainType":1,"messageKeys":{}}}}},"version":"v1"}