{"_sessions":{"Bb7g91bHG4ax/60BWt6a8rNeHT2N12rFkqHlKEbcZ6R6":{"registrationId":258276822,"currentRatchet":{"ephemeralKeyPair":{"pubKey":"BdYQlmUnoI+JJGnFucPxstonuJohvtPzQ1v23kydSikP","privKey":"UN5RLA/83/7CkrMBL+nXnkZAdyy/Evsprv9y0N8P8EE="},"lastRemoteEphemeralKey":"Be4oij/NXOZAV24Ms+c2ELhAiJqlqzFktBT7EDk6pEoL","previousCounter":0,"rootKey":"5lUvmwdKtYjjJ5QtikdTcb9DobbeMYyCE9inoxQUaRc="},"indexInfo":{"baseKey":"Bb7g91bHG4ax/60BWt6a8rNeHT2N12rFkqHlKEbcZ6R6","baseKeyType":1,"closed":-1,"used":1737992500333,"created":1737992500333,"remoteIdentityKey":"BaK6YYOEzbUwFJHG5T3WwCi+aO4Okdra5VKjccvA2nww"},"_chains":{"BdYQlmUnoI+JJGnFucPxstonuJohvtPzQ1v23kydSikP":{"chainKey":{"counter":0,"key":"mWbT88NGIIGiNfdHw7KlH1E8Ky+x8tSvcrrYe52BWOs="},"chainType":1,"messageKeys":{}}},"pendingPreKey":{"signedKeyId":6,"baseKey":"Bb7g91bHG4ax/60BWt6a8rNeHT2N12rFkqHlKEbcZ6R6","preKeyId":6242714}}},"version":"v1"}