{"_sessions":{"BQ0t6atxQfJUaC62bY+evzEgXAzoHqEBNXRD0SQJZ5RW":{"registrationId":473705455,"currentRatchet":{"ephemeralKeyPair":{"pubKey":"Bey5xX/42VpVPPFdlfBzbuWaM4h8bkKwAE72koRIZnhN","privKey":"KCvEhq5RRfNDODNen5hrfD86tBVOeX3pNXBguDUKnWA="},"lastRemoteEphemeralKey":"BfUcDlNEeES1Ddh0g0Ytun/z9sA9g2cW+Fpi+zCsu7VR","previousCounter":0,"rootKey":"CgwLoxvqe4ExP+Hf1L6xBWHhG/hMWDdK4bCf4OsRnGQ="},"indexInfo":{"baseKey":"BQ0t6atxQfJUaC62bY+evzEgXAzoHqEBNXRD0SQJZ5RW","baseKeyType":1,"closed":-1,"used":1737993135001,"created":1737993135001,"remoteIdentityKey":"BZMh0y7pDi0vLsLfAuCUZi0uhieUHjk9EnsEU4fg75A4"},"_chains":{"Bey5xX/42VpVPPFdlfBzbuWaM4h8bkKwAE72koRIZnhN":{"chainKey":{"counter":1,"key":"PaHvReZvuc39MJRtweNk+j0GfN0V4vKGS7bQi38t7bA="},"chainType":1,"messageKeys":{}}},"pendingPreKey":{"signedKeyId":3,"baseKey":"BQ0t6atxQfJUaC62bY+evzEgXAzoHqEBNXRD0SQJZ5RW"}}},"version":"v1"}