{"_sessions":{"BQvAWewZ3rgzUrdbEjN/cAN6l5Y2CXDO8BLYF41i/kB/":{"registrationId":982202650,"currentRatchet":{"ephemeralKeyPair":{"pubKey":"BT9ltwenu5jKgjiOI+M2yZLkewrLT6plzla2imWkXoR5","privKey":"aJYZeyZ8R3jfi8cJQPsf+5gZAOhcwAlhpldfG1P+RnM="},"lastRemoteEphemeralKey":"BVBrzgMmtTtUwI1O5nvyAiN03FmHh7DAc1M+/U5bjMw4","previousCounter":0,"rootKey":"vEi6ajO4W9gZBnCv/zPVpHV4r+KlmZnN6mpfZDtLhr4="},"indexInfo":{"baseKey":"BQvAWewZ3rgzUrdbEjN/cAN6l5Y2CXDO8BLYF41i/kB/","baseKeyType":1,"closed":-1,"used":1737992500340,"created":1737992500340,"remoteIdentityKey":"Bfyg2mCveTKEuTAxfXtGp9kBa6YLJuGLeussWs+vY8Qp"},"_chains":{"BT9ltwenu5jKgjiOI+M2yZLkewrLT6plzla2imWkXoR5":{"chainKey":{"counter":1,"key":"QrqN5ETk10x8Gim0flIKSP2lwnwXfOoI73odA1WY3GI="},"chainType":1,"messageKeys":{}}},"pendingPreKey":{"signedKeyId":0,"baseKey":"BQvAWewZ3rgzUrdbEjN/cAN6l5Y2CXDO8BLYF41i/kB/","preKeyId":10889023}}},"version":"v1"}