{"_sessions":{"Ba890plUlYgitBhlLEFojJG3Vl0DdtrTvXvXJFVLOK0L":{"registrationId":1734571711,"currentRatchet":{"ephemeralKeyPair":{"pubKey":"BSIxbok+xlhhO4Zvz1fd1FPb+LeUsG/4Hh87U4gsohEN","privKey":"KE17FoUzEvNHZf5Ryw7yxwii0rMnahgfToeqMxYd52k="},"lastRemoteEphemeralKey":"BXNCmCLCUUfMBsyRFj910A6omqtFiVvtrWahV9WIe35i","previousCounter":0,"rootKey":"VwMcofSjgzmjqt786Djk5W6rtuQbNUIIia/ok2wm0Q4="},"indexInfo":{"baseKey":"Ba890plUlYgitBhlLEFojJG3Vl0DdtrTvXvXJFVLOK0L","baseKeyType":1,"closed":-1,"used":1737993014470,"created":1737993014470,"remoteIdentityKey":"Bc2WVCb/0C43zO4TkEXh+OAofBqraLJehKkaBv86dnFS"},"_chains":{"BSIxbok+xlhhO4Zvz1fd1FPb+LeUsG/4Hh87U4gsohEN":{"chainKey":{"counter":0,"key":"oXpNOlHlLl9P7BlJ3DgwMxqZ6WCbPBoRrwMhiHRG/r8="},"chainType":1,"messageKeys":{}}},"pendingPreKey":{"signedKeyId":3,"baseKey":"Ba890plUlYgitBhlLEFojJG3Vl0DdtrTvXvXJFVLOK0L","preKeyId":7067799}}},"version":"v1"}