{"_sessions":{"BaHfu8+LsaoV267W7hmOBE86euqq/3lPKI6R+vwW1V9f":{"registrationId":410896578,"currentRatchet":{"ephemeralKeyPair":{"pubKey":"BdZxv8URw/0W/7oK5VNJ2pThDKoSoe5Oj4zuuDPqHeAb","privKey":"IJy+kbtundMmQESPIohg24WJ0VU6BAlgg+b5OEtW93E="},"lastRemoteEphemeralKey":"BcSTIaNOQ2M/zv51nKrzxs7kW7chfG+WujgFP03aRTcR","previousCounter":0,"rootKey":"qr00sEEkg9OHP56nRNoEsYZhayHDdeMb1qfDwNOUk0I="},"indexInfo":{"baseKey":"BaHfu8+LsaoV267W7hmOBE86euqq/3lPKI6R+vwW1V9f","baseKeyType":1,"closed":-1,"used":1737993538432,"created":1737993538432,"remoteIdentityKey":"BTPTGCf9K9fU1TtcfvPrVLSHywl3lt/YnTF6LLl+7CZV"},"_chains":{"BdZxv8URw/0W/7oK5VNJ2pThDKoSoe5Oj4zuuDPqHeAb":{"chainKey":{"counter":0,"key":"99Mn0fk6pgCLWWtDUPhF3Q0Pg1LwNtLsKNqEvdMvvAQ="},"chainType":1,"messageKeys":{}}},"pendingPreKey":{"signedKeyId":4,"baseKey":"BaHfu8+LsaoV267W7hmOBE86euqq/3lPKI6R+vwW1V9f","preKeyId":15975166}}},"version":"v1"}