{"_sessions":{"BSGVtACDaXeg9xEfNo+oMINTnenMeZPSTSb4nrtAm4sI":{"registrationId":1181771077,"currentRatchet":{"ephemeralKeyPair":{"pubKey":"BZXy2qjUjP+rFrpZHNqZOGPjf+TwT5+GeHwS/ttmgKle","privKey":"kKEfJ45vD0OkuKv+9aoBb4QtvknI2htjdMqIZm0OIkw="},"lastRemoteEphemeralKey":"BYTIzxHm6ERcQOgxN2oQSM2mqBoxZ1/b9yzrw0nWsxwV","previousCounter":0,"rootKey":"aQuV3c24JU3LyfQwrw9/ITbAM6ZZ/+KCCdJv7s3Zsfo="},"indexInfo":{"baseKey":"BSGVtACDaXeg9xEfNo+oMINTnenMeZPSTSb4nrtAm4sI","baseKeyType":1,"closed":-1,"used":1737994371110,"created":1737994371110,"remoteIdentityKey":"BTHXKyAwoenGrsvOgJKjMFCf8MJe6Mo0I3BdyG1r9Ooy"},"_chains":{"BZXy2qjUjP+rFrpZHNqZOGPjf+TwT5+GeHwS/ttmgKle":{"chainKey":{"counter":0,"key":"G2Ol9vP5aQowMU+kGr0jlF7Q9WC+KnKqbTTj+lTo3MM="},"chainType":1,"messageKeys":{}}},"pendingPreKey":{"signedKeyId":1,"baseKey":"BSGVtACDaXeg9xEfNo+oMINTnenMeZPSTSb4nrtAm4sI","preKeyId":12264148}}},"version":"v1"}