{"_sessions":{"BR0jXYdYb1/gPf+fEqsgo4uz6Hn3vtsssgooTJE0uh5T":{"registrationId":2090557117,"currentRatchet":{"ephemeralKeyPair":{"pubKey":"BT8xcFpPOJrCS4V40VmA/M8hhfNRoTyO7sxckpkNv09K","privKey":"IPkQCO00N1gn9Bd1H338q2eLMI7XqJB3RSPkEExn9Eg="},"lastRemoteEphemeralKey":"BUqqAw2CnjXWU40ITDqwRd7XKZVv0bPeNzzZgq/shqhx","previousCounter":0,"rootKey":"bF3cyeL6YRh8HwXB3BVSW4gmumSvEIEX2VQWzcZWvi0="},"indexInfo":{"baseKey":"BR0jXYdYb1/gPf+fEqsgo4uz6Hn3vtsssgooTJE0uh5T","baseKeyType":1,"closed":-1,"used":1737992069206,"created":1737992069206,"remoteIdentityKey":"BeajskwGVR0/1tmDxIMNnOPC4zTXNlRpVjsNaToo9aBV"},"_chains":{"BT8xcFpPOJrCS4V40VmA/M8hhfNRoTyO7sxckpkNv09K":{"chainKey":{"counter":1,"key":"iNnD6aiDaZzhPRbk5YD44ukhAmh+5RoZmgQzhjr7VWk="},"chainType":1,"messageKeys":{}}},"pendingPreKey":{"signedKeyId":0,"baseKey":"BR0jXYdYb1/gPf+fEqsgo4uz6Hn3vtsssgooTJE0uh5T","preKeyId":14298522}}},"version":"v1"}