{"_sessions":{"BSyiFNU+S2OeOQKGpQpOzSMKsQOslSiItY+pyhbSIKBL":{"registrationId":147386914,"currentRatchet":{"ephemeralKeyPair":{"pubKey":"BaCYvwitqkIP7lIw7MvDcVgBKpAoUYMkbXdFiLxrmEkv","privKey":"YLpmn9BiueiA/oegOLoxLT3zZ5Kw1lLPiKdNhGikFl4="},"lastRemoteEphemeralKey":"BXPsBghpBLCVH8DFsT8RhfrCQDddaaQRFQDlwLsU7+wF","previousCounter":0,"rootKey":"C1aq0FMZ+CTggfggWqIAq0VSwXkiQGrzuISTiZ81t4k="},"indexInfo":{"baseKey":"BSyiFNU+S2OeOQKGpQpOzSMKsQOslSiItY+pyhbSIKBL","baseKeyType":1,"closed":-1,"used":1737993014489,"created":1737993014489,"remoteIdentityKey":"Bc0Xyl/QnRC7amzk1gjTSNej9uM8gy8c8JdVpxD8nxIm"},"_chains":{"BaCYvwitqkIP7lIw7MvDcVgBKpAoUYMkbXdFiLxrmEkv":{"chainKey":{"counter":0,"key":"491qoyBggEkLiZZrrRtPxyZeO5OjuUw/cZ7SSdl/ogs="},"chainType":1,"messageKeys":{}}},"pendingPreKey":{"signedKeyId":2,"baseKey":"BSyiFNU+S2OeOQKGpQpOzSMKsQOslSiItY+pyhbSIKBL","preKeyId":1014880}}},"version":"v1"}