{"_sessions":{"BenckywMr+DVnKepHpiRPK9LQN1opbZgJZaM6/KpIeAb":{"registrationId":10152,"currentRatchet":{"ephemeralKeyPair":{"pubKey":"BY48Oe60cawk0ueJesJMJoSkwbHMiydh6dFMGf97uU1A","privKey":"8Inpi5Op49BIuml5TOv038GrVnbn1V0dBKYdT46EIGE="},"lastRemoteEphemeralKey":"Bbna4zFe1A/Cey2PhvZ5GG4GAPzHCZ5HtTkAF+rV/0hN","previousCounter":0,"rootKey":"5+bL41ENdOkZ6xVLhCYKwgKJOfFKfiP8509xVsSB77Q="},"indexInfo":{"baseKey":"BenckywMr+DVnKepHpiRPK9LQN1opbZgJZaM6/KpIeAb","baseKeyType":1,"closed":-1,"used":1737994370927,"created":1737994370927,"remoteIdentityKey":"BcvBc2DCyR8NbDETNMtXHMHEbW6GPs0FJDx5om0pQv1L"},"_chains":{"BY48Oe60cawk0ueJesJMJoSkwbHMiydh6dFMGf97uU1A":{"chainKey":{"counter":0,"key":"+JtHTEQnbvvtXa2gMu956e1Mb0o0CgM+OD/uKTPxmC4="},"chainType":1,"messageKeys":{}}},"pendingPreKey":{"signedKeyId":1,"baseKey":"BenckywMr+DVnKepHpiRPK9LQN1opbZgJZaM6/KpIeAb"}}},"version":"v1"}