{"_sessions":{"Bb+EJh2cxfVos6bjZcHh5pew3PxEwLHltXTGoozN7ClA":{"registrationId":531583782,"currentRatchet":{"ephemeralKeyPair":{"pubKey":"BexulTFJnNRtITX+fl2MwGQ//ajGqos2qeklwIxlGst+","privKey":"eBRk0zuKqWBULX939zHCkxjgecEGPfhdvuJZDolFRFA="},"lastRemoteEphemeralKey":"BQ9kP3Ktzb09ezKacAVQ2VNjmn/YyaJD1NnF14h5fP8d","previousCounter":0,"rootKey":"bJ2PFcIfyRBHAxOAOYZuj5eg7mFwDhSO6pD9MISoxMg="},"indexInfo":{"baseKey":"Bb+EJh2cxfVos6bjZcHh5pew3PxEwLHltXTGoozN7ClA","baseKeyType":1,"closed":-1,"used":1737993014626,"created":1737993014626,"remoteIdentityKey":"BZ/YOOdbk0yJNcrx2yY4VlXqqEAiNRimCIoYqqUV/98E"},"_chains":{"BexulTFJnNRtITX+fl2MwGQ//ajGqos2qeklwIxlGst+":{"chainKey":{"counter":0,"key":"xvIxgGQ7ArvyRjADmzYdLnsM5QmcBwdltHjtc2nqk6A="},"chainType":1,"messageKeys":{}}},"pendingPreKey":{"signedKeyId":2,"baseKey":"Bb+EJh2cxfVos6bjZcHh5pew3PxEwLHltXTGoozN7ClA","preKeyId":12904886}}},"version":"v1"}