{"_sessions":{"Bbpd4umfUlManVTADzeWERVLWX0Q1cQ6EqcNPel2DkoY":{"registrationId":5938134,"currentRatchet":{"ephemeralKeyPair":{"pubKey":"BTqyLk4q0BtSbZqEku3aXspEa5Jp/qEl3CiILdRhtDV5","privKey":"MAfcQLOh8VUMcQGf6HFZNQMbzSRcqUYmCUpbbaFQim0="},"lastRemoteEphemeralKey":"BTH6qL50W8EEdjgUMQ++XphWbWkThqHaMPN60LmKL6Is","previousCounter":0,"rootKey":"P/lCv2fLVJM8+RPeja6Zn7UbyZtoNeknHwjK6cwHpFA="},"indexInfo":{"baseKey":"Bbpd4umfUlManVTADzeWERVLWX0Q1cQ6EqcNPel2DkoY","baseKeyType":1,"closed":-1,"used":1737993134863,"created":1737993134863,"remoteIdentityKey":"BV2T8CsjjPYFbz+ZtxkmymEmGN5WXsMvxCns2NJMo3Ax"},"_chains":{"BTqyLk4q0BtSbZqEku3aXspEa5Jp/qEl3CiILdRhtDV5":{"chainKey":{"counter":1,"key":"8Laed4qcv26JPG4qZjMzJE0hQwX6DnxnDuQp24OVrO0="},"chainType":1,"messageKeys":{}}},"pendingPreKey":{"signedKeyId":2,"baseKey":"Bbpd4umfUlManVTADzeWERVLWX0Q1cQ6EqcNPel2DkoY","preKeyId":1714451}}},"version":"v1"}