{"_sessions":{"BU1+yGg7DbzaNuqF77B9Wa3kou/V0CAbp7iCCcmk8xJA":{"registrationId":1282871294,"currentRatchet":{"ephemeralKeyPair":{"pubKey":"BcpNyuleOUNCfsZACusR9VBVtViVJIWWoUtqIKBOGFh4","privKey":"CApFQ5q1f4zylIjOj5mUz0AjP+EM8jX3lWHkCXJU9H8="},"lastRemoteEphemeralKey":"BTZEa+rmuBbKJ150wPDWMkbvzDBA4N8krProkPqKktNI","previousCounter":0,"rootKey":"tM/YPl6KzplLciuCgEOYVnvzQmN9jxZTTAcilKslm5I="},"indexInfo":{"baseKey":"BU1+yGg7DbzaNuqF77B9Wa3kou/V0CAbp7iCCcmk8xJA","baseKeyType":1,"closed":-1,"used":1737993014941,"created":1737993014941,"remoteIdentityKey":"BcJW7AFJy7K8LFydDnOvvUxKvRho65mxGAN0nnj8yXsz"},"_chains":{"BcpNyuleOUNCfsZACusR9VBVtViVJIWWoUtqIKBOGFh4":{"chainKey":{"counter":0,"key":"jtWF9Nvld5wAC33stRpeGUwFNzAcHhK/d0OjbEb1bpM="},"chainType":1,"messageKeys":{}}},"pendingPreKey":{"signedKeyId":6,"baseKey":"BU1+yGg7DbzaNuqF77B9Wa3kou/V0CAbp7iCCcmk8xJA","preKeyId":13178695}}},"version":"v1"}