{"_sessions":{"Be7rV85SX8fz9bt0TewC0KrxD2i1bWHFrGisEpVrvdwp":{"registrationId":1080277379,"currentRatchet":{"ephemeralKeyPair":{"pubKey":"BdCjKbv/8VQ86/NxLGi82VNZP8MNFjiSL27D0q9TSLlr","privKey":"uJCVf0guyLcEx0uTcnBaDO6eLDSZ75LMVhLN52AKc28="},"lastRemoteEphemeralKey":"Ba1/2rMi8tmVP9z7EErBv9DkjNef7sVaBwLxP9LZrg1f","previousCounter":0,"rootKey":"OhzDws5d2jWf+ixbHLy7kf0FjB5w7CvZ4oANweQTkc4="},"indexInfo":{"baseKey":"Be7rV85SX8fz9bt0TewC0KrxD2i1bWHFrGisEpVrvdwp","baseKeyType":1,"closed":-1,"used":1737993538559,"created":1737993538559,"remoteIdentityKey":"BRAZNi+fd5ZK/C6bBdadv/+MvWe/Iw09BI4bvXA0PLZi"},"_chains":{"BdCjKbv/8VQ86/NxLGi82VNZP8MNFjiSL27D0q9TSLlr":{"chainKey":{"counter":0,"key":"ttjAMWZFNnvzl3YYW12Q0iCGys4Vu/JyZ2FadsQcbCk="},"chainType":1,"messageKeys":{}}},"pendingPreKey":{"signedKeyId":15831772,"baseKey":"Be7rV85SX8fz9bt0TewC0KrxD2i1bWHFrGisEpVrvdwp"}}},"version":"v1"}