{"_sessions":{"BbNeD5cHXO9YsP/381oPG+K7Hy0Z4sgYOebJi0VlO41C":{"registrationId":1709584395,"currentRatchet":{"ephemeralKeyPair":{"pubKey":"BWz7Bklfw6rxkzlYpzDlTE7DUtPEv5cfEreAkEsvSYQ7","privKey":"8OpC2vQyeidTqFhXZ2Beulu7IviAcS/tGtIu23j5c3g="},"lastRemoteEphemeralKey":"BULzYM3rt1YPgfvMIE05CIftC74OPIAVuzLDdfDLfukV","previousCounter":0,"rootKey":"7DFPQQcY//hLcig6pOIk9JHYh+z8j0SDpTAv0v9AiGI="},"indexInfo":{"baseKey":"BbNeD5cHXO9YsP/381oPG+K7Hy0Z4sgYOebJi0VlO41C","baseKeyType":1,"closed":-1,"used":1737993015272,"created":1737993015272,"remoteIdentityKey":"BTnimibyaxh3/hExmPED2uTrcvkxD7lDYLadTLyaqT0s"},"_chains":{"BWz7Bklfw6rxkzlYpzDlTE7DUtPEv5cfEreAkEsvSYQ7":{"chainKey":{"counter":0,"key":"AEsnxlsYqK4OeHNQ5ZZSmyi1aYz1XOD5elc/sxdNVmE="},"chainType":1,"messageKeys":{}}},"pendingPreKey":{"signedKeyId":2,"baseKey":"BbNeD5cHXO9YsP/381oPG+K7Hy0Z4sgYOebJi0VlO41C","preKeyId":3444119}}},"version":"v1"}