{"_sessions":{"BUOPpFtlSlTjmcxKf2HzeH8D7cHpVBi3WvKOVrPOBzMX":{"registrationId":2111344501,"currentRatchet":{"ephemeralKeyPair":{"pubKey":"Bb9cfVv22OhOCX6Jhv9cn2u3LV9Xa6+zzHQFJ8qh549j","privKey":"6PgKGz0h2RB2AkdaUFkHfF9htDk9hsGZ4/U3gbvxj1k="},"lastRemoteEphemeralKey":"BUAjO/eiKsUZHPok5rmVZ6/M4dp6tmWfGuawoNDVlURG","previousCounter":0,"rootKey":"cqwqNLnmP8DNDARi+cFRvmc8hPgrpf4oAygFI4rl+nQ="},"indexInfo":{"baseKey":"BUOPpFtlSlTjmcxKf2HzeH8D7cHpVBi3WvKOVrPOBzMX","baseKeyType":1,"closed":-1,"used":1737993538491,"created":1737993538491,"remoteIdentityKey":"BQE3XT7GaRH0N0rqOmPZnmoPCEfg/F/UzTs0lHj9iowu"},"_chains":{"Bb9cfVv22OhOCX6Jhv9cn2u3LV9Xa6+zzHQFJ8qh549j":{"chainKey":{"counter":0,"key":"KmsciXox5yFUMgwRlnTy0YZliSlZEM2euNgXa5KIwqg="},"chainType":1,"messageKeys":{}}},"pendingPreKey":{"signedKeyId":2,"baseKey":"BUOPpFtlSlTjmcxKf2HzeH8D7cHpVBi3WvKOVrPOBzMX","preKeyId":2958078}}},"version":"v1"}