{"_sessions":{"BYUVyp/XSM/KmpbZz6A5L+Oaucg9VbnZYIb/3jxTCRlx":{"registrationId":1914718325,"currentRatchet":{"ephemeralKeyPair":{"pubKey":"BROaD3zx5aslPGKbX7I2pqPuxizrV4ALuNi+2W7vAVMm","privKey":"SOdKscGzLDPe1nj/hDFpsJir7x+Di+0Ohn8OzSnH/Fc="},"lastRemoteEphemeralKey":"BRI/EsuUs5Owg/rL0YoKhmvX1XMlKP9xY72vG2OzZmJz","previousCounter":0,"rootKey":"2bLBRhvpUcEzLlppwq30bhXxyso2EwG5ltsA+inrouU="},"indexInfo":{"baseKey":"BYUVyp/XSM/KmpbZz6A5L+Oaucg9VbnZYIb/3jxTCRlx","baseKeyType":1,"closed":-1,"used":1737993014232,"created":1737993014232,"remoteIdentityKey":"Bdqn83j3UJV1IRHEJlEHYYah8kxkyhDJPf1XO4YDbC5C"},"_chains":{"BROaD3zx5aslPGKbX7I2pqPuxizrV4ALuNi+2W7vAVMm":{"chainKey":{"counter":0,"key":"Tm3Johpguqhx1EL6npls7+Iz9bL63oIQY8bQtchHqr0="},"chainType":1,"messageKeys":{}}},"pendingPreKey":{"signedKeyId":1,"baseKey":"BYUVyp/XSM/KmpbZz6A5L+Oaucg9VbnZYIb/3jxTCRlx","preKeyId":940}}},"version":"v1"}