{"_sessions":{"BZK2b7Q2x0FZ0PEQkdxN+xxfc9CEJniJDmf5z5txjlRb":{"registrationId":1000874541,"currentRatchet":{"ephemeralKeyPair":{"pubKey":"BYdO8yi5w+i4sB3s+evic3rLYb9L6mWJhRDc8Ii04+FV","privKey":"8EEeeYFW7Tlp8hMTQglzQvFvF+BYzAcEqnM+6s6+S34="},"lastRemoteEphemeralKey":"BfGsu32oZ3U/G07gfcPi1iFH4dx1YhpAb1PgfhBCaYds","previousCounter":0,"rootKey":"kQRSs2YI0BHkk5zINcPn+RfBbWw9Loxu0v+UriB8VMU="},"indexInfo":{"baseKey":"BZK2b7Q2x0FZ0PEQkdxN+xxfc9CEJniJDmf5z5txjlRb","baseKeyType":1,"closed":-1,"used":1737993014980,"created":1737993014980,"remoteIdentityKey":"BbNCwde6YMeWYm4WLslm42sAwA22wyH5CrmRHjrCLv8c"},"_chains":{"BYdO8yi5w+i4sB3s+evic3rLYb9L6mWJhRDc8Ii04+FV":{"chainKey":{"counter":0,"key":"B5NJngW4pnuP5OQ33QCV22C5in1W9b013+VDypvyiII="},"chainType":1,"messageKeys":{}}},"pendingPreKey":{"signedKeyId":4,"baseKey":"BZK2b7Q2x0FZ0PEQkdxN+xxfc9CEJniJDmf5z5txjlRb","preKeyId":754600}}},"version":"v1"}