{"_sessions":{"BXOqVwxNe83J0TXgFyLbldhm40LaYwyXkWm1MSPKcBUp":{"registrationId":1272521656,"currentRatchet":{"ephemeralKeyPair":{"pubKey":"BSXUyFC/2XvpdVrNWsYO0JsPVAgefER7tDdCXpRTWm9i","privKey":"YF1XjMBk7JuR8CdbiOE1GqToGDPFQFpcSD4kXwyrX30="},"lastRemoteEphemeralKey":"BajmAIaDLWP00saqhZg4asSTOlafJ3YWFascdzKJ5AF/","previousCounter":0,"rootKey":"hHLJt5tYlQxt179m7EAax+U4ARrirsJUhf0yRWmS0Ak="},"indexInfo":{"baseKey":"BXOqVwxNe83J0TXgFyLbldhm40LaYwyXkWm1MSPKcBUp","baseKeyType":1,"closed":-1,"used":1737993015099,"created":1737993015099,"remoteIdentityKey":"BWQgl0Nkd5X8Vu9O94/ekM6/N4IVMh+I4eDYIkOO/gpw"},"_chains":{"BSXUyFC/2XvpdVrNWsYO0JsPVAgefER7tDdCXpRTWm9i":{"chainKey":{"counter":0,"key":"pyUkozGBC6/zJwpyLoU4S8UEBQzD/AiBqIuyD78i4bI="},"chainType":1,"messageKeys":{}}},"pendingPreKey":{"signedKeyId":20,"baseKey":"BXOqVwxNe83J0TXgFyLbldhm40LaYwyXkWm1MSPKcBUp","preKeyId":3128486}}},"version":"v1"}