{"_sessions":{"BTWB72L65km13l/zkqBbtg0FNF/AI8jCWvlWxOpeMJ1p":{"registrationId":675064792,"currentRatchet":{"ephemeralKeyPair":{"pubKey":"Bcy0iewisQVUJp6LyVelGaDy8l/1104ZIbRhAlukJiFe","privKey":"wMcc/LkR4qU5GNuzL4jS8l6LMQMAPTQXH5YTCQVSn3U="},"lastRemoteEphemeralKey":"BYlSr43Ao/DvK3tAIwwpMXpJvuZinNCAzpGb5WiSXaka","previousCounter":2,"rootKey":"ThYYf7Kn+/fhHyxR2843ibvenu914zO5W/sHxhAiZqc="},"indexInfo":{"baseKey":"BTWB72L65km13l/zkqBbtg0FNF/AI8jCWvlWxOpeMJ1p","baseKeyType":2,"closed":-1,"used":1737998627436,"created":1737991935847,"remoteIdentityKey":"BWLf+sYewoxR20t5gngJzA9vflN8YhKhfmBfRjEkr7Bv"},"_chains":{"BQA+HMdn0JUVkL+kXiJ27DOIFDPw+m7/VGttHQiOQhkY":{"chainKey":{"counter":1},"chainType":2,"messageKeys":{}},"BYlSr43Ao/DvK3tAIwwpMXpJvuZinNCAzpGb5WiSXaka":{"chainKey":{"counter":5,"key":"kA6ahGVXsYJ7jGCR/Kv0bHAwEcxOojNOqlCIN4sPPek="},"chainType":2,"messageKeys":{}},"Bcy0iewisQVUJp6LyVelGaDy8l/1104ZIbRhAlukJiFe":{"chainKey":{"counter":-1,"key":"Uegutd4i531n0sM1jVa9sXTqPQn6fLZ5SGaZ91v+gCk="},"chainType":1,"messageKeys":{}}}}},"version":"v1"}