{"_sessions":{"BaEwuRl5WhOumCXXiso1rEnVA52lkDSpHVyhUihfjgh2":{"registrationId":538088074,"currentRatchet":{"ephemeralKeyPair":{"pubKey":"BZk+uexBya+bDFkK8om2U+wUmqBf1+4ur/gDv1Wod64m","privKey":"WCRkAqLUV5GPD4zkpFjPT776i9seKn86DWj+zXbDcE8="},"lastRemoteEphemeralKey":"BWeBDrcgQsaoA04iMNU77YIZ42Yw+eeXnuKT7zwMJx0U","previousCounter":0,"rootKey":"OqFpUditX2bTuRau71H4flOHbaMLC9FMsEPpqkWnSJE="},"indexInfo":{"baseKey":"BaEwuRl5WhOumCXXiso1rEnVA52lkDSpHVyhUihfjgh2","baseKeyType":1,"closed":-1,"used":1737992069256,"created":1737992069256,"remoteIdentityKey":"BTno57KQZIFDL1HfsVoCoQTM0bnqn/3uRmk2DOnC4hUW"},"_chains":{"BZk+uexBya+bDFkK8om2U+wUmqBf1+4ur/gDv1Wod64m":{"chainKey":{"counter":0,"key":"W7mM1O4AHFsrUCbETSxnobXJ4GSwGwMub4SWfSYtmL8="},"chainType":1,"messageKeys":{}}},"pendingPreKey":{"signedKeyId":26,"baseKey":"BaEwuRl5WhOumCXXiso1rEnVA52lkDSpHVyhUihfjgh2","preKeyId":2531646}}},"version":"v1"}