{"_sessions":{"BQwGIj6gnoApD3s3s8XAFErzG27Isv85goW4PXpGxwIU":{"registrationId":29347331,"currentRatchet":{"ephemeralKeyPair":{"pubKey":"BQUU+SJKjjkXH80SaYNUVMP9u6m7ttncVfrJ8IwkMgsi","privKey":"kFiVNfm1AD4g5qIgPeLtlIb8LGeJBTMTMo/IxbshHlo="},"lastRemoteEphemeralKey":"BaBQ6w+9C2MrhWqLl+++i5ZfmSQa0F1aVY1kxv0bBqR2","previousCounter":0,"rootKey":"itwTUYnxocPWiDg02ld2mKPBl7xF6XbkBY2yOqEAp9g="},"indexInfo":{"baseKey":"BQwGIj6gnoApD3s3s8XAFErzG27Isv85goW4PXpGxwIU","baseKeyType":1,"closed":-1,"used":1737993014640,"created":1737993014640,"remoteIdentityKey":"BTbI+hn7NckHTDw1fnhI0cPAPoHKishEGZAwhXuUL/YD"},"_chains":{"BQUU+SJKjjkXH80SaYNUVMP9u6m7ttncVfrJ8IwkMgsi":{"chainKey":{"counter":0,"key":"uja9TaiKbHFWDLFY7aTDrfAYqo9mhBGu98g4qYZBVa0="},"chainType":1,"messageKeys":{}}},"pendingPreKey":{"signedKeyId":0,"baseKey":"BQwGIj6gnoApD3s3s8XAFErzG27Isv85goW4PXpGxwIU","preKeyId":10556127}}},"version":"v1"}