{"_sessions":{"BY6l0RRYa99E90spz4Dzm7mdtUQymljlO4rh/sQBoUgR":{"registrationId":824810570,"currentRatchet":{"ephemeralKeyPair":{"pubKey":"BSLXLEMjZ8kd4xCB5L7Vq7frG+rH2ttA33eMETYuyVZw","privKey":"AH1cW8+uvVpkfz4NO4WP9oFcvRp9CjNwYpp8S06/LEo="},"lastRemoteEphemeralKey":"BalaE2GQ/48OiyYecutTG8bpy9HmKybgrA3JvkpPnZoG","previousCounter":0,"rootKey":"Mx/qz/hBO+2NqtVLoQzemjEvNO8YSmq5Ne+WsqMaEMc="},"indexInfo":{"baseKey":"BY6l0RRYa99E90spz4Dzm7mdtUQymljlO4rh/sQBoUgR","baseKeyType":1,"closed":-1,"used":1737994371025,"created":1737994371025,"remoteIdentityKey":"BUiArZSKrBvDzDwtyn21ByGMeswVl5UumqSRHyie+Go9"},"_chains":{"BSLXLEMjZ8kd4xCB5L7Vq7frG+rH2ttA33eMETYuyVZw":{"chainKey":{"counter":0,"key":"zOzkVpokEOEM2XV+TzrgeJZJqIDoYIvzmqmIhhJeDlA="},"chainType":1,"messageKeys":{}}},"pendingPreKey":{"signedKeyId":9,"baseKey":"BY6l0RRYa99E90spz4Dzm7mdtUQymljlO4rh/sQBoUgR","preKeyId":13489359}}},"version":"v1"}