{"_sessions":{"BYIXJjmdNRUsmaSe4fIbx1VHD2Ke4SuKq1SV3j0Qg5ct":{"registrationId":650634975,"currentRatchet":{"ephemeralKeyPair":{"pubKey":"BYTbA8jm7w6gvEvgpX0kUX+tMDBh7F4qILVh6hl90TtB","privKey":"EIv3jmIF9fz8S5CLAPbm4hhLZFN+rYaBkEi244R9hH8="},"lastRemoteEphemeralKey":"BbnAHbn+q9d4OLvnvvT1ywMgFv6ESeuwMMVGK78kLWss","previousCounter":0,"rootKey":"NIfrrXM6iB/1tL7KIipmCpNyiHXLNcxnsz+2Owz/uP4="},"indexInfo":{"baseKey":"BYIXJjmdNRUsmaSe4fIbx1VHD2Ke4SuKq1SV3j0Qg5ct","baseKeyType":1,"closed":-1,"used":1737993538547,"created":1737993538547,"remoteIdentityKey":"BSMOaIZ9bpCb9UWVd2XoREa9ddJPE/5wk+ILHO1GCTFc"},"_chains":{"BYTbA8jm7w6gvEvgpX0kUX+tMDBh7F4qILVh6hl90TtB":{"chainKey":{"counter":0,"key":"IRYEh1ONlZrfUCrQscYQ7FpeHYRcAwPwIwQ7pNLUKio="},"chainType":1,"messageKeys":{}}},"pendingPreKey":{"signedKeyId":4,"baseKey":"BYIXJjmdNRUsmaSe4fIbx1VHD2Ke4SuKq1SV3j0Qg5ct"}}},"version":"v1"}