{"_sessions":{"BW8l/j2pTl//SGMLF2irrPSlu88t7Ok3U/QtRnvsMGIF":{"registrationId":1928634470,"currentRatchet":{"ephemeralKeyPair":{"pubKey":"BRtdfufw3BCiwNeQc6CxK6zUlZESGK677ffXifLpFRYw","privKey":"CDt/M7zTL7JnuQTDfVPiSvgz7Ri0BNk2bGw//hkGAFg="},"lastRemoteEphemeralKey":"Bf2WEWR0w7LnqpTj2anJIivq+hRU5qqx+gcQE4gZBuga","previousCounter":0,"rootKey":"4t1I9PdkmAXktw6qGOvnjQmP1CJKlMnOwRfIzD/0d8A="},"indexInfo":{"baseKey":"BW8l/j2pTl//SGMLF2irrPSlu88t7Ok3U/QtRnvsMGIF","baseKeyType":1,"closed":-1,"used":1737993481808,"created":1737993481808,"remoteIdentityKey":"BTR92zt3skG9QV4dx8uYfbdffl9Gfj3wpI6VWXEY+Lw0"},"_chains":{"BRtdfufw3BCiwNeQc6CxK6zUlZESGK677ffXifLpFRYw":{"chainKey":{"counter":0,"key":"IU6G58m+FZ3fbguzIMw3TrhA+dy9GQGcwRvE1XK2rPI="},"chainType":1,"messageKeys":{}}},"pendingPreKey":{"signedKeyId":3,"baseKey":"BW8l/j2pTl//SGMLF2irrPSlu88t7Ok3U/QtRnvsMGIF","preKeyId":3951954}}},"version":"v1"}