{"_sessions":{"BW2eISJUE662oZWGlx2BLtzjV+wKZxY4rTGvGNmU1tZN":{"registrationId":58710797,"currentRatchet":{"ephemeralKeyPair":{"pubKey":"BaI1erbLCrxBkjgvQQayjk2aCUISnwipofx6VJw9jFR5","privKey":"iP+srXp6f8akxFJhhsMBLDQ7L7dyiblil9OM6UcPD10="},"lastRemoteEphemeralKey":"BXkDTYIo6za13lELNVo1G8ykrj07w8NpMk9u9RePcjIr","previousCounter":0,"rootKey":"/2b1ipKBRLbEBUPK7BoEIFROsMc3AGN+ySDfRH4DDmU="},"indexInfo":{"baseKey":"BW2eISJUE662oZWGlx2BLtzjV+wKZxY4rTGvGNmU1tZN","baseKeyType":1,"closed":-1,"used":1737993014270,"created":1737993014270,"remoteIdentityKey":"BU0FiWou4ngJxbdxnInRK+COxDSG0YMJRI2pRur7iC9D"},"_chains":{"BaI1erbLCrxBkjgvQQayjk2aCUISnwipofx6VJw9jFR5":{"chainKey":{"counter":0,"key":"fUl/x/SuwzMWFZUvbm8r7zk0/r20LlDZXRJ7COVarvM="},"chainType":1,"messageKeys":{}}},"pendingPreKey":{"signedKeyId":0,"baseKey":"BW2eISJUE662oZWGlx2BLtzjV+wKZxY4rTGvGNmU1tZN","preKeyId":1308668}}},"version":"v1"}