{"_sessions":{"BTiuebLmCir17qzJKWHU9TXoXWxlvePsodMqns8WSL1p":{"registrationId":108889648,"currentRatchet":{"ephemeralKeyPair":{"pubKey":"BYQ3e7HujGXo1O0gJNKszF2o0h+AwR6SB4H8LjzJ5CxF","privKey":"CDT5rtjg/EkpoVwoDMHPmno8anpSrpuDCnF1r+3+C3M="},"lastRemoteEphemeralKey":"Bas/5p7mik79Fvme/eCGJzcvJlRCwY1qn/9c4lxiyg0b","previousCounter":0,"rootKey":"5v9mf3gzTBGcmNDyeF0XG1UDuLyt9lCuY0sJ5fyMpBo="},"indexInfo":{"baseKey":"BTiuebLmCir17qzJKWHU9TXoXWxlvePsodMqns8WSL1p","baseKeyType":2,"closed":-1,"used":1737992886397,"created":1737991973095,"remoteIdentityKey":"Bf52rDCv0qp13vK198ROPL/e004rNgVZiRtFdiRM1All"},"_chains":{"BUeIf5PQUTiYGDUffNyWRnwHDIvsZeUQKLmTE+F4DxM1":{"chainKey":{"counter":0},"chainType":2,"messageKeys":{}},"Bas/5p7mik79Fvme/eCGJzcvJlRCwY1qn/9c4lxiyg0b":{"chainKey":{"counter":0,"key":"dXKONfydenaXoxJTggNs9YWLZohnyT+f4e8JbRteBpQ="},"chainType":2,"messageKeys":{}},"BYQ3e7HujGXo1O0gJNKszF2o0h+AwR6SB4H8LjzJ5CxF":{"chainKey":{"counter":0,"key":"Y9hO4X9vmO5S6E+y/3QVZPNRAwP6aw06M/Ek4jXYJF8="},"chainType":1,"messageKeys":{}}}}},"version":"v1"}