{"_sessions":{"BX9wzixoaVE0B8ZpWad5mOr8o4WMurjkYnTII1RSbVdY":{"registrationId":77911336,"currentRatchet":{"ephemeralKeyPair":{"pubKey":"BTzzgM01BvBN5K+QnORDhp5kq5Lo4rfsKdBgLB3YTiME","privKey":"2I50dWwRUpqA/N9p5bt1c8k8AfBYGMUpI4i7945pIWg="},"lastRemoteEphemeralKey":"Bfp1cevSmMc9GqOo8IrYxGBg72FZYid+hyUWaQrdMVsr","previousCounter":0,"rootKey":"+76/TgtTEP2H1C5YXUG5U91awHts5l6DVCLRgyyrHeQ="},"indexInfo":{"baseKey":"BX9wzixoaVE0B8ZpWad5mOr8o4WMurjkYnTII1RSbVdY","baseKeyType":1,"closed":-1,"used":1737993134974,"created":1737993134974,"remoteIdentityKey":"Ba4It962UfEBv7rBVuoDxRfekCBPNxhICRmjFuvUzBxi"},"_chains":{"BTzzgM01BvBN5K+QnORDhp5kq5Lo4rfsKdBgLB3YTiME":{"chainKey":{"counter":1,"key":"96T8G6m4cbCGBPhQycJanITkh2zbB+7neKDGxQJYYZI="},"chainType":1,"messageKeys":{}}},"pendingPreKey":{"signedKeyId":14,"baseKey":"BX9wzixoaVE0B8ZpWad5mOr8o4WMurjkYnTII1RSbVdY","preKeyId":218678}}},"version":"v1"}