{"_sessions":{"BdzWT02ge/Mh9HdVk3F0eCv3npniOEpic71NGT4yMdwL":{"registrationId":798581752,"currentRatchet":{"ephemeralKeyPair":{"pubKey":"BTVP8E3ffpIB+jNTjdYOqvp9XM3oGiSzqjkEE4O6It54","privKey":"qNi60RSYnX0iaApnFbzW97TlWRi5k2tGpusC5wueKU8="},"lastRemoteEphemeralKey":"BSbaaMwSog31s+OQMyGMMP3Z0yCSfMoYE4QOCsQc/AIs","previousCounter":0,"rootKey":"rEsG5O0EHP0iGrUIUkJqgnMMdyEPVz3rLotwk+/SWN0="},"indexInfo":{"baseKey":"BdzWT02ge/Mh9HdVk3F0eCv3npniOEpic71NGT4yMdwL","baseKeyType":1,"closed":-1,"used":1737993014289,"created":1737993014289,"remoteIdentityKey":"BTgMkk+mR3J4p9InpEJY+93i0SEJrgir2D1LZ3trOHwj"},"_chains":{"BTVP8E3ffpIB+jNTjdYOqvp9XM3oGiSzqjkEE4O6It54":{"chainKey":{"counter":0,"key":"2GFOHFQHVfaVBDEFy6MeE+68NceNmTXR6FpDkxl/Bhs="},"chainType":1,"messageKeys":{}}},"pendingPreKey":{"signedKeyId":6,"baseKey":"BdzWT02ge/Mh9HdVk3F0eCv3npniOEpic71NGT4yMdwL","preKeyId":6478767}}},"version":"v1"}