{"_sessions":{"Bd+zNe6BXiqnfdQ9kXKewcHOj8YAXu3F7k7h/Nt9BP03":{"registrationId":1304770665,"currentRatchet":{"ephemeralKeyPair":{"pubKey":"Bbtb9UPvKxYhqzN64T+xjx8BamayacF16zLA7E6Z7GdZ","privKey":"YGZVvdVKSn2hBYbu1g1PAwBn9JywBjHahp/KzEKCb2M="},"lastRemoteEphemeralKey":"BW8bGRQZe0I3BdKDL6AOIb27c54aosqTz9n04Cmsv8gP","previousCounter":0,"rootKey":"IUtf1daXjDzOBIdL8Iz1F3pZZa4Q6GfRpw+e0ycy6Tg="},"indexInfo":{"baseKey":"Bd+zNe6BXiqnfdQ9kXKewcHOj8YAXu3F7k7h/Nt9BP03","baseKeyType":1,"closed":-1,"used":1737993014743,"created":1737993014743,"remoteIdentityKey":"BeeVMzUIC6iw/BxUFvx/L2OHWp3ULU3fScRcZOq8SYRh"},"_chains":{"Bbtb9UPvKxYhqzN64T+xjx8BamayacF16zLA7E6Z7GdZ":{"chainKey":{"counter":0,"key":"tLZ2LVTApvU1QSKKL4du2QhmR5YOXgr1UwOtH93Fk7o="},"chainType":1,"messageKeys":{}}},"pendingPreKey":{"signedKeyId":0,"baseKey":"Bd+zNe6BXiqnfdQ9kXKewcHOj8YAXu3F7k7h/Nt9BP03"}}},"version":"v1"}