{"_sessions":{"BdNfbV76LHrLSJg2XvX6DtTTxw/ke+W+7hPocdkBVEhg":{"registrationId":1362943587,"currentRatchet":{"ephemeralKeyPair":{"pubKey":"BUc0ionnE0YXi33QIZTGewWdBmc/XEMFN3XnAKQbbyVD","privKey":"SPtBWv8LK2t7BDFVrOtpKbTZZwM7Xf9qvNfI6GwxVEc="},"lastRemoteEphemeralKey":"BRnHmrFdzys0LkTnVKVGuvAM1GTKc8LqXEwUMCXGx6cD","previousCounter":0,"rootKey":"nEMJWpMQaPAQGwIexyLgdvaz8+2gE4Hr0RjfwZh712g="},"indexInfo":{"baseKey":"BdNfbV76LHrLSJg2XvX6DtTTxw/ke+W+7hPocdkBVEhg","baseKeyType":2,"closed":-1,"used":1737997851447,"created":1737997851447,"remoteIdentityKey":"BcUCCTjxCbzAia5KuO6Lp6WkS844y7XfS3Qo2NyPbtJx"},"_chains":{"BRnHmrFdzys0LkTnVKVGuvAM1GTKc8LqXEwUMCXGx6cD":{"chainKey":{"counter":0,"key":"3bEnmO3jBWLSeLdAgRcU/XBOFcTtLCpzvrN3gUm1zTw="},"chainType":2,"messageKeys":{}},"BUc0ionnE0YXi33QIZTGewWdBmc/XEMFN3XnAKQbbyVD":{"chainKey":{"counter":-1,"key":"welz4KK9hZgJ7GTtdWLRjT6kFWDW1DLpMX09Hilp0tE="},"chainType":1,"messageKeys":{}}}}},"version":"v1"}