{"_sessions":{"BXGGddkmS/mv/UQ4hpie0qBo1C4SCNkuKczNRa1OpBQl":{"registrationId":530963469,"currentRatchet":{"ephemeralKeyPair":{"pubKey":"BZqTIiUAuQxOfb4CfpSZvhL78Fc1xBwLPAxbqrEO1rgf","privKey":"WNSMJ+m9FiuJTlssD9+5syyq1+/D/7aN92Pc0bNv/nA="},"lastRemoteEphemeralKey":"BTTuqK1oBx1/4/0ss46rBYr1fQsBeRShXW+cWmOvxCFD","previousCounter":0,"rootKey":"jf3iikh9T5l4TtC6MNFwDx194d1CSFjra4f29IwXlHc="},"indexInfo":{"baseKey":"BXGGddkmS/mv/UQ4hpie0qBo1C4SCNkuKczNRa1OpBQl","baseKeyType":1,"closed":-1,"used":1737994371133,"created":1737994371133,"remoteIdentityKey":"BV1DZm8IYYTVACwABt4/a8MoIEpkfuckjSw0ppYAWFg2"},"_chains":{"BZqTIiUAuQxOfb4CfpSZvhL78Fc1xBwLPAxbqrEO1rgf":{"chainKey":{"counter":0,"key":"uf3IKokVFxE3vT6pOQR/ZH23LjHarY/Xc0nrGRQ9yhk="},"chainType":1,"messageKeys":{}}},"pendingPreKey":{"signedKeyId":2,"baseKey":"BXGGddkmS/mv/UQ4hpie0qBo1C4SCNkuKczNRa1OpBQl"}}},"version":"v1"}