{"_sessions":{"Ba25Wi2emKa98G2NXA4/5ClJEBaTy9z/bzdWrDWuLMEL":{"registrationId":1170554778,"currentRatchet":{"ephemeralKeyPair":{"pubKey":"BedrNChTeniHz41OvyEyEHt2IU3eJFovH4W3Y2B+tnUr","privKey":"2IBuXsnkRdSPcjbiQV1zD5pyoukPBXZdv58QD5ypjXc="},"lastRemoteEphemeralKey":"BYSTdRh8iSriuliChdBFiO/CUYtDwowHrIbdobGoodZR","previousCounter":0,"rootKey":"tHdAmRnI8P0JbrjjVqXBNn4Gf1HVILAfiUcwYcv+OAc="},"indexInfo":{"baseKey":"Ba25Wi2emKa98G2NXA4/5ClJEBaTy9z/bzdWrDWuLMEL","baseKeyType":1,"closed":-1,"used":1737993014499,"created":1737993014499,"remoteIdentityKey":"BWLUgo6/p0kcxG5Xcf794fIrvcElXQBFSN6GZ6H9jTts"},"_chains":{"BedrNChTeniHz41OvyEyEHt2IU3eJFovH4W3Y2B+tnUr":{"chainKey":{"counter":0,"key":"htnwnLR0FeRXyv/Y3xWDWp3IQeUbrNOuc0fU1hXrJFU="},"chainType":1,"messageKeys":{}}},"pendingPreKey":{"signedKeyId":4,"baseKey":"Ba25Wi2emKa98G2NXA4/5ClJEBaTy9z/bzdWrDWuLMEL","preKeyId":10710425}}},"version":"v1"}