{"_sessions":{"BQeoqbWynBalgjmqASpfJs+FabRFA/157NevmD689sE0":{"registrationId":2059781577,"currentRatchet":{"ephemeralKeyPair":{"pubKey":"BbY9Fl9geNk0bBuWBQhfgcHdz5+yQdO+RwzgrpmlMEQU","privKey":"eP9JVSviPHPMeM9odS2s6Bj/T02LHDNWZM9bGZWjn34="},"lastRemoteEphemeralKey":"BXwZCpk/kWrTymNf3KpqxyZY4SLOLXId8yl8/lnRGk4B","previousCounter":0,"rootKey":"Kkcivi3is+OiHMzZtaNf9QCRl04Xf89WDq+Em/tycIQ="},"indexInfo":{"baseKey":"BQeoqbWynBalgjmqASpfJs+FabRFA/157NevmD689sE0","baseKeyType":1,"closed":-1,"used":1737993538501,"created":1737993538501,"remoteIdentityKey":"Baidzm6f8xLP/bIDGof/ihvcTsLBVCIGDQ8H5IEqUNYE"},"_chains":{"BbY9Fl9geNk0bBuWBQhfgcHdz5+yQdO+RwzgrpmlMEQU":{"chainKey":{"counter":0,"key":"6qkRZY3INfFTYRp5iYi91J485YEkx2Bmq7O2fcJe+E4="},"chainType":1,"messageKeys":{}}},"pendingPreKey":{"signedKeyId":0,"baseKey":"BQeoqbWynBalgjmqASpfJs+FabRFA/157NevmD689sE0","preKeyId":16105863}}},"version":"v1"}