{"_sessions":{"BcwPBPYunvb4e++aW+ID+sfO2B+UHsQZen60mJJso1ld":{"registrationId":343619076,"currentRatchet":{"ephemeralKeyPair":{"pubKey":"BZk2un389jl9WQQ/VtBPgC9skp1xi4djnpbmnduvcIcj","privKey":"eO1IstmHShy7V1iw/hbd3FB3JaJi9e7zBohrZzwCcXo="},"lastRemoteEphemeralKey":"BWw2WSNSdccREj9L5C4nN1VaWu2gvpVpIxlHdMMRIBdq","previousCounter":0,"rootKey":"K2IsmE0KL6UBuse2+nT7S2aopb+3l2OdcexFfanUMNE="},"indexInfo":{"baseKey":"BcwPBPYunvb4e++aW+ID+sfO2B+UHsQZen60mJJso1ld","baseKeyType":1,"closed":-1,"used":1737993014908,"created":1737993014908,"remoteIdentityKey":"BXyvnW14/1kfsc2fg1VU2rpe5PcFMoSnHsQXrCjLttg6"},"_chains":{"BZk2un389jl9WQQ/VtBPgC9skp1xi4djnpbmnduvcIcj":{"chainKey":{"counter":0,"key":"vdMCfpEVnWHPLuu5gL1Km++Nd9yawoUelOfezcvVRNo="},"chainType":1,"messageKeys":{}}},"pendingPreKey":{"signedKeyId":1,"baseKey":"BcwPBPYunvb4e++aW+ID+sfO2B+UHsQZen60mJJso1ld","preKeyId":6080733}}},"version":"v1"}