{"_sessions":{"BaRWRfP+GGb3N/VVZSIHQFaAIKKL/kceG08w5pkjm7Np":{"registrationId":722639087,"currentRatchet":{"ephemeralKeyPair":{"pubKey":"BXTR0CVcat9lq/+Wqe+fgQa8dJ0GyP5BetJmKrd79YBo","privKey":"eBoOu+PxERAyJ1RxStA0/ELGsybv4XyFTBDD9HNtHFo="},"lastRemoteEphemeralKey":"BRc7IGMYclaBMLFo3pDmN2Swr9d5urfItUqbkzBKJqQ4","previousCounter":0,"rootKey":"+UxccShZ8ODF1UcBq1WvrbcJ+HoSCBdHZfEXd6Un70I="},"indexInfo":{"baseKey":"BaRWRfP+GGb3N/VVZSIHQFaAIKKL/kceG08w5pkjm7Np","baseKeyType":1,"closed":-1,"used":1737993481699,"created":1737993481699,"remoteIdentityKey":"BTKlV3lPf3+fQmWTheg7j95hiLBYEcfW6jQEwdYPmSJl"},"_chains":{"BXTR0CVcat9lq/+Wqe+fgQa8dJ0GyP5BetJmKrd79YBo":{"chainKey":{"counter":0,"key":"qu6ETy1AxRAlwEVc/CvdmiptkDn3Wwg5BUJ6fICpJ0E="},"chainType":1,"messageKeys":{}}},"pendingPreKey":{"signedKeyId":0,"baseKey":"BaRWRfP+GGb3N/VVZSIHQFaAIKKL/kceG08w5pkjm7Np","preKeyId":4855372}}},"version":"v1"}