{"_sessions":{"BYFwENZA8Tp824hzVSr92cIbL3FJXIxMTKQ2VCGgJHwp":{"registrationId":1511353230,"currentRatchet":{"ephemeralKeyPair":{"pubKey":"Bd1Dmf3ymm1xTBv2zODWJqHOJwU76SVlNCjHZcQqLAM7","privKey":"MNO3pNRKPR/92ugz2vpPcdF7uor+PyZ14HDDdWDXm1M="},"lastRemoteEphemeralKey":"Bd6FEZpAKvXtoD8PNPunCLs+aO+DIiH9V6QFDpDQG8FA","previousCounter":0,"rootKey":"lQONVCulRIvyTNHkxLoqSxhKYH3eGSU18dyhCSo/5qY="},"indexInfo":{"baseKey":"BYFwENZA8Tp824hzVSr92cIbL3FJXIxMTKQ2VCGgJHwp","baseKeyType":1,"closed":-1,"used":1737993481750,"created":1737993481750,"remoteIdentityKey":"BS9eYr2NUWnh+FO8BFh1fFvYMyDOchEm+uz77o31wbgh"},"_chains":{"Bd1Dmf3ymm1xTBv2zODWJqHOJwU76SVlNCjHZcQqLAM7":{"chainKey":{"counter":0,"key":"MRuclYK5F3LFR0ZMlRJfEuJ3cWORlbNhk63xYIGY9Ac="},"chainType":1,"messageKeys":{}}},"pendingPreKey":{"signedKeyId":3,"baseKey":"BYFwENZA8Tp824hzVSr92cIbL3FJXIxMTKQ2VCGgJHwp","preKeyId":9307455}}},"version":"v1"}