{"_sessions":{"BSe6XhyYA/XnDQKtLoMAYYxQhsqFDdgfqq0ubiuuqnpt":{"registrationId":1294563670,"currentRatchet":{"ephemeralKeyPair":{"pubKey":"BU8TfxjD7/PpNM0ZfsZVnKGhXqCa4S+xg1PrroAoRAQB","privKey":"QFyifgxQ+V/9SbBewBtcarOXwHLdjd3JO0PHcrD/QG8="},"lastRemoteEphemeralKey":"BVhGqqZ145ybaQ663BRV3MT2LqM87Y8G+C1IXWrRXnQh","previousCounter":0,"rootKey":"rZUdpX/fr1dAeZi9GX9KLwdUTRks9sTcHgHDpxBgocI="},"indexInfo":{"baseKey":"BSe6XhyYA/XnDQKtLoMAYYxQhsqFDdgfqq0ubiuuqnpt","baseKeyType":1,"closed":-1,"used":1737993135022,"created":1737993135022,"remoteIdentityKey":"BdtCGdT2QylJQ6GjCoKQeOsa/XO07xoUrjF7x+bF3I84"},"_chains":{"BU8TfxjD7/PpNM0ZfsZVnKGhXqCa4S+xg1PrroAoRAQB":{"chainKey":{"counter":1,"key":"K/QPHCIBAZ2UgmFAtUyLp27LR01/OHrJ+I58Xu/bADQ="},"chainType":1,"messageKeys":{}}},"pendingPreKey":{"signedKeyId":0,"baseKey":"BSe6XhyYA/XnDQKtLoMAYYxQhsqFDdgfqq0ubiuuqnpt"}}},"version":"v1"}