{"_sessions":{"Bc9QWErR1RyvlIW+CZKNyKTCCyraV65THS2B+Vn4vZ5b":{"registrationId":289625775,"currentRatchet":{"ephemeralKeyPair":{"pubKey":"BWcnmrnWSd7B3B16CsYUdXDuGig0qX0uU8R/H9c7aTBt","privKey":"OPA46tzzttcEDLLU5CqUP5Je3lx5n1kIiZtjERewMUY="},"lastRemoteEphemeralKey":"Bepi6jg4TZwW8VzZrbujppQ3eGiKUrbzE9yr0ox/Fs9U","previousCounter":0,"rootKey":"szgv6emLeRRlVaU0TZ8e23H2UvUHFWN9XsdCWHeQq9Y="},"indexInfo":{"baseKey":"Bc9QWErR1RyvlIW+CZKNyKTCCyraV65THS2B+Vn4vZ5b","baseKeyType":1,"closed":-1,"used":1737993135033,"created":1737993135033,"remoteIdentityKey":"BXNNRJIRih1H736YgSaTnVgnCVJtXcaBv/Ry9qHu7u5E"},"_chains":{"BWcnmrnWSd7B3B16CsYUdXDuGig0qX0uU8R/H9c7aTBt":{"chainKey":{"counter":1,"key":"eWstI/8mBzmwyJooOUdopIDW20kRjbbWvBds8zhK748="},"chainType":1,"messageKeys":{}}},"pendingPreKey":{"signedKeyId":15,"baseKey":"Bc9QWErR1RyvlIW+CZKNyKTCCyraV65THS2B+Vn4vZ5b","preKeyId":4065894}}},"version":"v1"}