{"_sessions":{"BZ3Mtex5lsHq7C1y3c+tb7KuFf5QF9YtuoskNHoD4JJm":{"registrationId":168,"currentRatchet":{"ephemeralKeyPair":{"pubKey":"Bdt9TfJ0lgS/7+hIDnul3PCNTOL9F2K0vunOMOqmM2QI","privKey":"6HfmHSVZDCCoDYk+hH6It29r7CxTW56bu6Fn9W/iOm0="},"lastRemoteEphemeralKey":"Be4zUKWnkB0NL6BCZZdoG43lrWalLfFIbDFiqJDb2uxW","previousCounter":0,"rootKey":"adKDT2r5rtghHn3apTG2YoOLcPzwwMDEmwzoEtbZihQ="},"indexInfo":{"baseKey":"BZ3Mtex5lsHq7C1y3c+tb7KuFf5QF9YtuoskNHoD4JJm","baseKeyType":1,"closed":-1,"used":1737993014304,"created":1737993014304,"remoteIdentityKey":"BUyWTBhOOGh+cFINaSH3Oplt4Ufx0HnwT7aQq2U/aNcP"},"_chains":{"Bdt9TfJ0lgS/7+hIDnul3PCNTOL9F2K0vunOMOqmM2QI":{"chainKey":{"counter":0,"key":"FBxDyfB2D90Dyakycj94vbzmHsPO5AvQdV4FvwIYDfY="},"chainType":1,"messageKeys":{}}},"pendingPreKey":{"signedKeyId":1,"baseKey":"BZ3Mtex5lsHq7C1y3c+tb7KuFf5QF9YtuoskNHoD4JJm"}}},"version":"v1"}