{"_sessions":{"BfszVlyTMPFVBXBG30tFGvKag0qO6DefBuHPl+D9e696":{"registrationId":1894057072,"currentRatchet":{"ephemeralKeyPair":{"pubKey":"BXZfVlMFKDEQPQ0DTOamTX5QRZVhVTgyHuY/lwTlJg4d","privKey":"aOOePGGcRmocC6n/7qkyBVw/vEnCaaYMjhl7Q3Zc4m4="},"lastRemoteEphemeralKey":"BSWq12SmEy/Z/MacQqmcEtokkDjeFuQLgHDL/PMuiatS","previousCounter":0,"rootKey":"iAg9nnAMTwwRnLIUxl9+9iORWmARBIsGgId2vhyQNkU="},"indexInfo":{"baseKey":"BfszVlyTMPFVBXBG30tFGvKag0qO6DefBuHPl+D9e696","baseKeyType":1,"closed":-1,"used":1737993015046,"created":1737993015046,"remoteIdentityKey":"BSz7axRWjNyUYvzFrftO4D+epcoIIkDbb2/jXfPmdaBj"},"_chains":{"BXZfVlMFKDEQPQ0DTOamTX5QRZVhVTgyHuY/lwTlJg4d":{"chainKey":{"counter":0,"key":"fSX4r2GgGsWlH1Bh4COyp0Niz+AxtMpf2bkzhNPzlXE="},"chainType":1,"messageKeys":{}}},"pendingPreKey":{"signedKeyId":7,"baseKey":"BfszVlyTMPFVBXBG30tFGvKag0qO6DefBuHPl+D9e696","preKeyId":4039384}}},"version":"v1"}