{"_sessions":{"Bde+Tx+i+IdQYxrA19NEBLoOQdGzk6s7NVUVuVVM9sch":{"registrationId":1510718061,"currentRatchet":{"ephemeralKeyPair":{"pubKey":"BaZwhB37UF/NYT9RDEAshW0hHZqLIDMrFnOidpaB5PJh","privKey":"aHfl/K1HbYireIbc/vpZiua354U5NxMVeUuJwRZZ/n4="},"lastRemoteEphemeralKey":"BQxzcJ32pIJEn+OaG4Q0+JX6aw4yLpHL9Ec5+L2l6J97","previousCounter":0,"rootKey":"OhjMazNNsAfknlAnLawBE23/xnQmWLAEOPz2ddtdmxY="},"indexInfo":{"baseKey":"Bde+Tx+i+IdQYxrA19NEBLoOQdGzk6s7NVUVuVVM9sch","baseKeyType":1,"closed":1737994577913,"used":1737993014388,"created":1737993014388,"remoteIdentityKey":"BdlT8ZQVZVsmX7SN5jpKZjQeCqTaKdnmERx3etomdLtt"},"_chains":{"BaZwhB37UF/NYT9RDEAshW0hHZqLIDMrFnOidpaB5PJh":{"chainKey":{"counter":0,"key":"n8qiHipJPDH5ZigsGo+em/sKknzHWXHyi9Ebu1h7xsA="},"chainType":1,"messageKeys":{}}},"pendingPreKey":{"signedKeyId":0,"baseKey":"Bde+Tx+i+IdQYxrA19NEBLoOQdGzk6s7NVUVuVVM9sch","preKeyId":11945228}},"BYfazQpDwnHT+rSH3YiACxZ3NdiW/XCKmjzZN6Xw2nt2":{"registrationId":1510718061,"currentRatchet":{"ephemeralKeyPair":{"pubKey":"BayxdnWbrhSXaGAe2ol2H/Ww5OKgEvND4BnuDeW50TAR","privKey":"+JWK4+3HE6bAbMgqu1M6PTq37c0jIcWkc36pApMk+VA="},"lastRemoteEphemeralKey":"BQys1H/66H1fJeIa33x6O1MIk1ZcfmRMhqq4Z76ibV9A","previousCounter":0,"rootKey":"Ad0jc4IKKQgcMUnMnqwS0WXJMZGFwh6EA3I35rPdW2k="},"indexInfo":{"baseKey":"BYfazQpDwnHT+rSH3YiACxZ3NdiW/XCKmjzZN6Xw2nt2","baseKeyType":2,"closed":-1,"used":1737994577915,"created":1737994577915,"remoteIdentityKey":"BdlT8ZQVZVsmX7SN5jpKZjQeCqTaKdnmERx3etomdLtt"},"_chains":{"BQys1H/66H1fJeIa33x6O1MIk1ZcfmRMhqq4Z76ibV9A":{"chainKey":{"counter":1,"key":"vDwLMA4h3yJXLua74oA74nImcWx6F0PA8yd3T21/j5c="},"chainType":2,"messageKeys":{}},"BayxdnWbrhSXaGAe2ol2H/Ww5OKgEvND4BnuDeW50TAR":{"chainKey":{"counter":-1,"key":"1n/+Ul36sk8drQY/Ce3EazEzSjLxTtuG0PCQTYvEs0E="},"chainType":1,"messageKeys":{}}}}},"version":"v1"}