{"_sessions":{"BVOtLl6OpfeiaRKppMfvvIEYCkkRW9nhq15OIk3+uhF5":{"registrationId":817986646,"currentRatchet":{"ephemeralKeyPair":{"pubKey":"Bc2kEubeEaP4Yy0sZn9h8eOzTHgzfhMpUOJaDmila/w2","privKey":"WC1WyDYtZo2ZIsxHZ7V8H2DT86CNbFVqp/tYAOEe+X4="},"lastRemoteEphemeralKey":"BfLGQ3ZbLRdQE2vtEyCkCFkl/+vLo2KuddT1uzO8Cc4K","previousCounter":0,"rootKey":"ePzSVSRnRROP7OGJ9jzMefQD22d58G0VntWib0tjTHg="},"indexInfo":{"baseKey":"BVOtLl6OpfeiaRKppMfvvIEYCkkRW9nhq15OIk3+uhF5","baseKeyType":1,"closed":-1,"used":1737993014790,"created":1737993014790,"remoteIdentityKey":"BYq3jffLcucpC5a0p/HuKTNyk/qAayfckFIi9PbRxuwm"},"_chains":{"Bc2kEubeEaP4Yy0sZn9h8eOzTHgzfhMpUOJaDmila/w2":{"chainKey":{"counter":1,"key":"Cc5mX9drpHLffsuiIjDYj4tFAHF3YZg5LVmVkVGZbLo="},"chainType":1,"messageKeys":{}}},"pendingPreKey":{"signedKeyId":1,"baseKey":"BVOtLl6OpfeiaRKppMfvvIEYCkkRW9nhq15OIk3+uhF5","preKeyId":6032379}}},"version":"v1"}