{"_sessions":{"BYktO3FY9nch3fxFwvi4ljfSO/5ypaZt6E0+SOxQme9X":{"registrationId":1504769306,"currentRatchet":{"ephemeralKeyPair":{"pubKey":"BRwMNZ6NzbLpJDycIjk9RQvF+CdFk4i5CcVBktSbIicz","privKey":"UD0UYHt6VkZf7nAKBwOCYBhMi2n4aurtRSJLYnFMiWo="},"lastRemoteEphemeralKey":"Bb0LegjPn1BrJR3oR5v3r8EVDrfnzuhK+47uPlmIzI9U","previousCounter":0,"rootKey":"AsqP4qsGA9N0H0MfJcTP9n379jh5l2AgjP/4kaOsHdg="},"indexInfo":{"baseKey":"BYktO3FY9nch3fxFwvi4ljfSO/5ypaZt6E0+SOxQme9X","baseKeyType":1,"closed":-1,"used":1737993015168,"created":1737993015168,"remoteIdentityKey":"BbkjnjqYivpG/lPY3aW1ho3+a7jyK7FwUo9puGlSuS1N"},"_chains":{"BRwMNZ6NzbLpJDycIjk9RQvF+CdFk4i5CcVBktSbIicz":{"chainKey":{"counter":0,"key":"EeMd3IA8reBeNtupi1wvddCifpzdD2UOiPA0T7V2kFA="},"chainType":1,"messageKeys":{}}},"pendingPreKey":{"signedKeyId":35,"baseKey":"BYktO3FY9nch3fxFwvi4ljfSO/5ypaZt6E0+SOxQme9X","preKeyId":12780771}}},"version":"v1"}