{"_sessions":{"BQSOQIKa9Hel1QLQX/2kUNI2tgbB6vHnpDi6zmdK289h":{"registrationId":150022002,"currentRatchet":{"ephemeralKeyPair":{"pubKey":"BXL60k4aW56dRcXSJz+P9cgdr61j65eb3Og2cB0yI1lU","privKey":"IHff5bVWWTZd24nU1i8zaJjgTJA4Uar8sVG5P37oWH8="},"lastRemoteEphemeralKey":"BTLc9VTO7AnRWX+lDu3v1pKlCPNZjcRhAAzllkRjrmIG","previousCounter":0,"rootKey":"DONyiYtbJPmk+sBkevg7g7xab/4bhzeK+Ces+YPtzrg="},"indexInfo":{"baseKey":"BQSOQIKa9Hel1QLQX/2kUNI2tgbB6vHnpDi6zmdK289h","baseKeyType":1,"closed":-1,"used":1737993481731,"created":1737993481731,"remoteIdentityKey":"BWBgBWHaf3QIujo1YovuTdjPMaJUNPe+1YZUP1vOGMsc"},"_chains":{"BXL60k4aW56dRcXSJz+P9cgdr61j65eb3Og2cB0yI1lU":{"chainKey":{"counter":0,"key":"l7p/iaLKQqg/nS1OB/RprDBBGONZCRtsULffUAgSZLY="},"chainType":1,"messageKeys":{}}},"pendingPreKey":{"signedKeyId":1,"baseKey":"BQSOQIKa9Hel1QLQX/2kUNI2tgbB6vHnpDi6zmdK289h","preKeyId":12602819}}},"version":"v1"}