{"_sessions":{"Be/zgvzm4Z0neoE8rFEm6uqejvgaRAWHqnbrVzEvQw8x":{"registrationId":207304159,"currentRatchet":{"ephemeralKeyPair":{"pubKey":"BXLYpWcdbWJTor5SgsRDdrlL3VddyAsm8T78TRd0314K","privKey":"4FoDbThFlVaijIEZ/WtOi2ECqW8uOR/808e2pgt5Jlo="},"lastRemoteEphemeralKey":"BTMWV6sxSh2/RhuwqnnEDrLHdcscnQfOpUqLWURBd85g","previousCounter":0,"rootKey":"yqrbJRlDsHoeHUvC2xNJ0IRno1qrHpo6KFP0cC5QKHU="},"indexInfo":{"baseKey":"Be/zgvzm4Z0neoE8rFEm6uqejvgaRAWHqnbrVzEvQw8x","baseKeyType":1,"closed":-1,"used":1737993015199,"created":1737993015199,"remoteIdentityKey":"BeEQlqDpk3pdev1IIDUCc8hBAVfu1M0aZYOh/8LVGDZa"},"_chains":{"BXLYpWcdbWJTor5SgsRDdrlL3VddyAsm8T78TRd0314K":{"chainKey":{"counter":0,"key":"B+pR3bJboxWKCQkyE7tRQ+7SVZTAInmlogFDX/Yla9Y="},"chainType":1,"messageKeys":{}}},"pendingPreKey":{"signedKeyId":3,"baseKey":"Be/zgvzm4Z0neoE8rFEm6uqejvgaRAWHqnbrVzEvQw8x","preKeyId":16663831}}},"version":"v1"}