{"_sessions":{"BW5j2sNFAjr0DPEDXcP6tOEokCq2zJNMxQBj8elCN2kZ":{"registrationId":1282871294,"currentRatchet":{"ephemeralKeyPair":{"pubKey":"Bb+C63wz6eu4A2MgjYe7uJB1GOTLkeH6wVgkwrUDJ3xS","privKey":"ALbfRIPjDDl9gBRYME5MwdejKIv81l9mKXc3gqrBCWU="},"lastRemoteEphemeralKey":"BTZEa+rmuBbKJ150wPDWMkbvzDBA4N8krProkPqKktNI","previousCounter":0,"rootKey":"heeq7EgARVqCGqwPD74kT/6+f4k0nBzb3RM1/DSKko0="},"indexInfo":{"baseKey":"BW5j2sNFAjr0DPEDXcP6tOEokCq2zJNMxQBj8elCN2kZ","baseKeyType":1,"closed":-1,"used":1737993015231,"created":1737993015231,"remoteIdentityKey":"BcJW7AFJy7K8LFydDnOvvUxKvRho65mxGAN0nnj8yXsz"},"_chains":{"Bb+C63wz6eu4A2MgjYe7uJB1GOTLkeH6wVgkwrUDJ3xS":{"chainKey":{"counter":0,"key":"nSqZ+4D6VdHQoIxkhrl3PVxF+VOpQ08alnJzZQt+w1o="},"chainType":1,"messageKeys":{}}},"pendingPreKey":{"signedKeyId":6,"baseKey":"BW5j2sNFAjr0DPEDXcP6tOEokCq2zJNMxQBj8elCN2kZ"}}},"version":"v1"}