{"_sessions":{"BZN0l6a+ys4sNlacex4FFkGFxtPiTZX2yGaHdCvRJ1ED":{"registrationId":649786052,"currentRatchet":{"ephemeralKeyPair":{"pubKey":"BcRHMblnKy1JZ9R8XewIWbnhOyQV1TLmE5hLUZ5saNwX","privKey":"kP2JsAk6/gjQgD/WzHTLHxr9zwMBguogeEPtLL+cfEk="},"lastRemoteEphemeralKey":"BVviV0gtw6ithBU8HCW+A0QFZj0HUGvbn7WQDD62Zfsw","previousCounter":0,"rootKey":"ec09R6qeHI8Gj3j6mKq88kJN0djZg2+eEjHNc2Qx0EE="},"indexInfo":{"baseKey":"BZN0l6a+ys4sNlacex4FFkGFxtPiTZX2yGaHdCvRJ1ED","baseKeyType":1,"closed":-1,"used":1737993014436,"created":1737993014436,"remoteIdentityKey":"Bcq2napgB6sm/uP0a/aA0EqMSKDVapJXQwAaQlspCVVM"},"_chains":{"BcRHMblnKy1JZ9R8XewIWbnhOyQV1TLmE5hLUZ5saNwX":{"chainKey":{"counter":0,"key":"8J1PwCOy+gUA8pupZ8QmbJsQNip8JdOCCaSEQBHO3+M="},"chainType":1,"messageKeys":{}}},"pendingPreKey":{"signedKeyId":0,"baseKey":"BZN0l6a+ys4sNlacex4FFkGFxtPiTZX2yGaHdCvRJ1ED","preKeyId":11761477}}},"version":"v1"}