{"_sessions":{"BYCjY12NeSbgyXJrYwev40fxi066Z6dIzna0LrIdzkZo":{"registrationId":1560642702,"currentRatchet":{"ephemeralKeyPair":{"pubKey":"BUgRAGujQWm2StQfCdn9FglUA0fSsxwzNSjTeUos/ngJ","privKey":"ANLms66UoEO2Yq+8Ao/QQzpnjAvagAkm2q97Lnyv6Hs="},"lastRemoteEphemeralKey":"BfiKkTPHTMstQHfZK0cwSfMUl/6CxfuU+dAgwtb90Z1b","previousCounter":0,"rootKey":"ueMAGOCpp+x0RNy1NXe01ghBeTyCRVTEzVAYQ43zdA4="},"indexInfo":{"baseKey":"BYCjY12NeSbgyXJrYwev40fxi066Z6dIzna0LrIdzkZo","baseKeyType":1,"closed":-1,"used":1737994370986,"created":1737994370986,"remoteIdentityKey":"Be3hVU6KLKrrLGhzTVm2HgmK2+kAenwB1Yw0oOOjzvFw"},"_chains":{"BUgRAGujQWm2StQfCdn9FglUA0fSsxwzNSjTeUos/ngJ":{"chainKey":{"counter":1,"key":"hCqarBOkB2M0FK7lhWlI4QwpZX/mvxFe/F3i1aGIvoc="},"chainType":1,"messageKeys":{}}},"pendingPreKey":{"signedKeyId":3,"baseKey":"BYCjY12NeSbgyXJrYwev40fxi066Z6dIzna0LrIdzkZo","preKeyId":2086768}}},"version":"v1"}