{"_sessions":{"BWfW53eKs7KuEhU20NUPhUEwpPuI2r6VzJxzv+BUurF8":{"registrationId":1402583055,"currentRatchet":{"ephemeralKeyPair":{"pubKey":"BdoOQQMnqRSoNCBIC4SG05cC8vgFlLxsTwuRWanAv/hm","privKey":"ILC6o9vVNCAOhshbbHbB5qBpsRDh5YzZUymkCPkeWkI="},"lastRemoteEphemeralKey":"BYOFGzGhf8PGQYoCoWM3STk6kvMvqrFaEFsxkshl8aZO","previousCounter":0,"rootKey":"YNEjCpbXhVTyjjLJ4IRlD5lAbIVtkMvXbffD7AMaORU="},"indexInfo":{"baseKey":"BWfW53eKs7KuEhU20NUPhUEwpPuI2r6VzJxzv+BUurF8","baseKeyType":1,"closed":-1,"used":1737994371021,"created":1737994371021,"remoteIdentityKey":"BelLGltD8y5ev7mqR+oRGSap6nHoCWlvfw69w9g9MGYn"},"_chains":{"BdoOQQMnqRSoNCBIC4SG05cC8vgFlLxsTwuRWanAv/hm":{"chainKey":{"counter":0,"key":"iJP7agVbA2IluVgD0JSJK+bbQB9GPvRcomMaWHU3H24="},"chainType":1,"messageKeys":{}}},"pendingPreKey":{"signedKeyId":0,"baseKey":"BWfW53eKs7KuEhU20NUPhUEwpPuI2r6VzJxzv+BUurF8"}}},"version":"v1"}