{"_sessions":{"BeYTeZql43p0lnP0ZCC7FBO6+gGO2/oMTWH0bXhVzwsL":{"registrationId":822766468,"currentRatchet":{"ephemeralKeyPair":{"pubKey":"BXIpTd7Gl1LdANTC1oyc4/hRcJ/OqtrqXSFuXsVcBkg2","privKey":"QEXSkjqPG+n4Tbevs+iQ30dCBKOsauDA5bR/kC+hcX0="},"lastRemoteEphemeralKey":"BSROyuIVnFIgUuiVJiIsypWGakHj0ITNmOXe7C4B3eB2","previousCounter":0,"rootKey":"Q0I8nSqqx/OU8X0kUFfkjnBJb6z6XxK1QzcQ2Y5yNDI="},"indexInfo":{"baseKey":"BeYTeZql43p0lnP0ZCC7FBO6+gGO2/oMTWH0bXhVzwsL","baseKeyType":1,"closed":-1,"used":1737993481757,"created":1737993481757,"remoteIdentityKey":"Bb+W186qYhfss5JpfPsHSlvI5qXOfLt1SyNCtDUhHqhH"},"_chains":{"BXIpTd7Gl1LdANTC1oyc4/hRcJ/OqtrqXSFuXsVcBkg2":{"chainKey":{"counter":0,"key":"VTb9E7ew+Jvc06Yg3kl/OBjbAqPJSEWGcKAKVtMzHFQ="},"chainType":1,"messageKeys":{}}},"pendingPreKey":{"signedKeyId":0,"baseKey":"BeYTeZql43p0lnP0ZCC7FBO6+gGO2/oMTWH0bXhVzwsL","preKeyId":16537692}}},"version":"v1"}