{"_sessions":{"Bb0pdtYsCmhB/1TTBhwahLPMECCe8o2KT0eO+JAMEDsQ":{"registrationId":1362139445,"currentRatchet":{"ephemeralKeyPair":{"pubKey":"BcJL9crvkIbxSGwNZSvsMXTI4ZJ/n9C8mtlH7A/OL0h/","privKey":"IHviQZZl/EJfPMS0EncglTD++YEuLZVJZ9p1mlKJDGY="},"lastRemoteEphemeralKey":"Bd6zf8e3XlWLfrZItVirkYZ3NvYLiQYKTbgBPx0WQYx2","previousCounter":0,"rootKey":"bWzHF6vVUlyZzUEP7gFL2P/QfRn0ar4KMODvhT2DT4o="},"indexInfo":{"baseKey":"Bb0pdtYsCmhB/1TTBhwahLPMECCe8o2KT0eO+JAMEDsQ","baseKeyType":2,"closed":-1,"used":1737994723176,"created":1737994723176,"remoteIdentityKey":"BdATcnkxCUELK+VvpWNjKNJhvEGjFNxMbjWrpsgUHAc8"},"_chains":{"Bd6zf8e3XlWLfrZItVirkYZ3NvYLiQYKTbgBPx0WQYx2":{"chainKey":{"counter":0,"key":"Pi0Sv8ePowiTu/ECxRpheb35YtaD+YK50Hr4sFGTvaE="},"chainType":2,"messageKeys":{}},"BcJL9crvkIbxSGwNZSvsMXTI4ZJ/n9C8mtlH7A/OL0h/":{"chainKey":{"counter":-1,"key":"IBK4Jh0sloSYjfxd963DzjlKh4dpudDCGVmVFTVZXQY="},"chainType":1,"messageKeys":{}}}}},"version":"v1"}