{"_sessions":{"Bf8sXy6sR14RhmmvUXSeIclIVH0vS8MF6QjBjIBzReZJ":{"registrationId":56,"currentRatchet":{"ephemeralKeyPair":{"pubKey":"BUBJV52W6JSMgI9eAQOVeS6eIJbOAhjg7uXN0FLJq8UR","privKey":"UGyMx38TTdR+bhvobfjDEH9hs7tjpLhV8PXkKaLcWlM="},"lastRemoteEphemeralKey":"BfHZjRmg2UAsVAXOosMrVm4BoRAGYbCHFkFMQTtW14Nc","previousCounter":0,"rootKey":"7haPqOWUaE9WWucLdFTC5BaoII6KGTe9rEesvcGe4Ek="},"indexInfo":{"baseKey":"Bf8sXy6sR14RhmmvUXSeIclIVH0vS8MF6QjBjIBzReZJ","baseKeyType":1,"closed":-1,"used":1737993014327,"created":1737993014327,"remoteIdentityKey":"BSwCuAy0cVNVzTNvJSnNLoNPWDDZLBnSNx5nC83+YbMr"},"_chains":{"BUBJV52W6JSMgI9eAQOVeS6eIJbOAhjg7uXN0FLJq8UR":{"chainKey":{"counter":0,"key":"/V/0JliBYROWF5fsFI6BVPJeoQzGpa1bA8+wRLAp7mY="},"chainType":1,"messageKeys":{}}},"pendingPreKey":{"signedKeyId":1,"baseKey":"Bf8sXy6sR14RhmmvUXSeIclIVH0vS8MF6QjBjIBzReZJ"}}},"version":"v1"}