{"_sessions":{"BeGyYz/xuCpJlwMEBUf6W4WwtkmH0Hv1l1Kv4wTxrRhs":{"registrationId":1888135069,"currentRatchet":{"ephemeralKeyPair":{"pubKey":"BUdGnqkd8kLLDEkao+Be4KxDG22yKznqsu34e+li8PQ2","privKey":"iP/e4AUxXMPxHarS99zVflWHUZzbUtxB4pXmsAoaQmk="},"lastRemoteEphemeralKey":"BVMNvHzddDJwTzujpE8N9ApYRJ307AGMt6+/r/p3bK8R","previousCounter":0,"rootKey":"ViEBgNTFg1wIUHrHjkM7wj+HAUOUYv1ULE3lX3aBuCc="},"indexInfo":{"baseKey":"BeGyYz/xuCpJlwMEBUf6W4WwtkmH0Hv1l1Kv4wTxrRhs","baseKeyType":1,"closed":-1,"used":1737993014559,"created":1737993014559,"remoteIdentityKey":"BauJCBuB150y+w3Pvr/tDpe00XPnpxJq7sOlXIt7yUw9"},"_chains":{"BUdGnqkd8kLLDEkao+Be4KxDG22yKznqsu34e+li8PQ2":{"chainKey":{"counter":0,"key":"i3NETYAMt5Q3dE5wBujb5v4a6w5GQ30sCB+fiuFj/A4="},"chainType":1,"messageKeys":{}}},"pendingPreKey":{"signedKeyId":1,"baseKey":"BeGyYz/xuCpJlwMEBUf6W4WwtkmH0Hv1l1Kv4wTxrRhs","preKeyId":11436508}}},"version":"v1"}