{"_sessions":{"BevEU2cLKZfcTRpSphJWsoC6yk9Di6OsfrULiVZL4bxM":{"registrationId":1361260176,"currentRatchet":{"ephemeralKeyPair":{"pubKey":"BeGPKX/DQd68K+yVDev9MjXft44VHJBRh8ykd007R2U8","privKey":"gFl+lY9T5IkQIgc0/b0uU1Ug1PpS6eUa7kmmmYyrSUw="},"lastRemoteEphemeralKey":"Bf4/eaOo8iZ+kpH7KQ/77UPiMlNf1iyP6CeoIs81d1kR","previousCounter":0,"rootKey":"Yb0u1bTU41NtbWHkpLHX/NQQ9E1r5uYznDPYMbPBnt8="},"indexInfo":{"baseKey":"BevEU2cLKZfcTRpSphJWsoC6yk9Di6OsfrULiVZL4bxM","baseKeyType":1,"closed":-1,"used":1737994963013,"created":1737994963013,"remoteIdentityKey":"BZSGmr95WU88f+VM8qCZ2mGpBm8efp7vIPgoBIlhA+IO"},"_chains":{"BeGPKX/DQd68K+yVDev9MjXft44VHJBRh8ykd007R2U8":{"chainKey":{"counter":0,"key":"g/6J8eaK1wFTh/N6KjMxu9hBN4UllT6v/Pfnnz551c8="},"chainType":1,"messageKeys":{}}},"pendingPreKey":{"signedKeyId":7,"baseKey":"BevEU2cLKZfcTRpSphJWsoC6yk9Di6OsfrULiVZL4bxM","preKeyId":14645965}}},"version":"v1"}