{"_sessions":{"BXaO+joPwTZ9l/SG3QketarQ91/raHPI97WAGB30tk81":{"registrationId":1722976662,"currentRatchet":{"ephemeralKeyPair":{"pubKey":"BfIN3O+fo0mPWfyyFEZmWbdUJZO1/FSfrhXuDG1Ej0FC","privKey":"EJ+2CB0wc/8qkbhaRaRDJnMGA5sIA8R0fYkk2X8lKGU="},"lastRemoteEphemeralKey":"BWA5HhT9d4kzzv8WD3INdAp1svrbWgmFow+HlJsnEB0a","previousCounter":0,"rootKey":"SDIY/NEsz/wdO9ZLbz59fJmqX4jj5s2eT44n2O54JwE="},"indexInfo":{"baseKey":"BXaO+joPwTZ9l/SG3QketarQ91/raHPI97WAGB30tk81","baseKeyType":1,"closed":-1,"used":1737993014538,"created":1737993014538,"remoteIdentityKey":"BcTbDO6IindsLPHZ8lgl8ay0BIgxkAbqaPYSEEgNoJt/"},"_chains":{"BfIN3O+fo0mPWfyyFEZmWbdUJZO1/FSfrhXuDG1Ej0FC":{"chainKey":{"counter":0,"key":"0xgVmvpEMA6gDyfOYgMd1c0bDQu4grr/m7yKSrke43w="},"chainType":1,"messageKeys":{}}},"pendingPreKey":{"signedKeyId":1,"baseKey":"BXaO+joPwTZ9l/SG3QketarQ91/raHPI97WAGB30tk81","preKeyId":10190862}}},"version":"v1"}