{"_sessions":{"BQvj4kGBW1UeNobjEIRyKMkG2Zw3rN8asWyE1i4nItwK":{"registrationId":374167749,"currentRatchet":{"ephemeralKeyPair":{"pubKey":"BYiTGntZVawZTr4F0WjDI87J+4+Cc+pdv4E9dJC438c9","privKey":"WHrzdsNLFID9Q8XAImbFSxF7SqQ4TZZ8gcw4Gef20ls="},"lastRemoteEphemeralKey":"BU1FScz93rxyMow164LoM/vnQ6yy3M8snMaa5nSSZEoe","previousCounter":0,"rootKey":"Ejo6IXcDLCnVBpOZgSvgJ2h6lckncU7lypZP9BjMDbE="},"indexInfo":{"baseKey":"BQvj4kGBW1UeNobjEIRyKMkG2Zw3rN8asWyE1i4nItwK","baseKeyType":1,"closed":-1,"used":1737993538391,"created":1737993538391,"remoteIdentityKey":"BRUu14R5ZkrxznfbH9KClLDBQgYDxz1sn1C13cwKBnRl"},"_chains":{"BYiTGntZVawZTr4F0WjDI87J+4+Cc+pdv4E9dJC438c9":{"chainKey":{"counter":0,"key":"4Pd49P1xePVq6rGT18HMA6Wb1ZJVVdDZZPaen4ZfjMw="},"chainType":1,"messageKeys":{}}},"pendingPreKey":{"signedKeyId":0,"baseKey":"BQvj4kGBW1UeNobjEIRyKMkG2Zw3rN8asWyE1i4nItwK"}}},"version":"v1"}