{"_sessions":{"Banv7QdPKbo4BbUXDPMhdHCH8ZvcXtREr/StHRvMPVhF":{"registrationId":1514049226,"currentRatchet":{"ephemeralKeyPair":{"pubKey":"BfNdwDCKN2mhoU9+BKz19aaOOyLCh6AvS1aIgmDQtrpw","privKey":"0O5GuWuwyk/OWeQvcrY7Fd6iJ/7SralO0mUxVjuBfk0="},"lastRemoteEphemeralKey":"BVzJei+FTBIqbrRN1+/u03oIVGm5Vbu2876cwe+CaH8m","previousCounter":0,"rootKey":"A0qPSCxGy+Sneu0rEMAEr6oUt/jt9G6VuGjA1MUiRuU="},"indexInfo":{"baseKey":"Banv7QdPKbo4BbUXDPMhdHCH8ZvcXtREr/StHRvMPVhF","baseKeyType":1,"closed":-1,"used":1737993134957,"created":1737993134957,"remoteIdentityKey":"BauZyf1GY1rdwUXKOrgh4Tq5NrifGbBUCMfI+QmxLmED"},"_chains":{"BfNdwDCKN2mhoU9+BKz19aaOOyLCh6AvS1aIgmDQtrpw":{"chainKey":{"counter":1,"key":"ynjgRGELALHcrPm9FvdyAlDV2eCxlz0CRKc0nIknihw="},"chainType":1,"messageKeys":{}}},"pendingPreKey":{"signedKeyId":4,"baseKey":"Banv7QdPKbo4BbUXDPMhdHCH8ZvcXtREr/StHRvMPVhF","preKeyId":10727430}}},"version":"v1"}