{"_sessions":{"BdVDm+c4lcDHsXjp4zTK0UFEWIiaSzfDRbGIac7FkvkQ":{"registrationId":1540572295,"currentRatchet":{"ephemeralKeyPair":{"pubKey":"BZPgMXFtcJ6dvMMO13kYdallMpctvaB5MMdPabkQMQV4","privKey":"mDgq6LjX7LxymPB6zIUdsGmSMlo7OnvfraTGLvvDqnw="},"lastRemoteEphemeralKey":"Be+pCwlXViumQcDelV+J4nKk+yxh0IwsdSzRdHsBBlZv","previousCounter":0,"rootKey":"uLWrol0gXcdimhTlsMV6TBd59SwNxLU1WiUOaHUD14M="},"indexInfo":{"baseKey":"BdVDm+c4lcDHsXjp4zTK0UFEWIiaSzfDRbGIac7FkvkQ","baseKeyType":1,"closed":-1,"used":1737993014629,"created":1737993014629,"remoteIdentityKey":"BRyP79KfFXvQEpsjao8bFDYwX11K2vmUVtAy8Bu0H8Jb"},"_chains":{"BZPgMXFtcJ6dvMMO13kYdallMpctvaB5MMdPabkQMQV4":{"chainKey":{"counter":0,"key":"GvIkEbxBc98jD3lTWGxxaDqUCeb2n9HhG0nBflmAVsI="},"chainType":1,"messageKeys":{}}},"pendingPreKey":{"signedKeyId":2,"baseKey":"BdVDm+c4lcDHsXjp4zTK0UFEWIiaSzfDRbGIac7FkvkQ","preKeyId":10793420}}},"version":"v1"}