{"_sessions":{"BavyJLiVHzbs/U+H2NFCYChpqyIa1Yp0YsZ5tRHYdsUC":{"registrationId":818074018,"currentRatchet":{"ephemeralKeyPair":{"pubKey":"BT6DEhjgrlDgpCz3NYdkKk43vukhFPUnFfKYIdC0/F5C","privKey":"EBpuI9he4x7RZBd+oyr8iUSFRvSys/FpUB+v2MOUuFQ="},"lastRemoteEphemeralKey":"BYwUthPk22nOz+ZHyqsPXcWFl2jPVwfVySaf62T712EF","previousCounter":0,"rootKey":"OcPha4nXI6LKDRJF8XaLem1cL3xmM9M/zIdWWnK+mbo="},"indexInfo":{"baseKey":"BavyJLiVHzbs/U+H2NFCYChpqyIa1Yp0YsZ5tRHYdsUC","baseKeyType":1,"closed":-1,"used":1737993014956,"created":1737993014956,"remoteIdentityKey":"BeC/hYua9GG+93JomClL2xjgc2TXmU+OoiJa/KzZXt5c"},"_chains":{"BT6DEhjgrlDgpCz3NYdkKk43vukhFPUnFfKYIdC0/F5C":{"chainKey":{"counter":0,"key":"g8wKzQLf73sois4jTHxi5ifidvqZzQbd27oUivi49Uk="},"chainType":1,"messageKeys":{}}},"pendingPreKey":{"signedKeyId":25,"baseKey":"BavyJLiVHzbs/U+H2NFCYChpqyIa1Yp0YsZ5tRHYdsUC","preKeyId":13398656}}},"version":"v1"}