{"_sessions":{"Bd+8u7chpVhuLpYBPP0gS6vNSwfue9f9QfvQxvNRighg":{"registrationId":1618393755,"currentRatchet":{"ephemeralKeyPair":{"pubKey":"BbAPP4YO+InMGUWRhwtJWgqFzDg5WqrhCg+50fA4PX18","privKey":"QJgfruSTEmqHrIMDLfGY1gV9+/qCgrxaDS1WE4mUMGo="},"lastRemoteEphemeralKey":"BR8SnDwxGyQ4IK2gyDY/WRbPj5ZL2HmGDYyESZB9DwFh","previousCounter":0,"rootKey":"63NMkSm8BaipLI6sn8pbVc3nySuIVKGlG3fp73leT4U="},"indexInfo":{"baseKey":"Bd+8u7chpVhuLpYBPP0gS6vNSwfue9f9QfvQxvNRighg","baseKeyType":1,"closed":-1,"used":1737993014600,"created":1737993014600,"remoteIdentityKey":"BcsQKYpPYK0iB6cnqob9Mpo3QMXzih2hwrdTPVTeyGMp"},"_chains":{"BbAPP4YO+InMGUWRhwtJWgqFzDg5WqrhCg+50fA4PX18":{"chainKey":{"counter":0,"key":"WuH1TK7b4zapnwgcnO/IWs1A3nxU+C1tyPaxXLirlbY="},"chainType":1,"messageKeys":{}}},"pendingPreKey":{"signedKeyId":29,"baseKey":"Bd+8u7chpVhuLpYBPP0gS6vNSwfue9f9QfvQxvNRighg","preKeyId":14463217}}},"version":"v1"}