{"_sessions":{"BejIBaAtrfrLYXnJNCDYARhai1e4KUpM0wwxTBZUVSYp":{"registrationId":729485151,"currentRatchet":{"ephemeralKeyPair":{"pubKey":"BSKpVKWNQ9otH6zH2917xVDEfGkBAc4htRAlLZMLHMMq","privKey":"SI77SDiZsESVtcIytFSmz9NXepGK9ymfHHshugiiWEU="},"lastRemoteEphemeralKey":"BdeMW3aHCmEhKKa+aT905e4VbqQDqfUPEbMxN4F6Ph44","previousCounter":0,"rootKey":"LTLhV06WoXGnhOhjv2c7rmWv94ePUHve/D4zy1VWLXE="},"indexInfo":{"baseKey":"BejIBaAtrfrLYXnJNCDYARhai1e4KUpM0wwxTBZUVSYp","baseKeyType":2,"closed":-1,"used":1737994611251,"created":1737994611251,"remoteIdentityKey":"BegWeyeL7Z41jL4vN4t+mwcFw7nBkCv+3+SAGX82QYEo"},"_chains":{"BdeMW3aHCmEhKKa+aT905e4VbqQDqfUPEbMxN4F6Ph44":{"chainKey":{"counter":0,"key":"/da8gJYBs3t5+DTwOaBoVqXVlsGe5VUcR2bC/OrHH84="},"chainType":2,"messageKeys":{}},"BSKpVKWNQ9otH6zH2917xVDEfGkBAc4htRAlLZMLHMMq":{"chainKey":{"counter":-1,"key":"NyQ5UFZ6yBgVSHx1GCVF692yGkhGHpCNxfWhHJdZWUw="},"chainType":1,"messageKeys":{}}}}},"version":"v1"}