{"_sessions":{"BYMr4Xk151LQ1mxxrDyNJXTX8pni+RmQBXpRfP+u58wy":{"registrationId":1003471295,"currentRatchet":{"ephemeralKeyPair":{"pubKey":"BcPPSRH4WhwwHp9s9V16LUq7RfbLlw19OTWvpofUIQQt","privKey":"8MTblIzX9UgSzZkyrq/Be209GwqeZtCD/sTaMcrdH0c="},"lastRemoteEphemeralKey":"BfTaEExnKrOXpotHnwA5DP/4vcMVY9gvLGArXWhJ3B1v","previousCounter":0,"rootKey":"HGY43JSexM7kC6I4vao4BGFBjepfUUH6Xwy0OP2wY8E="},"indexInfo":{"baseKey":"BYMr4Xk151LQ1mxxrDyNJXTX8pni+RmQBXpRfP+u58wy","baseKeyType":2,"closed":-1,"used":1737998291200,"created":1737998291200,"remoteIdentityKey":"BeKS7Pfi/rnaC+qpwhit3J+TAeOyxmnJrhKgq76tLFUg"},"_chains":{"BfTaEExnKrOXpotHnwA5DP/4vcMVY9gvLGArXWhJ3B1v":{"chainKey":{"counter":0,"key":"047UtJoSZQbe/3fhveZ0aqYPrGiK4qtMc7d43GVEXJg="},"chainType":2,"messageKeys":{}},"BcPPSRH4WhwwHp9s9V16LUq7RfbLlw19OTWvpofUIQQt":{"chainKey":{"counter":-1,"key":"OMe8g+qHok96zoQdwKUPCDE2fa02WjALoaSkm76I9VA="},"chainType":1,"messageKeys":{}}}}},"version":"v1"}