{"_sessions":{"BS9e8DzGkdX4Vh3THOhVElu0W471MKjZY6NeQD+W7Dsd":{"registrationId":864716182,"currentRatchet":{"ephemeralKeyPair":{"pubKey":"BagW0OFsUbja1KdEGnnS9HFTVHgsBAGSfsY2kDm64nlM","privKey":"qB+cvgVg5vuf+5J0phYj/OiFw2vnnnNhZ+579AM7alc="},"lastRemoteEphemeralKey":"BUZW4fetlKuolzuaNxGQReQSgSw3HbLIK+UQFVPJezRB","previousCounter":0,"rootKey":"27d5D/wZ4OyINVnOlS115+YaGOOI0Z5ptOOgkCWojxA="},"indexInfo":{"baseKey":"BS9e8DzGkdX4Vh3THOhVElu0W471MKjZY6NeQD+W7Dsd","baseKeyType":1,"closed":-1,"used":1737993538461,"created":1737993538461,"remoteIdentityKey":"BT0mvrwx829QGD0l9PgaO5bpVYLBy/b9dnXtNMkZ0Btw"},"_chains":{"BagW0OFsUbja1KdEGnnS9HFTVHgsBAGSfsY2kDm64nlM":{"chainKey":{"counter":0,"key":"3mPgCymddgjhGViJK4nhe0T8Cr6EmcZFqsDRZcwLUPw="},"chainType":1,"messageKeys":{}}},"pendingPreKey":{"signedKeyId":29,"baseKey":"BS9e8DzGkdX4Vh3THOhVElu0W471MKjZY6NeQD+W7Dsd","preKeyId":3073470}}},"version":"v1"}