{"_sessions":{"BU7kwOKCObrPELuq7VqpNHmQqxrE/zkpfOtWOHL+hftz":{"registrationId":104402971,"currentRatchet":{"ephemeralKeyPair":{"pubKey":"BbjlhSHBUNfns2lufS16N8SbR2Y+XDQ66SY1nF7Eqsx2","privKey":"4JEw/yXkZYrdzPooAzIAU7A9UrHqVT00Dh/j7lP1smA="},"lastRemoteEphemeralKey":"BVN0tf+WxnkMVRSNoze6r+0a6Jeo00VneHMmNZhao51k","previousCounter":0,"rootKey":"51q14VX32JN8pLDAfqEw+rm0pjgW9/gDnj8s9oOKbbI="},"indexInfo":{"baseKey":"BU7kwOKCObrPELuq7VqpNHmQqxrE/zkpfOtWOHL+hftz","baseKeyType":1,"closed":-1,"used":1737994371219,"created":1737994371219,"remoteIdentityKey":"BYS7hAIpLKWi4d91YlAyZgwVtdY6wz1A1spi91m/KSxv"},"_chains":{"BbjlhSHBUNfns2lufS16N8SbR2Y+XDQ66SY1nF7Eqsx2":{"chainKey":{"counter":0,"key":"3YF73FCI+eYwJ9qIZatUuykc/4GYNKjaxXCUk8987rI="},"chainType":1,"messageKeys":{}}},"pendingPreKey":{"signedKeyId":0,"baseKey":"BU7kwOKCObrPELuq7VqpNHmQqxrE/zkpfOtWOHL+hftz","preKeyId":12440160}}},"version":"v1"}