{"_sessions":{"BchwVeFpcoRvigWgatDcWqqf4epJD31IJtBakyoCOKQR":{"registrationId":1601499383,"currentRatchet":{"ephemeralKeyPair":{"pubKey":"BfsvEafT5zKbv2z+lNzkYG2VhVvCYzQF+WVpxy2CI/VU","privKey":"KBCQqU/lKwJnjVIVEAcs84J8KdG6lEt1hQfOxNB4kkE="},"lastRemoteEphemeralKey":"BYbFrNZ+jcVah6QxGauRzAq56X4iFAGRm01iMZMGnbsj","previousCounter":0,"rootKey":"igzoz0IEBCUcE93p2MHGgexzNTcoeqPlm7YSHLLt3tA="},"indexInfo":{"baseKey":"BchwVeFpcoRvigWgatDcWqqf4epJD31IJtBakyoCOKQR","baseKeyType":1,"closed":-1,"used":1737992069283,"created":1737992069283,"remoteIdentityKey":"BZWqQ5gl1cnfF7NzqN/QSx5UxT58dgDQorBc2ph8bUhz"},"_chains":{"BfsvEafT5zKbv2z+lNzkYG2VhVvCYzQF+WVpxy2CI/VU":{"chainKey":{"counter":0,"key":"CcAkkkieVvID9ON94PDrIH6iv+qZarytmTb4NOrQbZ0="},"chainType":1,"messageKeys":{}}},"pendingPreKey":{"signedKeyId":2,"baseKey":"BchwVeFpcoRvigWgatDcWqqf4epJD31IJtBakyoCOKQR"}}},"version":"v1"}