{"_sessions":{"BRVZbdOqpYzyPrRx8Oq2DIDsrEZVy5sgFSNlY4KchRZo":{"registrationId":1992001437,"currentRatchet":{"ephemeralKeyPair":{"pubKey":"BXl8b5/sicci2ID+5Q1MnzqI6bqAwNx91kYv9inQhe1M","privKey":"MMrRBYY5FGdZ6xnK52IVkcDW3X7EjSmt7cjJ0fWZiVA="},"lastRemoteEphemeralKey":"Bfbl6O33lgGn6/MHT77Yju+7q3brLZS2j3ayLkkKsGUE","previousCounter":0,"rootKey":"xmFVrPzyIY6EYu+YU92aP+Bwhe9ISb0be2TyfgOYudU="},"indexInfo":{"baseKey":"BRVZbdOqpYzyPrRx8Oq2DIDsrEZVy5sgFSNlY4KchRZo","baseKeyType":1,"closed":-1,"used":1737993014570,"created":1737993014570,"remoteIdentityKey":"BVPvcPIkc/wQtoC9CmrNL9oyY3/wAGnOR3W2MkvH4O14"},"_chains":{"BXl8b5/sicci2ID+5Q1MnzqI6bqAwNx91kYv9inQhe1M":{"chainKey":{"counter":0,"key":"YFOix50Pp4vuDAX4jztmSvyDIkAmG7XFLN/R24RSLXA="},"chainType":1,"messageKeys":{}}},"pendingPreKey":{"signedKeyId":4,"baseKey":"BRVZbdOqpYzyPrRx8Oq2DIDsrEZVy5sgFSNlY4KchRZo","preKeyId":11414780}}},"version":"v1"}