{"_sessions":{"BV4h12gniB8H9/kBrn9XN71tsQqsRXwhn+z06XDgatxO":{"registrationId":607076511,"currentRatchet":{"ephemeralKeyPair":{"pubKey":"BYGzZetV53NLFzDPXu0X03gJthIRAfP5BBaqUmjvbJAc","privKey":"2Ddqcdo7QZaD7+LL1eLYRbgcwEN7JyarlJ4NCF2uLkk="},"lastRemoteEphemeralKey":"BR2drzGXP67shR+UOJQEfwIqZEyUgRKG9a2isaV4PqQL","previousCounter":1,"rootKey":"DNljxldnepJKpcE+qgacvT+ToI8rAgTOofz6haSnCJU="},"indexInfo":{"baseKey":"BV4h12gniB8H9/kBrn9XN71tsQqsRXwhn+z06XDgatxO","baseKeyType":2,"closed":-1,"used":1737996025100,"created":1737991945823,"remoteIdentityKey":"BX4AuX4z/lz9SMiVJMq3uT/p4yibOIJF8AVi30MnLBxI"},"_chains":{"BR3vvkLRCSmdZcwQyAKHCUjO56hYShE9oc5M2wrHA9RQ":{"chainKey":{"counter":0},"chainType":2,"messageKeys":{}},"BXOYKMrKex2UQYuEBguYyhRscxn9CtCFADxTLComnmAg":{"chainKey":{"counter":0},"chainType":2,"messageKeys":{}},"BYBknXTJgHRQsQ5JTrgydoM6LJ6D9X8p865pj0bsptsy":{"chainKey":{"counter":0},"chainType":2,"messageKeys":{}},"BdX06AsjeJjZjgimZIY5xwx6duvmNIivAoucTuG6g4Ab":{"chainKey":{"counter":0},"chainType":2,"messageKeys":{}},"BR2drzGXP67shR+UOJQEfwIqZEyUgRKG9a2isaV4PqQL":{"chainKey":{"counter":1,"key":"gNi14KI/T3Bi1x0xokeli6ybwSPS6ILrXZI0RMYhTlQ="},"chainType":2,"messageKeys":{}},"BYGzZetV53NLFzDPXu0X03gJthIRAfP5BBaqUmjvbJAc":{"chainKey":{"counter":-1,"key":"rJpCe6d+6xSMDLPfxTbWonFCEqerNtvKLjHyAXODqN8="},"chainType":1,"messageKeys":{}}}}},"version":"v1"}