{"_sessions":{"BfP020PY8ziPG1IjaCC3X1zitJXXNAFPsU7AttE1pewr":{"registrationId":697702941,"currentRatchet":{"ephemeralKeyPair":{"pubKey":"BTpgAMSk2bvuFoYNocfE+/2voya+G8toKcj14eFkJvc4","privKey":"AIFvG3O7sO3e9fhSDbL8BpOdtPZWpatMN5ih4DVa5Go="},"lastRemoteEphemeralKey":"BTJAIALjtQssEd5FCntfODjQ6NLxVldRJJnTZhVPfcIj","previousCounter":0,"rootKey":"rtFRMb3RYGzdwci22CTUbC5Ut2PHkEUVOu9qIHulXtA="},"indexInfo":{"baseKey":"BfP020PY8ziPG1IjaCC3X1zitJXXNAFPsU7AttE1pewr","baseKeyType":1,"closed":-1,"used":1737993014933,"created":1737993014933,"remoteIdentityKey":"BfQQevw4Njt+IvpkcSile4yB7qIT7LRP5KgcPkgX3Shx"},"_chains":{"BTpgAMSk2bvuFoYNocfE+/2voya+G8toKcj14eFkJvc4":{"chainKey":{"counter":0,"key":"iXq3Lj/6P8iHypGWR0duAl+nWkYI6uNmJ87rHI1YsVo="},"chainType":1,"messageKeys":{}}},"pendingPreKey":{"signedKeyId":0,"baseKey":"BfP020PY8ziPG1IjaCC3X1zitJXXNAFPsU7AttE1pewr","preKeyId":15100983}}},"version":"v1"}