{"_sessions":{"BWxLj2T8gW/wn8/cmrONiB2Yo6JykcDtiznNAnvnpX0t":{"registrationId":2047494767,"currentRatchet":{"ephemeralKeyPair":{"pubKey":"BeRrDWQCR38lGLQLlZd98vjIePfYoU37Ti0b4pMuj6lN","privKey":"IDpsdd5nZjYfI2gHQ3uhiqf+VkJ70PWvooO2v3DFiG8="},"lastRemoteEphemeralKey":"Bbm2RYhmI/Rt99wX9sGS/DMd3iKcl6GgfQ8fwjum3aRx","previousCounter":0,"rootKey":"aNN/auCGA2alXZpNmkTFxzzofmKi4fNlQm/9tGLe8DM="},"indexInfo":{"baseKey":"BWxLj2T8gW/wn8/cmrONiB2Yo6JykcDtiznNAnvnpX0t","baseKeyType":1,"closed":-1,"used":1737994370972,"created":1737994370972,"remoteIdentityKey":"BRN67nkW672w8iEAMzigC7owSuQEEVX62AJIUnCZ/AVy"},"_chains":{"BeRrDWQCR38lGLQLlZd98vjIePfYoU37Ti0b4pMuj6lN":{"chainKey":{"counter":0,"key":"kUrcs4nKf+fOevFF5K6L10kKK+9zT47jJ3a4Gg1h2ZE="},"chainType":1,"messageKeys":{}}},"pendingPreKey":{"signedKeyId":58,"baseKey":"BWxLj2T8gW/wn8/cmrONiB2Yo6JykcDtiznNAnvnpX0t","preKeyId":876205}}},"version":"v1"}