{"_sessions":{"Bevdh++MtscTzjHL9xrHNjWx6GuTb3f2XlCnZJ0Inl1N":{"registrationId":506532917,"currentRatchet":{"ephemeralKeyPair":{"pubKey":"Bd0P6rsSfp65PH0EhOAEJUY5nO59zYq9cCOrldeVP+cA","privKey":"YHe3m4+x63C2JJ5HyvtnTFneZbnzQbTeS+2/eBH1V14="},"lastRemoteEphemeralKey":"BcZe5QnEd/pxdwxpKrCl3lhjjv42OdqmG6NAsB3g3ltY","previousCounter":0,"rootKey":"4G5kGIrheWilKBGxZp3sL5Wa6sjA8XrMZ5YYH/B2NKI="},"indexInfo":{"baseKey":"Bevdh++MtscTzjHL9xrHNjWx6GuTb3f2XlCnZJ0Inl1N","baseKeyType":1,"closed":-1,"used":1737993538455,"created":1737993538455,"remoteIdentityKey":"BR0y7eSrWGNxCSGg5Qhm3TeRxofCpEMS5cRS4//h8adD"},"_chains":{"Bd0P6rsSfp65PH0EhOAEJUY5nO59zYq9cCOrldeVP+cA":{"chainKey":{"counter":0,"key":"OITwWgJAnVV4KC/+eR6JNdjG+jsU39NerrHB5vbS+D4="},"chainType":1,"messageKeys":{}}},"pendingPreKey":{"signedKeyId":32,"baseKey":"Bevdh++MtscTzjHL9xrHNjWx6GuTb3f2XlCnZJ0Inl1N","preKeyId":14651524}}},"version":"v1"}