{"_sessions":{"BTx5sGCao9GlvuSOB297AsYupV8rwAqvO8N7GyVXA/tO":{"registrationId":6063,"currentRatchet":{"ephemeralKeyPair":{"pubKey":"BUZThZPZwnpO+5tvgDcDHwEWQTAzzDNNSccytTVrMtkY","privKey":"yIBDfMWhI1yfz1kTV6ir762+nb7I3hCXAc2SYbbSn2g="},"lastRemoteEphemeralKey":"BTnvFlXGxnBrZb5CJVp00M+UzJZF0nkqin5hvSXd2OUP","previousCounter":0,"rootKey":"H+C4KsL5AeiCs6pfGpiAuD71TWO4Nqik2xvDSOorSsE="},"indexInfo":{"baseKey":"BTx5sGCao9GlvuSOB297AsYupV8rwAqvO8N7GyVXA/tO","baseKeyType":1,"closed":-1,"used":1737994962990,"created":1737994962990,"remoteIdentityKey":"BdZ0x6vigbeXhWs+OXp6+Q/cfkxfKEiT6b3wOXUgpoct"},"_chains":{"BUZThZPZwnpO+5tvgDcDHwEWQTAzzDNNSccytTVrMtkY":{"chainKey":{"counter":0,"key":"dYVTDupkTHhYlVtBbxiF4wwFBOrtHzASI2vh+0LMrwo="},"chainType":1,"messageKeys":{}}},"pendingPreKey":{"signedKeyId":1,"baseKey":"BTx5sGCao9GlvuSOB297AsYupV8rwAqvO8N7GyVXA/tO"}}},"version":"v1"}