{"_sessions":{"BdC88N64C1fN0WR0TkjD+LCu8wVE0HjffO6S4mGY3Q1X":{"registrationId":1859196772,"currentRatchet":{"ephemeralKeyPair":{"pubKey":"BTSrh60HNwcpomC1vsA3LRtHEKSMk5Lh9IDEps19ndwa","privKey":"aJP5c4BlcwZ38wxgb3WAlB7q41dUEJSIOXHgD8MLJ18="},"lastRemoteEphemeralKey":"BSQr2evB7oe+VS25MqndtCpsqcqWGKuv80z3Fk/2s8pG","previousCounter":0,"rootKey":"XC8wFNkEc/ltXP61svBTz84SjQ6XDTiFPMF1mIt/CHg="},"indexInfo":{"baseKey":"BdC88N64C1fN0WR0TkjD+LCu8wVE0HjffO6S4mGY3Q1X","baseKeyType":2,"closed":-1,"used":1737994175177,"created":1737994175177,"remoteIdentityKey":"BVzXokfrNBAsnKF6fYz8CJPpN/JqULA7nfSC0+xqHeVk"},"_chains":{"BSQr2evB7oe+VS25MqndtCpsqcqWGKuv80z3Fk/2s8pG":{"chainKey":{"counter":0,"key":"sOEJhZJpokwH4Eg5v+m4EFTA3cey/EKgMO8KT0+/SpE="},"chainType":2,"messageKeys":{}},"BTSrh60HNwcpomC1vsA3LRtHEKSMk5Lh9IDEps19ndwa":{"chainKey":{"counter":-1,"key":"Al0qX3fww0h3zVHwJkjKDxTbRfrwyxnYV/AaDl8wMDg="},"chainType":1,"messageKeys":{}}}}},"version":"v1"}