{"_sessions":{"BbIoh75uG9AayrN6fQu7HHcr6IRc+PkKQZSgxDp8NvRz":{"registrationId":572761022,"currentRatchet":{"ephemeralKeyPair":{"pubKey":"BTMUgA7xoxOBlvIuCkh0uYmRfmyO0DcL79GC8yjP1LcS","privKey":"CL44zzPMbgGdO3DtaR3Q0T3XDT3vaA4JlHovUn0lflg="},"lastRemoteEphemeralKey":"Ba9WmIgJzep20eGebOTJvJhenzkD87YE7DdDjF29qTxC","previousCounter":0,"rootKey":"WhoJsxcKWpyI2UOGj25KwVeMk9CxEbP0a8abst/VCYU="},"indexInfo":{"baseKey":"BbIoh75uG9AayrN6fQu7HHcr6IRc+PkKQZSgxDp8NvRz","baseKeyType":1,"closed":-1,"used":1737992069263,"created":1737992069263,"remoteIdentityKey":"Be5RBYIF/O2umavcumJQi9Szcs8t6ofrZE1w2uWOk8IB"},"_chains":{"BTMUgA7xoxOBlvIuCkh0uYmRfmyO0DcL79GC8yjP1LcS":{"chainKey":{"counter":0,"key":"efzGksr19581rzW6T3Ip2ViojPr4bDOR6CLvQSCGNMQ="},"chainType":1,"messageKeys":{}}},"pendingPreKey":{"signedKeyId":25,"baseKey":"BbIoh75uG9AayrN6fQu7HHcr6IRc+PkKQZSgxDp8NvRz"}}},"version":"v1"}