{"_sessions":{"BcwXXxEBYNEWybW2B3yXo2C63hHWwSnLtX91VGCOOvAO":{"registrationId":1184443215,"currentRatchet":{"ephemeralKeyPair":{"pubKey":"Bfn+BSyRHX/GZd/oYlyENCYzdAzaBqKSgrtD9CbEqo4v","privKey":"UKBeP4pl0A7SXsp0rHrluB1RF9GGVhSQZh0rlRg5EXI="},"lastRemoteEphemeralKey":"Bfvn6pkhSH5NLfXPjwsoLvxKYUUOhFuzQTWgDlPa6aBY","previousCounter":0,"rootKey":"n/VVIL5yklO50M/cUGQldJtJ9cTddCzzmNbIT3XygNw="},"indexInfo":{"baseKey":"BcwXXxEBYNEWybW2B3yXo2C63hHWwSnLtX91VGCOOvAO","baseKeyType":2,"closed":-1,"used":1737992844315,"created":1737992844315,"remoteIdentityKey":"BffRsiEzHtwYda1259II5ufQrcfNSzyKqegdkRfZgoxX"},"_chains":{"Bfvn6pkhSH5NLfXPjwsoLvxKYUUOhFuzQTWgDlPa6aBY":{"chainKey":{"counter":1,"key":"yBwDfTpmt+VPLMUaAJ2rZOUsi5FdPNRqYbhPqL/5jY0="},"chainType":2,"messageKeys":{}},"Bfn+BSyRHX/GZd/oYlyENCYzdAzaBqKSgrtD9CbEqo4v":{"chainKey":{"counter":-1,"key":"DlZtQLUNc+gP/KVzpFqpVcnECMnzn7ivlFFjeQHZtds="},"chainType":1,"messageKeys":{}}}}},"version":"v1"}