{"_sessions":{"BQaSe8VSUIWD3RfKm1GboWJqX4GezVlWsNLr9duE/QoJ":{"registrationId":144108588,"currentRatchet":{"ephemeralKeyPair":{"pubKey":"BVXIat4opVlyheXN1VwyZ3EaEaM5KrfPtKNflbqcSfoQ","privKey":"6PA1rbUJFcRnm4gPk2CUVGJuNatYky/QR16xJOW6X1U="},"lastRemoteEphemeralKey":"BfKnxqmshdK0kiFfYOen5Z1wkr1vfwwPmw2Yps/RKCEx","previousCounter":0,"rootKey":"N5IVvPI/mCPDkF1/CcozkNHyRcfBxQeFg84HdtHsqYI="},"indexInfo":{"baseKey":"BQaSe8VSUIWD3RfKm1GboWJqX4GezVlWsNLr9duE/QoJ","baseKeyType":1,"closed":-1,"used":1737993014346,"created":1737993014346,"remoteIdentityKey":"BTTWN5hZSSFbYKEhbOX2+OVtm3bEKoHHB4nSG/c/R3IC"},"_chains":{"BVXIat4opVlyheXN1VwyZ3EaEaM5KrfPtKNflbqcSfoQ":{"chainKey":{"counter":0,"key":"nUWC8kSGZ5iBXNi/KRPalrDxzijLmIrZguFDJTN+bPk="},"chainType":1,"messageKeys":{}}},"pendingPreKey":{"signedKeyId":2,"baseKey":"BQaSe8VSUIWD3RfKm1GboWJqX4GezVlWsNLr9duE/QoJ","preKeyId":5220}}},"version":"v1"}