{"_sessions":{"BVt3qR2d6Kf5aplr/FjHeYCjHrrWaba2Axwndqta2qAu":{"registrationId":657252468,"currentRatchet":{"ephemeralKeyPair":{"pubKey":"BRkt4X+N9cAFIllzUu3Q3DIi5NVG5C0eSUTOuKJlXK1t","privKey":"4NH/kEa1lAOOa+x5lr3wjrF45mD4mTmtEhwtoOe5bHs="},"lastRemoteEphemeralKey":"BY34YlH0+fZ9MqSiulksMFDaFGYf+K7LNsmYueD5HXpO","previousCounter":0,"rootKey":"tAsLzU0SmmIMNf5AIlGKO4vmo1UWn8Iiaipisd+HpCs="},"indexInfo":{"baseKey":"BVt3qR2d6Kf5aplr/FjHeYCjHrrWaba2Axwndqta2qAu","baseKeyType":1,"closed":-1,"used":1737994371043,"created":1737994371043,"remoteIdentityKey":"BdRBzroS0aIRYVvgUgba3TTcBo/SRHKASfTflffHK00U"},"_chains":{"BRkt4X+N9cAFIllzUu3Q3DIi5NVG5C0eSUTOuKJlXK1t":{"chainKey":{"counter":0,"key":"GXAgFtVaaCjH4j89OdHpSiAI5BRBL0rGp9vqg7zYxJ0="},"chainType":1,"messageKeys":{}}},"pendingPreKey":{"signedKeyId":6,"baseKey":"BVt3qR2d6Kf5aplr/FjHeYCjHrrWaba2Axwndqta2qAu","preKeyId":11333994}}},"version":"v1"}