{"_sessions":{"BfBdRr8fi8AiuQ6uZVjS/lVboDzYT+4ZWs9Q9fIz9oUQ":{"registrationId":1669203528,"currentRatchet":{"ephemeralKeyPair":{"pubKey":"BfmAs28LNiTbAMsx6botR44g9mFkAYnVmnhEos/+otxu","privKey":"kNDSEOpzg3KFzxZmIT7IxlQ6JWapFJUw2jgTXc3SYkw="},"lastRemoteEphemeralKey":"BYkqd7p1mVDR6onWPbaKxRMv6CQ+vmNI7jbu/XrdUSB0","previousCounter":0,"rootKey":"ocbEdY25lcmaFc2NU8tbxYtna/7/yz3SRV/9S98P1mQ="},"indexInfo":{"baseKey":"BfBdRr8fi8AiuQ6uZVjS/lVboDzYT+4ZWs9Q9fIz9oUQ","baseKeyType":1,"closed":-1,"used":1737993538515,"created":1737993538515,"remoteIdentityKey":"Bbsr35W6IQhfAQJly7kmcg0erKDoQqTlbQJLJ6eyVKF7"},"_chains":{"BfmAs28LNiTbAMsx6botR44g9mFkAYnVmnhEos/+otxu":{"chainKey":{"counter":0,"key":"4LHvuafmJII0ZE4xNCDCbxyopsG6KD20e5H/I5UblBM="},"chainType":1,"messageKeys":{}}},"pendingPreKey":{"signedKeyId":6375523,"baseKey":"BfBdRr8fi8AiuQ6uZVjS/lVboDzYT+4ZWs9Q9fIz9oUQ","preKeyId":7173}}},"version":"v1"}