{"_sessions":{"BWK1KofVYG7ph8nUHeOOua5JuHR3IV0VfC7Lz0ZbrAQ2":{"registrationId":1381528389,"currentRatchet":{"ephemeralKeyPair":{"pubKey":"Beh1rNmy0lrPjGZEFNMQQ+BvhIg6qUn4cheNR90ZBktZ","privKey":"COIQcpuSPzu4TOR5Z54sC56qxQ7MwaO1d6IcNqCo/1w="},"lastRemoteEphemeralKey":"BfblLX8OzUU+fBAKPOxJzEOcCsSw08ZlrP4KoE26SzIJ","previousCounter":0,"rootKey":"dPtGXnk/Z9feWCG8HNaf3hz9UZQx2/8EQ6bQcjpQPCU="},"indexInfo":{"baseKey":"BWK1KofVYG7ph8nUHeOOua5JuHR3IV0VfC7Lz0ZbrAQ2","baseKeyType":1,"closed":-1,"used":1737993015193,"created":1737993015193,"remoteIdentityKey":"Bc4376A/1pLxyQoDyfqEqpaoI8JSOJ0wJGhpELVvAwFd"},"_chains":{"Beh1rNmy0lrPjGZEFNMQQ+BvhIg6qUn4cheNR90ZBktZ":{"chainKey":{"counter":0,"key":"aEAr89LNrvDG+tDAPyAGyoXdJNIaWhToVDScXDJPI7c="},"chainType":1,"messageKeys":{}}},"pendingPreKey":{"signedKeyId":21,"baseKey":"BWK1KofVYG7ph8nUHeOOua5JuHR3IV0VfC7Lz0ZbrAQ2","preKeyId":384096}}},"version":"v1"}