{"_sessions":{"Ber6FzcBap7uzVG2cB35kCVKfOYvTfcThIeOadRfFJZP":{"registrationId":1695343931,"currentRatchet":{"ephemeralKeyPair":{"pubKey":"Bfd4t+zgaD/9mKkZoD+XuILuH6mKL0yHldcQu8+jAFUr","privKey":"yPlvNlWZDwdwNSRjcSAzWwvRQH5L0gL4DjCt80mib3g="},"lastRemoteEphemeralKey":"Bcog+3P8D7ntM57dAIj6F+SKD/9Ark3/WVo2YXgxomoU","previousCounter":0,"rootKey":"5xFSTG9luOrKnHqryp6+/dS7VgitVKaHIe19O0XeQ00="},"indexInfo":{"baseKey":"Ber6FzcBap7uzVG2cB35kCVKfOYvTfcThIeOadRfFJZP","baseKeyType":1,"closed":-1,"used":1737993014516,"created":1737993014516,"remoteIdentityKey":"BRXLlKl6nmD7VLjOpLBh6r0eRFVjxj6EN0ahXJcbYtYQ"},"_chains":{"Bfd4t+zgaD/9mKkZoD+XuILuH6mKL0yHldcQu8+jAFUr":{"chainKey":{"counter":0,"key":"ZfvsEcAIEyehWNld2MRfNgjTfmMOY+qHjD6Fz786aKs="},"chainType":1,"messageKeys":{}}},"pendingPreKey":{"signedKeyId":1,"baseKey":"Ber6FzcBap7uzVG2cB35kCVKfOYvTfcThIeOadRfFJZP"}}},"version":"v1"}