{"_sessions":{"BQhYMm6TjS/eZGkSyi3/aXJ7TGGStuViIMivrwMFq/cV":{"registrationId":101343691,"currentRatchet":{"ephemeralKeyPair":{"pubKey":"BUNoApapIDgfoYalsZkTysdlNZEKPwALXBCBHx0RZO41","privKey":"YKneIjKJ5XCCF7JIaEdn7why32hC96PxO67zSPaf3n4="},"lastRemoteEphemeralKey":"BUzXtQ63kuknku+2deJQ6ZfDASehmKXMFFfcUcsqnzQ1","previousCounter":0,"rootKey":"D5ktankNoO7fzzIM8p3/cvxHo9fz27q3it9mxGG3GG4="},"indexInfo":{"baseKey":"BQhYMm6TjS/eZGkSyi3/aXJ7TGGStuViIMivrwMFq/cV","baseKeyType":1,"closed":-1,"used":1737994370960,"created":1737994370960,"remoteIdentityKey":"Bcg0mnCbES5Z2DrcczzZWmBc39jlqGfk9PY0GoloShEa"},"_chains":{"BUNoApapIDgfoYalsZkTysdlNZEKPwALXBCBHx0RZO41":{"chainKey":{"counter":0,"key":"KbIjyLTwx2J4hbMJf+MkDVm5SG4KkjxqUPcUgUNJcU8="},"chainType":1,"messageKeys":{}}},"pendingPreKey":{"signedKeyId":2,"baseKey":"BQhYMm6TjS/eZGkSyi3/aXJ7TGGStuViIMivrwMFq/cV","preKeyId":4420140}}},"version":"v1"}