{"_sessions":{"BRZZ65vyuGRoEwyZKzBbINxMML4eEdUzjB6yQ3W50j8e":{"registrationId":1206155549,"currentRatchet":{"ephemeralKeyPair":{"pubKey":"BY+X6lq8Y3+1oIEOawtPGiOrsqFY3dw1BqVHlP0NMEwD","privKey":"eJfcDXrCC3OHg4PDTMkUUXlyFUXPSNQdrE3cYbAHmUo="},"lastRemoteEphemeralKey":"BZw+of2yvdsmYkgaJPoxkde4vMpOEF7uay4+HYL05qgh","previousCounter":0,"rootKey":"OpdvUIF8s8ENK8VQsTNVf6atmGdjd4RzCc27HEaPvm4="},"indexInfo":{"baseKey":"BRZZ65vyuGRoEwyZKzBbINxMML4eEdUzjB6yQ3W50j8e","baseKeyType":1,"closed":-1,"used":1737993815552,"created":1737993815552,"remoteIdentityKey":"BYMuILnUx+3sH+wMadZAG/dP9Vx/X+DGGI06Xq960E1U"},"_chains":{"BY+X6lq8Y3+1oIEOawtPGiOrsqFY3dw1BqVHlP0NMEwD":{"chainKey":{"counter":0,"key":"FvzYX4B2IKOWv4QnsWyKeJqwCtw6WAp22QUzLTWwSzc="},"chainType":1,"messageKeys":{}}},"pendingPreKey":{"signedKeyId":11,"baseKey":"BRZZ65vyuGRoEwyZKzBbINxMML4eEdUzjB6yQ3W50j8e","preKeyId":2130144}}},"version":"v1"}