{"_sessions":{"BewjW+lpUjpYQ+i3VQN/Im8A0K4MOuNalNZYPOolXlZH":{"registrationId":111554267,"currentRatchet":{"ephemeralKeyPair":{"pubKey":"BR23iXq53KA20TX4+mBkurOmk4Za0xbUMQJHplrSXHJM","privKey":"mHZ8VwQ0nupSqFiBwxvuFyCjCGfvBuwYVWNT2RRpW3M="},"lastRemoteEphemeralKey":"BYWaWEwquCBwShKlkWCnDk0JcG3as6UsAqPoguiPHIpT","previousCounter":0,"rootKey":"YfLhXdZl0xtMGosXPaOfpbutPR06S4IsHnrOlzzhWcI="},"indexInfo":{"baseKey":"BewjW+lpUjpYQ+i3VQN/Im8A0K4MOuNalNZYPOolXlZH","baseKeyType":1,"closed":-1,"used":1737993014283,"created":1737993014283,"remoteIdentityKey":"BSXhoaiLI2OGSClAgkQoP+wW+dWKopP3gJg3R9yXBFEF"},"_chains":{"BR23iXq53KA20TX4+mBkurOmk4Za0xbUMQJHplrSXHJM":{"chainKey":{"counter":0,"key":"OB2F81WAykU+6otFa7oiJvAkg+I8e2a807c71FEm/jY="},"chainType":1,"messageKeys":{}}},"pendingPreKey":{"signedKeyId":2,"baseKey":"BewjW+lpUjpYQ+i3VQN/Im8A0K4MOuNalNZYPOolXlZH"}}},"version":"v1"}