{"_sessions":{"BXPdWbCw1EEpxD/0KL6ENV/Rb9fGqRzCelpYyTa/oMlt":{"registrationId":198313801,"currentRatchet":{"ephemeralKeyPair":{"pubKey":"BayWCdOHIjnCLkMjgNSQJcWMYKC2uBkzHGUsQ7m12Vo3","privKey":"yAGErMoTo52Wo7J4kmi1pd1yXFdAokH7FEnBu7EuKX4="},"lastRemoteEphemeralKey":"BRci85A1sHUsNUZuIYECROHRyCevNtIfWQ6DLkWioFcr","previousCounter":0,"rootKey":"jJ/qrYa+PlAxHN2tgEReMqM3yPfvujwJeYLzWAdPvPs="},"indexInfo":{"baseKey":"BXPdWbCw1EEpxD/0KL6ENV/Rb9fGqRzCelpYyTa/oMlt","baseKeyType":1,"closed":-1,"used":1737993014618,"created":1737993014618,"remoteIdentityKey":"BZnBjEluHM6VRvH30c8OOfpaF5PN5Alw6xj/BbT3aY5X"},"_chains":{"BayWCdOHIjnCLkMjgNSQJcWMYKC2uBkzHGUsQ7m12Vo3":{"chainKey":{"counter":0,"key":"7qHHaXRd+wogOt/+MwhH/RtI6XFgRiuTulgIsUkpJCU="},"chainType":1,"messageKeys":{}}},"pendingPreKey":{"signedKeyId":3,"baseKey":"BXPdWbCw1EEpxD/0KL6ENV/Rb9fGqRzCelpYyTa/oMlt","preKeyId":16725869}}},"version":"v1"}