{"_sessions":{"BaCoLalMVAUbDRSVQIbyTaCTQNYX+vBv2D00oOcjlh8c":{"registrationId":544632518,"currentRatchet":{"ephemeralKeyPair":{"pubKey":"Be6OFhBOuSbgCAThug24Fwxfom5GMqn/npGxbezCxUFO","privKey":"WCnHhFBdretwN+mvediFCoxzXLJTEjDzj4UUUcutgEk="},"lastRemoteEphemeralKey":"BQVZroBdQe8ry2RWbtmoaklaA62yH1Zf2H+4xbrUrDsg","previousCounter":0,"rootKey":"TIzr8d2KB1y94li0jqQBR+O44T9kVYbYfUjCU/NngYU="},"indexInfo":{"baseKey":"BaCoLalMVAUbDRSVQIbyTaCTQNYX+vBv2D00oOcjlh8c","baseKeyType":1,"closed":-1,"used":1737993481724,"created":1737993481724,"remoteIdentityKey":"BWqblvG2U1NiPvDB/F5gFsvHPeHvP7lRI9QlM48upbcF"},"_chains":{"Be6OFhBOuSbgCAThug24Fwxfom5GMqn/npGxbezCxUFO":{"chainKey":{"counter":0,"key":"zncuzOqoQagpIXB4VxzeSsLJNtWBSHpiYGwz9FhRBT0="},"chainType":1,"messageKeys":{}}},"pendingPreKey":{"signedKeyId":2,"baseKey":"BaCoLalMVAUbDRSVQIbyTaCTQNYX+vBv2D00oOcjlh8c","preKeyId":723636}}},"version":"v1"}