{"_sessions":{"BSTVdYCszN50x5rz0Dd6M311bd9ITwVReJxUAChjc8lH":{"registrationId":300974719,"currentRatchet":{"ephemeralKeyPair":{"pubKey":"BdYZBJc7rntFWQgZAFg1D6lmT0wmLfaQyVpSriVrZZsE","privKey":"AJ3nGkmIsgyiRG+9pIzAe80rYTVLIa1rKeNyLNX+/XE="},"lastRemoteEphemeralKey":"BeCNTCab5mSjAzRFqHJ49tfRd9j06HjSm3EV9DuzcnBd","previousCounter":0,"rootKey":"PAWGw+mw/2bThue8boFw8AGZtjI11me1jpPqhzIYf4A="},"indexInfo":{"baseKey":"BSTVdYCszN50x5rz0Dd6M311bd9ITwVReJxUAChjc8lH","baseKeyType":1,"closed":-1,"used":1737993481693,"created":1737993481693,"remoteIdentityKey":"BfjdbkfXN7ocNCUplfGTqwQkCrixibxFrbqiZ0PgwTNM"},"_chains":{"BdYZBJc7rntFWQgZAFg1D6lmT0wmLfaQyVpSriVrZZsE":{"chainKey":{"counter":0,"key":"ZzSZR406iSPjfl3aGVQjNrjJSwpzLEzAX0hORERXysk="},"chainType":1,"messageKeys":{}}},"pendingPreKey":{"signedKeyId":6,"baseKey":"BSTVdYCszN50x5rz0Dd6M311bd9ITwVReJxUAChjc8lH","preKeyId":2270109}}},"version":"v1"}