{"_sessions":{"BU1W0ZG/nGKvN5h7HkzER8yubhIVNAxQAbWfCzlvhDFF":{"registrationId":10161,"currentRatchet":{"ephemeralKeyPair":{"pubKey":"BSnBipxsAVopaD6mVCruXbAEeNUCQzlPZPy+RU9jNARm","privKey":"iJS4iqIInBdG3+hzFGfh4ZO2QcTvsoWhgAKevDV41Wk="},"lastRemoteEphemeralKey":"BeFDmnZLa89UMoPxSb4+3hAoNw6OcTlTXbbMQ7sR9rJw","previousCounter":0,"rootKey":"8wNed0dcm4IrJIdsBEJ+S+yAMaC7WzhiZMr2IqNn0hw="},"indexInfo":{"baseKey":"BU1W0ZG/nGKvN5h7HkzER8yubhIVNAxQAbWfCzlvhDFF","baseKeyType":1,"closed":-1,"used":1737994370936,"created":1737994370936,"remoteIdentityKey":"BYGDzrm9snBRRgP+WAcN6vPAYdA9A4IoBd+nJHDH5VcR"},"_chains":{"BSnBipxsAVopaD6mVCruXbAEeNUCQzlPZPy+RU9jNARm":{"chainKey":{"counter":0,"key":"0bzezJkosmGrVbrGDiyGcURX+xWCftWh1lhR0e/fFOM="},"chainType":1,"messageKeys":{}}},"pendingPreKey":{"signedKeyId":1,"baseKey":"BU1W0ZG/nGKvN5h7HkzER8yubhIVNAxQAbWfCzlvhDFF"}}},"version":"v1"}