{"_sessions":{"BTQK2LffPokTCovAlJ000umNs6YKcHZ+EdiOFtbZIPlj":{"registrationId":1386304396,"currentRatchet":{"ephemeralKeyPair":{"pubKey":"BTHjr3Bpv0YxD4HAWnPjz8vohZwrMRGmswAZEbxBgPQI","privKey":"IIyrnqdyc6mKgvIrm3ka8elrpBmeKzjx0qk48R9xuVw="},"lastRemoteEphemeralKey":"BSTVUEybRGxqebQHcpMJ6GKMj6lxy/5klQyJ9zfXwGlT","previousCounter":0,"rootKey":"V6tHS+OGEyypqRO2tTAVdA2iOm1ECteOcXtJDODt0RM="},"indexInfo":{"baseKey":"BTQK2LffPokTCovAlJ000umNs6YKcHZ+EdiOFtbZIPlj","baseKeyType":1,"closed":-1,"used":1737993014512,"created":1737993014512,"remoteIdentityKey":"BeIsZ3sOCxsu8sWizOvMXje5ibbSOcG3EOnXhW0M2eQH"},"_chains":{"BTHjr3Bpv0YxD4HAWnPjz8vohZwrMRGmswAZEbxBgPQI":{"chainKey":{"counter":0,"key":"nV68NGTfQdCclWHYbNpFY9Bb8JUEmHjFaL69gD2ZM48="},"chainType":1,"messageKeys":{}}},"pendingPreKey":{"signedKeyId":8,"baseKey":"BTQK2LffPokTCovAlJ000umNs6YKcHZ+EdiOFtbZIPlj","preKeyId":1569945}}},"version":"v1"}