{"_sessions":{"Bd7SMftB4qtJiTG3UXsovVAKortMqS2bAek1ly/CsJMZ":{"registrationId":590440772,"currentRatchet":{"ephemeralKeyPair":{"pubKey":"Bf5k5ms2YWXjivghTI8bMkr2D9KADwCQYvFObSdtVioQ","privKey":"KJDQgBTkRfarfpu2mK4lJFsiMW0oDS7ADiOwe48WsHk="},"lastRemoteEphemeralKey":"BTqByjZWIepPLQXLVCDpF1HG2W/7c/P4rjk37Zpnkgp4","previousCounter":0,"rootKey":"qtzyfRnhLQCP7JMoMVrBNhcUr00U7jWNZMQq0zcBL7U="},"indexInfo":{"baseKey":"Bd7SMftB4qtJiTG3UXsovVAKortMqS2bAek1ly/CsJMZ","baseKeyType":1,"closed":-1,"used":1737993481802,"created":1737993481802,"remoteIdentityKey":"BYlnx+hsD6hY4VXnvCyPIWF5wQkgIEtYitaT2hXZvb8R"},"_chains":{"Bf5k5ms2YWXjivghTI8bMkr2D9KADwCQYvFObSdtVioQ":{"chainKey":{"counter":0,"key":"kTLrCNhuwH8P/v3O0GAUyIzvRaw8D8npli5cuIE8qYQ="},"chainType":1,"messageKeys":{}}},"pendingPreKey":{"signedKeyId":4,"baseKey":"Bd7SMftB4qtJiTG3UXsovVAKortMqS2bAek1ly/CsJMZ","preKeyId":13100599}}},"version":"v1"}