{"_sessions":{"Bf83Ht2CR12qLvOt1dJgb8iEgD9HJhq7kOE31Yzm4rgi":{"registrationId":344834441,"currentRatchet":{"ephemeralKeyPair":{"pubKey":"BfXRTbrsh5jmS1nr02p9SlK+gaHi+QnYYfMKriyd1Tg1","privKey":"MEI335QJnWOdaIcjE07e8cLH0q95phC8tB/lFzChKUU="},"lastRemoteEphemeralKey":"BaNTCsdgB0pWXgJJrBaLp3vLo9zGTK7F+wrv1Oo4dLwa","previousCounter":0,"rootKey":"PGEcjh93jhQOvtbruegZ0vcFQ5dwIIN491tSXSHWhrA="},"indexInfo":{"baseKey":"Bf83Ht2CR12qLvOt1dJgb8iEgD9HJhq7kOE31Yzm4rgi","baseKeyType":1,"closed":-1,"used":1737993135038,"created":1737993135038,"remoteIdentityKey":"BQlk6tBsRdkUP4mS52jimCy9qaYyJoi5OlE0OwWy+8ow"},"_chains":{"BfXRTbrsh5jmS1nr02p9SlK+gaHi+QnYYfMKriyd1Tg1":{"chainKey":{"counter":1,"key":"GK43BaqiZHgJDBxgHhRxZvNoI1pnKXuCGpRUtxwPvmI="},"chainType":1,"messageKeys":{}}},"pendingPreKey":{"signedKeyId":5962893,"baseKey":"Bf83Ht2CR12qLvOt1dJgb8iEgD9HJhq7kOE31Yzm4rgi","preKeyId":2270}}},"version":"v1"}