{"_sessions":{"BYvTtTyi3hfgIqj8VmDyuPLm2lqK7QcOt2+DNjxwTUxe":{"registrationId":327363847,"currentRatchet":{"ephemeralKeyPair":{"pubKey":"BXSkp1hxVsxoOln8nocytf63rRiI9nycTZp8gdgDDAt/","privKey":"4GSfduvFkqURmiy+Ao+cK4v098msdOzmkFgMiDDA8FI="},"lastRemoteEphemeralKey":"BTnavnzGMBpd6bt96gAc66ZiKWsktmhCXZsbtPBMcuFO","previousCounter":0,"rootKey":"ZJpH2gbrGDREeMhpeHOgFx6ufUGAx3JTpHY2sfKcf9c="},"indexInfo":{"baseKey":"BYvTtTyi3hfgIqj8VmDyuPLm2lqK7QcOt2+DNjxwTUxe","baseKeyType":1,"closed":-1,"used":1737993015162,"created":1737993015162,"remoteIdentityKey":"BeJvdu/gzNhmfLlEVtaw2f5fyuELdlPbGGM2ykgMnO0k"},"_chains":{"BXSkp1hxVsxoOln8nocytf63rRiI9nycTZp8gdgDDAt/":{"chainKey":{"counter":0,"key":"GQFCneUPKa79bgB65aaZOdyK1GYNcLP4giXAjYObqH4="},"chainType":1,"messageKeys":{}}},"pendingPreKey":{"signedKeyId":0,"baseKey":"BYvTtTyi3hfgIqj8VmDyuPLm2lqK7QcOt2+DNjxwTUxe"}}},"version":"v1"}