{"_sessions":{"BX+Ju8p20NcPvPPcitKBjCE475Qw+pj+1hdAthHElmw8":{"registrationId":513812772,"currentRatchet":{"ephemeralKeyPair":{"pubKey":"BXJUkpODdIcOl5PCOKsqbuS0Q6TreZKoVlnxzvkl1UlE","privKey":"YJVIzFl5CRmMTQb9P7NeBq4FmaJ4YNL6cemoBkOWLH8="},"lastRemoteEphemeralKey":"BY02BJmMTR4pejOD3WVMJYQp978bGGqHah04WIgbIN1i","previousCounter":0,"rootKey":"YPc/GJjk6+nHHzlCgYB3S/Eipf0vgi7KhMLVQdIjHcs="},"indexInfo":{"baseKey":"BX+Ju8p20NcPvPPcitKBjCE475Qw+pj+1hdAthHElmw8","baseKeyType":1,"closed":-1,"used":1737994369632,"created":1737992427911,"remoteIdentityKey":"BQ/iTKXpYvgPYC3shYWhxG94xyOXQ5M0QKVk6ArtOwA0"},"_chains":{"BY02BJmMTR4pejOD3WVMJYQp978bGGqHah04WIgbIN1i":{"chainKey":{"counter":0,"key":"GtHk9wdV7tL3mr1qL/o/E430jk79bpVtS4++bHuPT1I="},"chainType":2,"messageKeys":{}},"BXJUkpODdIcOl5PCOKsqbuS0Q6TreZKoVlnxzvkl1UlE":{"chainKey":{"counter":-1,"key":"ly9xus+C2l/ZoB7Hb3oxZEq50LFrNXonsnogmO/RdYs="},"chainType":1,"messageKeys":{}}}}},"version":"v1"}