{"_sessions":{"BYn4VBR1EPmEDRCqT72mMg6ijMfvPMR8ihfFNKg01a50":{"registrationId":1262030779,"currentRatchet":{"ephemeralKeyPair":{"pubKey":"Bef3Wn9J5ZYDqYzLhrq7KOh2IGNSgCBBXYHYjkoHAM0K","privKey":"eAfNe339WctiJ9IoWrRMSwEJxf8XimBVNtE5BaQCTlk="},"lastRemoteEphemeralKey":"BTHH2oyIYkwAAbgbvhTArNmv17QlmIHL6dOMSE2pF9VW","previousCounter":1,"rootKey":"X93FDDRyqBsIz4ODTTj9iF5KnC+wuzM01/Ni2J3PA9s="},"indexInfo":{"baseKey":"BYn4VBR1EPmEDRCqT72mMg6ijMfvPMR8ihfFNKg01a50","baseKeyType":1,"closed":-1,"used":1737995514639,"created":1737992069280,"remoteIdentityKey":"BVHP91ZEYJeQlKlCXyluQMZFGEoFC/oZ/n7czOZ6Ma48"},"_chains":{"BcfM423nOsmNv16ahdFfsciRpCDcrut0T7UHWULzGqZw":{"chainKey":{"counter":0},"chainType":2,"messageKeys":{}},"BTHH2oyIYkwAAbgbvhTArNmv17QlmIHL6dOMSE2pF9VW":{"chainKey":{"counter":0,"key":"0UoT3AY6/tHMSHQxqqPGHz//OIJpxTTpGb0Q8PQICy4="},"chainType":2,"messageKeys":{}},"Bef3Wn9J5ZYDqYzLhrq7KOh2IGNSgCBBXYHYjkoHAM0K":{"chainKey":{"counter":-1,"key":"O/Exxg/p4ZOaXyJ/Bhwz3rgWemduNOm134NXLK07Wq8="},"chainType":1,"messageKeys":{}}}}},"version":"v1"}