{"_sessions":{"BQ2EEEzKb4YfIqrDKnObyhiIwVAxq5sQKhEMtoGjgFFF":{"registrationId":283716606,"currentRatchet":{"ephemeralKeyPair":{"pubKey":"BX/BBBBhAik/lUfeRLJipKevcZGIGvs0FA6gGGS75Elt","privKey":"GHYO5wXkpQEusR79ZpDvAXmYgnigsF/OvbrClT4HuFs="},"lastRemoteEphemeralKey":"BaY6NGkgifYLtNkB3U/pQjeGY5D341ZcCNFPSkoKBPcU","previousCounter":0,"rootKey":"wtaspv3ocgGPDiBQMX0QYKdZwmNja+PSKQ7psFWRaCs="},"indexInfo":{"baseKey":"BQ2EEEzKb4YfIqrDKnObyhiIwVAxq5sQKhEMtoGjgFFF","baseKeyType":2,"closed":-1,"used":1737998564117,"created":1737998564117,"remoteIdentityKey":"BZiiT7nC0YrDomDAs1fW2T/k/f0yi6qV9Jey5v3XaFxv"},"_chains":{"BaY6NGkgifYLtNkB3U/pQjeGY5D341ZcCNFPSkoKBPcU":{"chainKey":{"counter":0,"key":"rM+4YwlC9jQVZKYQS1dUUIAAvNotBkjmg/8IRjQkdXU="},"chainType":2,"messageKeys":{}},"BX/BBBBhAik/lUfeRLJipKevcZGIGvs0FA6gGGS75Elt":{"chainKey":{"counter":-1,"key":"J8ojBWjBIDPRjKGVv89optOHnVzGlNtxxslMAhSfubU="},"chainType":1,"messageKeys":{}}}}},"version":"v1"}