{"_sessions":{"BV5+wVDof2U7DQnvjdKPVfL2u/6qJ5QIVTCj/pVFoMIc":{"registrationId":1043961471,"currentRatchet":{"ephemeralKeyPair":{"pubKey":"Bfc9Zd72zGf1yMmlezXsmWC6dCctKiEMOnE82sLQ+RQo","privKey":"eNvv2y0f9ljfxGNZ6p46U+0aVuBzmQaBnkhYfcBYo0c="},"lastRemoteEphemeralKey":"BQpmnYZT79oXcecH4NSe3NraVaEeE+Zv9x4fXGKcETB3","previousCounter":0,"rootKey":"1G8KBO3zhO902KbGMtewzLz2gC1ZO3ZzxVdcsDbYBc4="},"indexInfo":{"baseKey":"BV5+wVDof2U7DQnvjdKPVfL2u/6qJ5QIVTCj/pVFoMIc","baseKeyType":2,"closed":-1,"used":1737994220244,"created":1737994220244,"remoteIdentityKey":"BVyVj/gYjQm5m8hji44nPOBUYShuePrcmfWNxmERllJK"},"_chains":{"BQpmnYZT79oXcecH4NSe3NraVaEeE+Zv9x4fXGKcETB3":{"chainKey":{"counter":0,"key":"ySR9tUumg2FxCwMbe6uguFrN4f19xcDr6eaLmVwPgcg="},"chainType":2,"messageKeys":{}},"Bfc9Zd72zGf1yMmlezXsmWC6dCctKiEMOnE82sLQ+RQo":{"chainKey":{"counter":-1,"key":"hQyyGOF1Q65PI5RoP0FBbqwQUl/UPTDH02zFepqCjZ0="},"chainType":1,"messageKeys":{}}}}},"version":"v1"}