{"_sessions":{"BX+eX2lIZDwnC+lDeiZefDEnZMPWMPSdTW7S+bmrlWYA":{"registrationId":235,"currentRatchet":{"ephemeralKeyPair":{"pubKey":"BXujJAkcOvLj+GPgjDrW69aGOgvQJnj8RUoXTbZisiEQ","privKey":"MM12hrQwmx8kRIhon+S6vqBELeuWFsf27pHhlceSg38="},"lastRemoteEphemeralKey":"Bc9MMizXeEXQqi6EY9BRUrI9uxeRFZ/QMfuQIsmriiIq","previousCounter":0,"rootKey":"RG9BNjIuqEtPmbhtNm5UW2k15xJBSTkBpn7bICNRY2M="},"indexInfo":{"baseKey":"BX+eX2lIZDwnC+lDeiZefDEnZMPWMPSdTW7S+bmrlWYA","baseKeyType":1,"closed":-1,"used":1737992069169,"created":1737992069169,"remoteIdentityKey":"BQ7fX5HQ3rE2YjIADdn5WqhggAi0ZsVfBvsK21OixHpw"},"_chains":{"BXujJAkcOvLj+GPgjDrW69aGOgvQJnj8RUoXTbZisiEQ":{"chainKey":{"counter":0,"key":"HP1dWrywvIn6mjqMqkzDFrv5Mvm4GBeDtSfwSVv89ak="},"chainType":1,"messageKeys":{}}},"pendingPreKey":{"signedKeyId":1,"baseKey":"BX+eX2lIZDwnC+lDeiZefDEnZMPWMPSdTW7S+bmrlWYA"}}},"version":"v1"}