{"_sessions":{"BbI/+IVFQccRavVmxZe2fAUnlqNM8b9ebgJFsMXnBpgC":{"registrationId":650375167,"currentRatchet":{"ephemeralKeyPair":{"pubKey":"BaacY24aV/Qkwd0so9+UnwHFiei+j/Z5tkCbnvqRYeBj","privKey":"4Cu7CNHcop12104yV8WfENtSuw29836KVWufO+WY2lU="},"lastRemoteEphemeralKey":"BbZOE09uVfqe5wsHGnDp/HcVblTLgLnkorqdMRzuj8AH","previousCounter":0,"rootKey":"ZpwCV3CMqTg3aGZH8d1AZBFqt1HcLvwuqpa7ZX+wfm4="},"indexInfo":{"baseKey":"BbI/+IVFQccRavVmxZe2fAUnlqNM8b9ebgJFsMXnBpgC","baseKeyType":1,"closed":-1,"used":1737993015038,"created":1737993015038,"remoteIdentityKey":"BRY4ICMQwf2nUt2JGdFOCR2AheXrmMyohxMPMWoP6ghb"},"_chains":{"BaacY24aV/Qkwd0so9+UnwHFiei+j/Z5tkCbnvqRYeBj":{"chainKey":{"counter":0,"key":"FUOB+OrQywJOQeZVVoAO/9PQd0982qWrwA+749PXSnw="},"chainType":1,"messageKeys":{}}},"pendingPreKey":{"signedKeyId":1,"baseKey":"BbI/+IVFQccRavVmxZe2fAUnlqNM8b9ebgJFsMXnBpgC","preKeyId":12974737}}},"version":"v1"}