{"_sessions":{"BWMX1X8NmW3yTi334GE8+VyrWQRf3lpwM0041DCI5P4R":{"registrationId":276375922,"currentRatchet":{"ephemeralKeyPair":{"pubKey":"BaKNwKvW4eiVrqt0S9I3G+BtzMKuRakFat/SXHagFL9A","privKey":"iHUnqpX2RkSMe4dgi+3yV46/zrU1CEe3epFnWPFAuVQ="},"lastRemoteEphemeralKey":"BWlG2v27WYZ4lFvTCyMgRwk8B8wM4kH04f74R6QppPR1","previousCounter":0,"rootKey":"uMdxnCdSw/uFe+S1AVcZ97RMuEhzMwvuJBz2SYUAFvc="},"indexInfo":{"baseKey":"BWMX1X8NmW3yTi334GE8+VyrWQRf3lpwM0041DCI5P4R","baseKeyType":1,"closed":-1,"used":1737992069215,"created":1737992069215,"remoteIdentityKey":"BQzas6IlJS0QGxC+qDVjzsRRL4JsKKYlpvxwPWkpvac7"},"_chains":{"BaKNwKvW4eiVrqt0S9I3G+BtzMKuRakFat/SXHagFL9A":{"chainKey":{"counter":0,"key":"Zoo8XgdPZPhcenlKW4ZzHVSD5K+LheEXVLeoYAExtGs="},"chainType":1,"messageKeys":{}}},"pendingPreKey":{"signedKeyId":2,"baseKey":"BWMX1X8NmW3yTi334GE8+VyrWQRf3lpwM0041DCI5P4R","preKeyId":2537360}}},"version":"v1"}