{"_sessions":{"BSqaCq/Op/ufVOVh6WSWHU/6jq7SVN0BW/ZHxbUzDEZE":{"registrationId":453108684,"currentRatchet":{"ephemeralKeyPair":{"pubKey":"BR06Z1WoZpk8B+OFZIJhz+RvuQx2VVrk0mQjHXmpV310","privKey":"8D0Panutl7togLItvBf68q0f9CrC/HqfhqXGSgpJlWs="},"lastRemoteEphemeralKey":"BUY2IEXFI5K1tErCfAlA3wHYOedvG+zFAMZ4aaQFJogD","previousCounter":0,"rootKey":"v9Nh7dtvzNc4Q1q1UsI1uq14mly4ucYrQJGnGweUG5A="},"indexInfo":{"baseKey":"BSqaCq/Op/ufVOVh6WSWHU/6jq7SVN0BW/ZHxbUzDEZE","baseKeyType":1,"closed":-1,"used":1737993538487,"created":1737993538487,"remoteIdentityKey":"BQy76dZ6P9mzVOVdwpPlihIqkxWGK5Gtd2/Lh5cciQFt"},"_chains":{"BR06Z1WoZpk8B+OFZIJhz+RvuQx2VVrk0mQjHXmpV310":{"chainKey":{"counter":0,"key":"/rrAmLh2mVxAzQngekoBR1v6GVRZ17vNnbkHQgwRnCY="},"chainType":1,"messageKeys":{}}},"pendingPreKey":{"signedKeyId":12,"baseKey":"BSqaCq/Op/ufVOVh6WSWHU/6jq7SVN0BW/ZHxbUzDEZE","preKeyId":3881018}}},"version":"v1"}