{"_sessions":{"BXHqd24lG1Cj6SlmAGv4XADdHZkRyaEUWfgdFX0SjAVP":{"registrationId":974771267,"currentRatchet":{"ephemeralKeyPair":{"pubKey":"BQTNUr9kFdIz6HVvbJkkwG+pIRoRMTd9Dqo9NOlbiU4b","privKey":"aKyBUoY8pYaYiWyIRS2CWsU5zlDIHMX9GJBgZ1rNbkQ="},"lastRemoteEphemeralKey":"BeSnmE6cPzl0uVMLSk+eB1cLj/j0FUeRsP7hCc01/GVN","previousCounter":0,"rootKey":"Xp1ztRCDsmJFWKKO+BsfK+1oes7mw9hdcsSw/94xXsA="},"indexInfo":{"baseKey":"BXHqd24lG1Cj6SlmAGv4XADdHZkRyaEUWfgdFX0SjAVP","baseKeyType":1,"closed":-1,"used":1737993014408,"created":1737993014408,"remoteIdentityKey":"BX8B5tOFKvCx9+hZQGzdqPwH0t/mP26cRyjmRvmSAWss"},"_chains":{"BQTNUr9kFdIz6HVvbJkkwG+pIRoRMTd9Dqo9NOlbiU4b":{"chainKey":{"counter":0,"key":"tY+8kjULtPC6+kQkAeq1O2YFJjEU31rs3WGjIiH0IXw="},"chainType":1,"messageKeys":{}}},"pendingPreKey":{"signedKeyId":4,"baseKey":"BXHqd24lG1Cj6SlmAGv4XADdHZkRyaEUWfgdFX0SjAVP","preKeyId":14698826}}},"version":"v1"}