{"_sessions":{"BXWqMEmqL42UkcIIQZRCj9tCwY42GuIAP8RJdxgOTw0w":{"registrationId":1535277031,"currentRatchet":{"ephemeralKeyPair":{"pubKey":"BVfHuu1bkfvvFa/+EL7T1M+4nPSgEkW4DVVHI4/WEF1G","privKey":"CJOs58zXrpLWVOuo3wqOco6ICAcXVveLam5kGoNzPko="},"lastRemoteEphemeralKey":"Bbbx59P5Ouu5L9rkwFu7C6YtYORh5AoQTrbvr29QunIq","previousCounter":0,"rootKey":"4YsH4nc2lkROkXwGO+z0PxhansJ63BZaBvxts305aFA="},"indexInfo":{"baseKey":"BXWqMEmqL42UkcIIQZRCj9tCwY42GuIAP8RJdxgOTw0w","baseKeyType":2,"closed":-1,"used":1737992155714,"created":1737992155714,"remoteIdentityKey":"Bd+qZLeHM/ULUYGCACX3skLMPHCY7NoEzQMFsdQfvU1C"},"_chains":{"Bbbx59P5Ouu5L9rkwFu7C6YtYORh5AoQTrbvr29QunIq":{"chainKey":{"counter":1,"key":"AGO9XrFIqmccI64p7Y1e3Y4r1CouamYbTakCT9xnK+g="},"chainType":2,"messageKeys":{}},"BVfHuu1bkfvvFa/+EL7T1M+4nPSgEkW4DVVHI4/WEF1G":{"chainKey":{"counter":4,"key":"rf3fDfEOURAxFwCBnLPgxmNQPe5+BcW3j5y5wGvlHaA="},"chainType":1,"messageKeys":{}}}}},"version":"v1"}