{"_sessions":{"BSX7PbZbjy2QcC3ACpfDqmcpgdHX7H1zL/KJMGwSXAl6":{"registrationId":999822362,"currentRatchet":{"ephemeralKeyPair":{"pubKey":"BROsa3lSxR8E9WC7+fPhf2TpY5Z3GzFIYHws+6cz6aB2","privKey":"yMvtLiWNjQl5xkvTHCw7VLm1RErTmbS0zGDPu2yLX2k="},"lastRemoteEphemeralKey":"BRyGRGYoH4fjpCpECDSx5NG2eUMZ0jz0I14mCiDc/pAU","previousCounter":0,"rootKey":"qjzdZlimbkPQbXlUxoy3RpiZS3qm77zK1JV5LmKkQ9w="},"indexInfo":{"baseKey":"BSX7PbZbjy2QcC3ACpfDqmcpgdHX7H1zL/KJMGwSXAl6","baseKeyType":1,"closed":-1,"used":1737994370983,"created":1737994370983,"remoteIdentityKey":"Bdw2P0LYh7nXKCcYXjD+DikM/Hn5JPkEbkP+b6FaG1MH"},"_chains":{"BROsa3lSxR8E9WC7+fPhf2TpY5Z3GzFIYHws+6cz6aB2":{"chainKey":{"counter":0,"key":"NflanM5tp3hrEqQ8nMWycd85zsi6sDgfLnTEvs/WBmM="},"chainType":1,"messageKeys":{}}},"pendingPreKey":{"signedKeyId":0,"baseKey":"BSX7PbZbjy2QcC3ACpfDqmcpgdHX7H1zL/KJMGwSXAl6","preKeyId":4087122}}},"version":"v1"}