{"_sessions":{"BRcQyg4sxKskPCf+ve27VuT01omPIdNOluuhX6zRydxl":{"registrationId":863498812,"currentRatchet":{"ephemeralKeyPair":{"pubKey":"BffjsniUcJ2PZB5fjBA0DPUAHM9k52ZkLMGRqcvkP58L","privKey":"SPXUwHDWCEeNC3nqUsQrrpsh+sBNBzWRFWpirfsuhGU="},"lastRemoteEphemeralKey":"BZ5CcySbu3hPTprVJ1wab8zE/nQMblQsqPYxlavzdgVr","previousCounter":0,"rootKey":"AVWMJz6KmlfsjP/uKJqONxzRzK6utt67Z3lNVY8jobc="},"indexInfo":{"baseKey":"BRcQyg4sxKskPCf+ve27VuT01omPIdNOluuhX6zRydxl","baseKeyType":1,"closed":-1,"used":1737993134929,"created":1737993134929,"remoteIdentityKey":"Ba9I/lQMFxLAM6f5HRNNv4woWylRhatuok43HRz9ahZP"},"_chains":{"BffjsniUcJ2PZB5fjBA0DPUAHM9k52ZkLMGRqcvkP58L":{"chainKey":{"counter":1,"key":"nBM/dnCUcYzgRqlA5efAi6YvC4zFqMB6FRo99enHVyA="},"chainType":1,"messageKeys":{}}},"pendingPreKey":{"signedKeyId":1,"baseKey":"BRcQyg4sxKskPCf+ve27VuT01omPIdNOluuhX6zRydxl"}}},"version":"v1"}