{"_sessions":{"BUkHW938xBCPygpTej564yxW2ZBu8PKA5for457ui2EP":{"registrationId":830011228,"currentRatchet":{"ephemeralKeyPair":{"pubKey":"BSEiCONh4EKfMibW8NBswigxpgYNP+oamGhDvKkm9mQy","privKey":"kPb4Z/ER+HegUxWrTQhMyqs4W7wD8hJdUb6uy7pA40s="},"lastRemoteEphemeralKey":"BSI9pKyt3yPW/9JwHq4AlX2OLmvAiPCT5NuGE6/CLpAB","previousCounter":0,"rootKey":"eQ2bIQJ0Htvx7KIS83PLgreK1waKQ9Hl9Arn3BW3BOc="},"indexInfo":{"baseKey":"BUkHW938xBCPygpTej564yxW2ZBu8PKA5for457ui2EP","baseKeyType":1,"closed":-1,"used":1737993015020,"created":1737993015020,"remoteIdentityKey":"BY4Bz1n6VWh+prIlepenyVrK7J+DckNIYwgP93xGJp8K"},"_chains":{"BSEiCONh4EKfMibW8NBswigxpgYNP+oamGhDvKkm9mQy":{"chainKey":{"counter":0,"key":"cL4UIZFgv0vAv7+lpQqOgRATgkVSmOhlvzS4Kg5m32U="},"chainType":1,"messageKeys":{}}},"pendingPreKey":{"signedKeyId":1,"baseKey":"BUkHW938xBCPygpTej564yxW2ZBu8PKA5for457ui2EP"}}},"version":"v1"}