{"_sessions":{"BRRsaPwdIaC5T/ux+jf4LGN/Y/oXHj7dsUpSUVe7i6Ig":{"registrationId":1872785970,"currentRatchet":{"ephemeralKeyPair":{"pubKey":"BW20QD0/DOUje0oMO7SC0aeUX+EbeGEBUdoWXG1jKpo3","privKey":"+OfM/1URjexlYbOUQ/1LCNCVvlDbNv9km3htHhpv+Vo="},"lastRemoteEphemeralKey":"BZfKWCNAlrJ5eOxpbcPO78VfO3hMR3DFtjMon+g6l5pk","previousCounter":0,"rootKey":"e5O5CYAaESlsCf5xrinDgSDebKYBg5PlHWB6QxNQG4I="},"indexInfo":{"baseKey":"BRRsaPwdIaC5T/ux+jf4LGN/Y/oXHj7dsUpSUVe7i6Ig","baseKeyType":1,"closed":-1,"used":1737993014952,"created":1737993014952,"remoteIdentityKey":"BRinZKZSMqhcp0lYhz08d1JOhaKuBCSq5tkohfIt2FxK"},"_chains":{"BW20QD0/DOUje0oMO7SC0aeUX+EbeGEBUdoWXG1jKpo3":{"chainKey":{"counter":0,"key":"vR3DyubDvdWNEMatimUh/sswTstDm2tvYNNHiMA+mDE="},"chainType":1,"messageKeys":{}}},"pendingPreKey":{"signedKeyId":1,"baseKey":"BRRsaPwdIaC5T/ux+jf4LGN/Y/oXHj7dsUpSUVe7i6Ig","preKeyId":4204689}}},"version":"v1"}