{"_sessions":{"BfzFbZ+sckIJOVQgVq8pHGNE6XG31JLfQ8y1Z7oEt8NO":{"registrationId":220195693,"currentRatchet":{"ephemeralKeyPair":{"pubKey":"BWdHz3DaloEb1OVpOxgcHAsHE7HMZjsuvWFwomU/Cy0A","privKey":"qAoE8WzjLH9Ft7HcqP9poTuyBdkfW//9IVbqy6XnDnw="},"lastRemoteEphemeralKey":"BcjA82E/mAzTg+gsnzdB8zgohg/xdm1zZf0qQkFYYaVK","previousCounter":0,"rootKey":"OArl4B1t7LLNRi8dHK8ZX37Bwk9IoHIs62kzQ2sBjdE="},"indexInfo":{"baseKey":"BfzFbZ+sckIJOVQgVq8pHGNE6XG31JLfQ8y1Z7oEt8NO","baseKeyType":1,"closed":-1,"used":1737993134879,"created":1737993134879,"remoteIdentityKey":"BdheAg8Zz9FWa84R0UTMsZ9hNjpSJHAqU7wtUqdiEF1c"},"_chains":{"BWdHz3DaloEb1OVpOxgcHAsHE7HMZjsuvWFwomU/Cy0A":{"chainKey":{"counter":1,"key":"gNGxbIzDoeY6jPDGIxpbzrqMLIFkzarN3ODYhRu8P3E="},"chainType":1,"messageKeys":{}}},"pendingPreKey":{"signedKeyId":20,"baseKey":"BfzFbZ+sckIJOVQgVq8pHGNE6XG31JLfQ8y1Z7oEt8NO","preKeyId":227559}}},"version":"v1"}