{"_sessions":{"BWmaTDvZrYidG0ZYcBuWrG+dbmrnXdpWYoEm8Cw+V2M5":{"registrationId":501592145,"currentRatchet":{"ephemeralKeyPair":{"pubKey":"BbmkuZdfbCl58c3/AcOMfmu85xIeRnYnP7NNtGwy8olh","privKey":"YKlzSXfZFHGhXtcXBVLjRKTxq6YRrzR9+6szW5Sso1o="},"lastRemoteEphemeralKey":"Bc8nIRsCIkafgftIB1UVUnmnqj+OVCXI8QUleKuOX0ot","previousCounter":0,"rootKey":"SFrP9XKu9poxjVPH/5D6DSju17smgtZ3ZMaWVm+Bw3w="},"indexInfo":{"baseKey":"BWmaTDvZrYidG0ZYcBuWrG+dbmrnXdpWYoEm8Cw+V2M5","baseKeyType":1,"closed":-1,"used":1737993015283,"created":1737993015283,"remoteIdentityKey":"BdMl6rSMB+nQU+4E+raVjfDF7+Zx0tPRca3kBFxnVLI+"},"_chains":{"BbmkuZdfbCl58c3/AcOMfmu85xIeRnYnP7NNtGwy8olh":{"chainKey":{"counter":0,"key":"PfdyD/nK8H7PK4Fr5r7Ctr1l6RZrt0Vf9ejcpKpwfNk="},"chainType":1,"messageKeys":{}}},"pendingPreKey":{"signedKeyId":1,"baseKey":"BWmaTDvZrYidG0ZYcBuWrG+dbmrnXdpWYoEm8Cw+V2M5","preKeyId":14424901}}},"version":"v1"}