{"_sessions":{"BUmivKZrWeZI/HOgxg6jbwDy/mWtMwzBvB/l2VgusjVh":{"registrationId":1886072902,"currentRatchet":{"ephemeralKeyPair":{"pubKey":"BXyZ4uZtLVMBGRkOipGJuubWg+UY0jRRT1VwU4oYKs5m","privKey":"YAoN7kKi1Q0UCsg4s0qr3FU+yLsHsZeeVZRft4s6yVA="},"lastRemoteEphemeralKey":"Bar+Mvti8rmjrzC/lOa2TtLIIdu4ELT5rLAbP+myFaZa","previousCounter":0,"rootKey":"6fcQmBd4kIgPiNPZOiU5nMwFiF1YqvkFbbEWVeIJP9U="},"indexInfo":{"baseKey":"BUmivKZrWeZI/HOgxg6jbwDy/mWtMwzBvB/l2VgusjVh","baseKeyType":2,"closed":-1,"used":1737996048553,"created":1737996048553,"remoteIdentityKey":"BU3bs+TShclPGZju7teUdcnekQP5tXC4aQvGavV6an81"},"_chains":{"Bar+Mvti8rmjrzC/lOa2TtLIIdu4ELT5rLAbP+myFaZa":{"chainKey":{"counter":1,"key":"leDglrHB/O1zbegFgEZ054qMdfddiT2hiAy+lcxJSxM="},"chainType":2,"messageKeys":{}},"BXyZ4uZtLVMBGRkOipGJuubWg+UY0jRRT1VwU4oYKs5m":{"chainKey":{"counter":-1,"key":"n0XggU9FTnVa/ahGWhOWb1S632MRRgJKoZw/cP9J5vk="},"chainType":1,"messageKeys":{}}}}},"version":"v1"}