{"_sessions":{"BbNVyLdiPTOzb5iS115nlFUeihFlpCfAFAIPlElnuc1d":{"registrationId":156464193,"currentRatchet":{"ephemeralKeyPair":{"pubKey":"BQ2S9bIRxqh9L7Eap9QlkvWqemrxtdPnOHXR9ho/c3ZH","privKey":"KApb28zbUn2fAne0FiGFc9G7iWbdHoEI9c99evjQ4UM="},"lastRemoteEphemeralKey":"BdkVP8cpC0kUfqtsCad5fOX3aGB3iXzTXtgeGNhzm6h7","previousCounter":0,"rootKey":"N7kIDcNYm7ZGEshkTfqKryscec0CP/vzX90SvYldQyw="},"indexInfo":{"baseKey":"BbNVyLdiPTOzb5iS115nlFUeihFlpCfAFAIPlElnuc1d","baseKeyType":1,"closed":-1,"used":1737992427904,"created":1737992427904,"remoteIdentityKey":"BTiBN/l2yYEmkPRvyKRhKY+JPeNW+m5RNdWUj/9Lr9Nc"},"_chains":{"BQ2S9bIRxqh9L7Eap9QlkvWqemrxtdPnOHXR9ho/c3ZH":{"chainKey":{"counter":4,"key":"PMM5gNDCvukQo7q0UgBoCZCkXlML2woFpnIiM1Mm/UU="},"chainType":1,"messageKeys":{}}},"pendingPreKey":{"signedKeyId":1,"baseKey":"BbNVyLdiPTOzb5iS115nlFUeihFlpCfAFAIPlElnuc1d","preKeyId":1014349}}},"version":"v1"}