{"_sessions":{"BY2Pmhn98jTwQ5UmQkiL8UmZfL7lnY1cnsjeyVCCc2Iy":{"registrationId":776741694,"currentRatchet":{"ephemeralKeyPair":{"pubKey":"BVYKJoqQsQT5cJHVB8aQl1IKGIC3ZZYUAvup4D44KEZj","privKey":"YPGtuHeNvqEWosr+zjMYYcSfmVeLAvVN1mE0ULSCi0U="},"lastRemoteEphemeralKey":"Bc/9rHfnPQZXdxPuF4P9dCVZhI2uhfSIPh7ocacKGPI9","previousCounter":0,"rootKey":"eB3Kx0AdOfN4XpBAk7BFNaN1FoqobjLQYkscVP7suK4="},"indexInfo":{"baseKey":"BY2Pmhn98jTwQ5UmQkiL8UmZfL7lnY1cnsjeyVCCc2Iy","baseKeyType":1,"closed":-1,"used":1737993134991,"created":1737993134991,"remoteIdentityKey":"Bd2JTR0h8wKQG7onvUi2DCI78Ni+x+upZ8hvvzTLzO8z"},"_chains":{"BVYKJoqQsQT5cJHVB8aQl1IKGIC3ZZYUAvup4D44KEZj":{"chainKey":{"counter":1,"key":"nH/OkyTBHM3Olj1KaaWMMTRCRGEHiNkku3IU3CS6HgM="},"chainType":1,"messageKeys":{}}},"pendingPreKey":{"signedKeyId":2,"baseKey":"BY2Pmhn98jTwQ5UmQkiL8UmZfL7lnY1cnsjeyVCCc2Iy","preKeyId":15076237}}},"version":"v1"}