{"_sessions":{"BYfXAKY8dwMBotpblPRgIuDZvXuH+3mT/Lt6USKoEwUu":{"registrationId":1744860055,"currentRatchet":{"ephemeralKeyPair":{"pubKey":"BR/y9mGUmyag9rG2zjCdh8wGDVoXowWRQbMXEaJR+OAC","privKey":"WE23wAaNJWUcyNyJxxBPPTyCZZXfFQABjqOntripoVs="},"lastRemoteEphemeralKey":"BVZOW1/0lYgk4AsC7XUaVl+3KMxot3+/SMUaEcvuUHtK","previousCounter":0,"rootKey":"D3rEeoh1fX7/lVGxvP67/JHGzVcJN6amFqQJDcShKP4="},"indexInfo":{"baseKey":"BYfXAKY8dwMBotpblPRgIuDZvXuH+3mT/Lt6USKoEwUu","baseKeyType":1,"closed":-1,"used":1737993014884,"created":1737993014884,"remoteIdentityKey":"BeUqhTAgqpESXMz5kI6o3hA+L2DOZOfMqOe78Ymeq2gC"},"_chains":{"BR/y9mGUmyag9rG2zjCdh8wGDVoXowWRQbMXEaJR+OAC":{"chainKey":{"counter":0,"key":"UOMX1qIlvOnwHA5f2SLSXEyVf3lAqlCO/BK8VJtRm+4="},"chainType":1,"messageKeys":{}}},"pendingPreKey":{"signedKeyId":5,"baseKey":"BYfXAKY8dwMBotpblPRgIuDZvXuH+3mT/Lt6USKoEwUu","preKeyId":7494472}}},"version":"v1"}