{"_sessions":{"Bfbn+brGOVQcDbe0V+SRGJ20om/kQs/TSRvRGgZIZVl9":{"registrationId":13653515,"currentRatchet":{"ephemeralKeyPair":{"pubKey":"BeA+wz4u+5nC5bkcSYXkmyv2tiubrUnBrcUlJ5zFjrhl","privKey":"mPzfzbDUkDCk5nf/CrrEQ9rxYjU25iAT8ECYyvCMxGQ="},"lastRemoteEphemeralKey":"BZJLZgc3Vc+C7wduOMYNRfnPMIw2CxZ1e1AxPrFgWVUG","previousCounter":0,"rootKey":"tkXaEY+z9sC8xbSQ7F0kD0gRuIy4pS+yBS35+/SFDrw="},"indexInfo":{"baseKey":"Bfbn+brGOVQcDbe0V+SRGJ20om/kQs/TSRvRGgZIZVl9","baseKeyType":1,"closed":-1,"used":1737993538419,"created":1737993538419,"remoteIdentityKey":"Bc1FTbXIrRjIfc4XuqDKshk82kd6St9cFJ5YH12f5ZhP"},"_chains":{"BeA+wz4u+5nC5bkcSYXkmyv2tiubrUnBrcUlJ5zFjrhl":{"chainKey":{"counter":0,"key":"ikLVXqXuq0nsyA0y2vNE+ukOPux90TWoysL0qqRhRKw="},"chainType":1,"messageKeys":{}}},"pendingPreKey":{"signedKeyId":7,"baseKey":"Bfbn+brGOVQcDbe0V+SRGJ20om/kQs/TSRvRGgZIZVl9","preKeyId":1854645}}},"version":"v1"}