{"_sessions":{"Bd5C7TRZPCbo/iFfH1t4vugZL+oG4bqeWDy7wB1ZMaMQ":{"registrationId":995099473,"currentRatchet":{"ephemeralKeyPair":{"pubKey":"BUAjnfaiJZUxZ5+UdmFl1t3RZDszLif9kDWq/pB9Yz1T","privKey":"WLZkTZ+qnlyZlsc+dZGr+UmUGUVJi0sVcVGHAGh6NlY="},"lastRemoteEphemeralKey":"BYWT9EIAeJHVNyyvZAwXuishxO8LjeoLPAkyjGx0rbQm","previousCounter":0,"rootKey":"//xsNsow1u88TCKAcizyjtLSQED97uCleFa8uvHSsbI="},"indexInfo":{"baseKey":"Bd5C7TRZPCbo/iFfH1t4vugZL+oG4bqeWDy7wB1ZMaMQ","baseKeyType":1,"closed":-1,"used":1737994371037,"created":1737994371037,"remoteIdentityKey":"BVNJ6kDSxXGJMaNu4oPatk1cJquPHCPqEi6wu/iBeyIn"},"_chains":{"BUAjnfaiJZUxZ5+UdmFl1t3RZDszLif9kDWq/pB9Yz1T":{"chainKey":{"counter":0,"key":"GZf63CVcNgwuIw1er5zu4lNeIhEsYpEuMaMFFwyrd/E="},"chainType":1,"messageKeys":{}}},"pendingPreKey":{"signedKeyId":0,"baseKey":"Bd5C7TRZPCbo/iFfH1t4vugZL+oG4bqeWDy7wB1ZMaMQ","preKeyId":5301082}}},"version":"v1"}