{"_sessions":{"BVG1DXOJPCp+deAFmB8N0vlzp0sclYjV4uAm760D6mYJ":{"registrationId":595373453,"currentRatchet":{"ephemeralKeyPair":{"pubKey":"BV+Mf3BOh2K+SU58+XAxJjGWF5Hj5U9q/8jD3HEU7S4t","privKey":"INDdfgyROJIeXfUdEvEaej5QlI3+QqADnUGD2kSWMlc="},"lastRemoteEphemeralKey":"Bc1jWFDH7tih43yjj0Xl+F+aOx3elCYpggO4GRZzzNcp","previousCounter":0,"rootKey":"ptU2QG1mBGHawIC1qdqlQH9NmFbC0wwL/OfLkinr/JE="},"indexInfo":{"baseKey":"BVG1DXOJPCp+deAFmB8N0vlzp0sclYjV4uAm760D6mYJ","baseKeyType":2,"closed":-1,"used":1737992968277,"created":1737992968277,"remoteIdentityKey":"BSdGFnb1sHubdTFanMtVFplQx+4fwqn1BmpTxxK91A4O"},"_chains":{"Bc1jWFDH7tih43yjj0Xl+F+aOx3elCYpggO4GRZzzNcp":{"chainKey":{"counter":0,"key":"vJoLOXOpoZCGm/KnfnDcMcrBwKElM4HfS7TPTlw8J84="},"chainType":2,"messageKeys":{}},"BV+Mf3BOh2K+SU58+XAxJjGWF5Hj5U9q/8jD3HEU7S4t":{"chainKey":{"counter":0,"key":"v6lG6gZcHuEzOjzjlUfKK9yzOuVHuc+6tRO1l1Fziq4="},"chainType":1,"messageKeys":{}}}}},"version":"v1"}