{"_sessions":{"BRYX2Tn1SKqWFiFMbM9Pbe+O3lFUNVLM8N6yugCfPqpO":{"registrationId":1559187665,"currentRatchet":{"ephemeralKeyPair":{"pubKey":"Bc3DAjxR8no2/l5TRtV1NEJ+BWi4xia2ZUGlgvxQxpQ2","privKey":"WJwLlRkgLnX081kr5blfXlKqx8miCjaOdpN/wajb1FU="},"lastRemoteEphemeralKey":"BfH7seS8g1mpq/ZwVrHLYMoX8BPAJe9x5BX9Bj7hiBFq","previousCounter":0,"rootKey":"Z5fxEm/H8gTYCJ4/mBby6+cfkPOvnB94q/K4vZ0heF0="},"indexInfo":{"baseKey":"BRYX2Tn1SKqWFiFMbM9Pbe+O3lFUNVLM8N6yugCfPqpO","baseKeyType":1,"closed":-1,"used":1737993538342,"created":1737993538342,"remoteIdentityKey":"BcDRssORtR1VbkH3GQowHEcYQlZPg/mEo5zRclQSO9sc"},"_chains":{"Bc3DAjxR8no2/l5TRtV1NEJ+BWi4xia2ZUGlgvxQxpQ2":{"chainKey":{"counter":0,"key":"CFRokFPPpFSfuRGwM/jTzFHyuo4Qd4ufc7Ue1pZj/TY="},"chainType":1,"messageKeys":{}}},"pendingPreKey":{"signedKeyId":1,"baseKey":"BRYX2Tn1SKqWFiFMbM9Pbe+O3lFUNVLM8N6yugCfPqpO","preKeyId":1352}}},"version":"v1"}