{"_sessions":{"BfYzPlopf/S5irMRv5ARGaMaYmYQgQfhqlDRgv4y/gZf":{"registrationId":351072956,"currentRatchet":{"ephemeralKeyPair":{"pubKey":"BcKH9X7HaVgPFP8Lym1xL7dSN6mDtaH4rP0Yf3nZYIti","privKey":"mJodE8vI9FbqMUpdHdam9O75+W2DMfZ6/60CBUBdPXQ="},"lastRemoteEphemeralKey":"BS0HjvscjuXZ+4Z67H3VWvbB802+NV5dLK5yABTu8iYh","previousCounter":0,"rootKey":"4KvC2JFVEIDtY5gbDE7aacS1GyMdwutYsgAvpABysD0="},"indexInfo":{"baseKey":"BfYzPlopf/S5irMRv5ARGaMaYmYQgQfhqlDRgv4y/gZf","baseKeyType":1,"closed":-1,"used":1737993014736,"created":1737993014736,"remoteIdentityKey":"BdloQALkPTrmwpVAn90A1Pq13SuQ5ebfoN+beNE2ik9P"},"_chains":{"BcKH9X7HaVgPFP8Lym1xL7dSN6mDtaH4rP0Yf3nZYIti":{"chainKey":{"counter":0,"key":"WtMFXD7+gCADCvbQ8RNT56FDAXMsneN4w3scMpo5Lfo="},"chainType":1,"messageKeys":{}}},"pendingPreKey":{"signedKeyId":0,"baseKey":"BfYzPlopf/S5irMRv5ARGaMaYmYQgQfhqlDRgv4y/gZf","preKeyId":14627021}}},"version":"v1"}