{"_sessions":{"BdVQWq494+49MJYRIswnjo2j5YA8lf9Bnd4YBgtrpL4J":{"registrationId":36,"currentRatchet":{"ephemeralKeyPair":{"pubKey":"BRK7EB4glcYIdtwl1wa9vIp2Mik8zeyWR2OYsCMwJ+Il","privKey":"uJw+4OLZoT3zcx9yZ/uB9qK/LPd0j7Rm7FOXJNtca2E="},"lastRemoteEphemeralKey":"BeBIvHj84UlJ6RbCg7Icj8+kt30H9O86M/7hX2mw3iJJ","previousCounter":0,"rootKey":"1JF6f0gvH4DevZTyrTyn6XFqRtNbk/nB0eR7AuAgyWg="},"indexInfo":{"baseKey":"BdVQWq494+49MJYRIswnjo2j5YA8lf9Bnd4YBgtrpL4J","baseKeyType":1,"closed":-1,"used":1737993014310,"created":1737993014310,"remoteIdentityKey":"BcrXjhutCIkiHxMiCCWca5AiDeqX8VzLuatymURH2pV4"},"_chains":{"BRK7EB4glcYIdtwl1wa9vIp2Mik8zeyWR2OYsCMwJ+Il":{"chainKey":{"counter":0,"key":"CynNNS0gLlgPfoTbI/z1z+qSScF7evSoeMpeVxpBmvI="},"chainType":1,"messageKeys":{}}},"pendingPreKey":{"signedKeyId":1,"baseKey":"BdVQWq494+49MJYRIswnjo2j5YA8lf9Bnd4YBgtrpL4J"}}},"version":"v1"}