{"_sessions":{"BXDudLPh/pMd9314EtkmnzOBcKN0nVPIYdh5kewHEGRP":{"registrationId":247427115,"currentRatchet":{"ephemeralKeyPair":{"pubKey":"BeFkGLW/ydvHgtYp8hEFbTYm+1Bp07kpiDMaOSzDb7wa","privKey":"kAaNKie4lDQF+tKjA2wt/cqTx2OmnAj9CTAd35v7RF4="},"lastRemoteEphemeralKey":"BTxtMqZg08dzDFyynYs6CyA0Aki0pQ6Fb4y0wKO6X2ZO","previousCounter":0,"rootKey":"S9gmEdIO0hgVZri+5otM/mdB4PS0x2tJk9eO8qYMQU4="},"indexInfo":{"baseKey":"BXDudLPh/pMd9314EtkmnzOBcKN0nVPIYdh5kewHEGRP","baseKeyType":1,"closed":-1,"used":1737993538458,"created":1737993538458,"remoteIdentityKey":"BWCLd1VIbMhMwQlVT280Y3+mV9ARCFAVoKLUF0D4db58"},"_chains":{"BeFkGLW/ydvHgtYp8hEFbTYm+1Bp07kpiDMaOSzDb7wa":{"chainKey":{"counter":0,"key":"/5hHGCabY/Uzq73YDVFK/kkxcSJEMJS2jVGPLVybexI="},"chainType":1,"messageKeys":{}}},"pendingPreKey":{"signedKeyId":6,"baseKey":"BXDudLPh/pMd9314EtkmnzOBcKN0nVPIYdh5kewHEGRP","preKeyId":16581106}}},"version":"v1"}