{"_sessions":{"BYNK0VDq5YrSAlbl+pqh+LPM0xY2x9E090JtpvgaaHwq":{"registrationId":1644080908,"currentRatchet":{"ephemeralKeyPair":{"pubKey":"BV4OV1Kh43MuMT7LpL5MXYeNzo9oWjDVQjqfj8HHemhX","privKey":"aKRxfIshL9WrUoGelNc355oDTw0HSIi/PzUQIgjjdlY="},"lastRemoteEphemeralKey":"BRIbUWL6DjLacBrZdRaTaZCMJOhqlvnZr2iRneRF5tUY","previousCounter":0,"rootKey":"tO1WkWLk7Q6tpqmdl5Dt2On9IqJW3kJzcdN40JSLcqI="},"indexInfo":{"baseKey":"BYNK0VDq5YrSAlbl+pqh+LPM0xY2x9E090JtpvgaaHwq","baseKeyType":1,"closed":-1,"used":1737994371010,"created":1737994371010,"remoteIdentityKey":"Bd8t7nhOs3Qsv0eIFNj9znybYg5t9gIvFkVhjijR8BwS"},"_chains":{"BV4OV1Kh43MuMT7LpL5MXYeNzo9oWjDVQjqfj8HHemhX":{"chainKey":{"counter":0,"key":"CBgneM7pBDLn0ASCIFmur1ifmjKHilTrtLUqyRSPVNo="},"chainType":1,"messageKeys":{}}},"pendingPreKey":{"signedKeyId":16,"baseKey":"BYNK0VDq5YrSAlbl+pqh+LPM0xY2x9E090JtpvgaaHwq","preKeyId":2650569}}},"version":"v1"}