{"_sessions":{"BT3LkVDtMth5PtRwCLX5tZUcN24SF+BFG+T24rSq1OML":{"registrationId":590805079,"currentRatchet":{"ephemeralKeyPair":{"pubKey":"BUNQDjUaTVWD8lk2SWry8NL4rfWBAZJCRjJeWXD33I01","privKey":"MADkQXKzz3DqZ0mG6BpKYvV4EGnz+Q1X8qAdyeP4o0M="},"lastRemoteEphemeralKey":"BXtRuD6yc+sf00w01CQaZi7qv7jKy6QkD5jRnO2zb54W","previousCounter":0,"rootKey":"EdFES8DaS+A37qOqDrp/oC8fGnd5i3jQ7qcn9BUO/eA="},"indexInfo":{"baseKey":"BT3LkVDtMth5PtRwCLX5tZUcN24SF+BFG+T24rSq1OML","baseKeyType":1,"closed":-1,"used":1737994371188,"created":1737994371188,"remoteIdentityKey":"BVNVddg7Lyj9P3fv/9h+Kis8fNpOSG9yyA2K1xkWf1tX"},"_chains":{"BUNQDjUaTVWD8lk2SWry8NL4rfWBAZJCRjJeWXD33I01":{"chainKey":{"counter":0,"key":"/R/0+nC8d/fqGrWwnBWtdHaL/aQjAp5nqwLdDconujo="},"chainType":1,"messageKeys":{}}},"pendingPreKey":{"signedKeyId":12,"baseKey":"BT3LkVDtMth5PtRwCLX5tZUcN24SF+BFG+T24rSq1OML","preKeyId":16123443}}},"version":"v1"}