{"_sessions":{"BRiV/cKUt9RdPXtG2SU4iJMye7yyqQ3I45GrBfluOM5x":{"registrationId":1362730840,"currentRatchet":{"ephemeralKeyPair":{"pubKey":"BVMqX3/yNsDcyJ5WEgdeSTQKCNgvUvmcBc1NdfxRiX8e","privKey":"KH971D9ythsu45eNLaUWMYDTt7q7ZjZGYVHOcrUIqmg="},"lastRemoteEphemeralKey":"BShiLoq3bIW1Fl9jRGc1xP5NaXAcH/bLipV3kqxqqsJ6","previousCounter":0,"rootKey":"F8oN4sLF7/yeclY/EKGNZxKxrtvFpCLOZ+Fr2UlzDb8="},"indexInfo":{"baseKey":"BRiV/cKUt9RdPXtG2SU4iJMye7yyqQ3I45GrBfluOM5x","baseKeyType":1,"closed":-1,"used":1737993015050,"created":1737993015050,"remoteIdentityKey":"BWLdk8xS4/EWsguZKlrgGMAfm9LkLVoJ4zqkxAd4wItS"},"_chains":{"BVMqX3/yNsDcyJ5WEgdeSTQKCNgvUvmcBc1NdfxRiX8e":{"chainKey":{"counter":0,"key":"+BEjSWVXDgG4O+VGcaUL+nH8hnE+C5kvsMpJqk2s45k="},"chainType":1,"messageKeys":{}}},"pendingPreKey":{"signedKeyId":1,"baseKey":"BRiV/cKUt9RdPXtG2SU4iJMye7yyqQ3I45GrBfluOM5x","preKeyId":15136968}}},"version":"v1"}