{"_sessions":{"BQZniwXawTeppRD6V4zxyI7T326lt7gkztmQiNjJ4mY4":{"registrationId":403067817,"currentRatchet":{"ephemeralKeyPair":{"pubKey":"BdWBJsLm8m9AYPqKKw6XcCbLuO8/J8uOQOz8JloM/VUq","privKey":"OKXjMzKoavNWn/sF7OhnkhA8tjnR27TdkhHWAIbEMl4="},"lastRemoteEphemeralKey":"BZazHxeW6Q9S7JTpNatSeCTK2JUf0778W9Y+bpGypgtD","previousCounter":0,"rootKey":"YbpXWy6sdjTnE5E7cSDhWypTov3nZi1RRlgSVHaNS7U="},"indexInfo":{"baseKey":"BQZniwXawTeppRD6V4zxyI7T326lt7gkztmQiNjJ4mY4","baseKeyType":1,"closed":-1,"used":1737993014708,"created":1737993014708,"remoteIdentityKey":"BZIVd6NiPj1IWuTaSycyANO5yjlxbtae0YaSYYvpMSlF"},"_chains":{"BdWBJsLm8m9AYPqKKw6XcCbLuO8/J8uOQOz8JloM/VUq":{"chainKey":{"counter":0,"key":"wk83F1uLQF7voIUMPlm51+I6K0c6QI88Kz3CJ9XsWHM="},"chainType":1,"messageKeys":{}}},"pendingPreKey":{"signedKeyId":1,"baseKey":"BQZniwXawTeppRD6V4zxyI7T326lt7gkztmQiNjJ4mY4","preKeyId":7883014}}},"version":"v1"}