{"_sessions":{"BciOGvgAkd5f9pnm5mXhJUVeJdCcXWVekf2vFJn+/+cM":{"registrationId":404467910,"currentRatchet":{"ephemeralKeyPair":{"pubKey":"BfM5H8d/JFH7m5A1O08vrQoPrtmlxWhKnnq2kOzJAsoa","privKey":"2BIBS6M/LSwVD+YFi11WCRhRr7sVqfO9GWGdifm7tW0="},"lastRemoteEphemeralKey":"BXpg2ar0SBUgZg/fwW4k95TMV5hH2Ob0CQOnolCXEk5U","previousCounter":0,"rootKey":"fB4IZ8dUxlX1mboL1Muey6nQK3w4EhuxBpw6GJ6054o="},"indexInfo":{"baseKey":"BciOGvgAkd5f9pnm5mXhJUVeJdCcXWVekf2vFJn+/+cM","baseKeyType":1,"closed":-1,"used":1737993014740,"created":1737993014740,"remoteIdentityKey":"BX/L/ZH67QYgg3CowYGaQQv8OZKCIQD5BrQDItbwyKVt"},"_chains":{"BfM5H8d/JFH7m5A1O08vrQoPrtmlxWhKnnq2kOzJAsoa":{"chainKey":{"counter":0,"key":"sC3oAwY8LI9ESVD7Gf2p2Oh+9DqXqJyv2GbrASVgQjE="},"chainType":1,"messageKeys":{}}},"pendingPreKey":{"signedKeyId":11002929,"baseKey":"BciOGvgAkd5f9pnm5mXhJUVeJdCcXWVekf2vFJn+/+cM","preKeyId":6869}}},"version":"v1"}