{"_sessions":{"BSaqLtMOXDTLEG+UltOw+hFopJitMiF3Hq+ErOX1PkJv":{"registrationId":1856297841,"currentRatchet":{"ephemeralKeyPair":{"pubKey":"Bf1vsXrRTc7wU34sIHs3SPR/6XWe+rLr9LXItO0gR6Uf","privKey":"gL2tFl86lG8ipJMt6encqVr+6+nvrb0AL2bE/MdyqXg="},"lastRemoteEphemeralKey":"BWEZK0LPjOhD9MMst7rceM9ltRiIu/M7CalTG2OD7shH","previousCounter":0,"rootKey":"dzplkhJywxhGRDqwqsKk4aJInFYY+2gHkytTrrfBEF4="},"indexInfo":{"baseKey":"BSaqLtMOXDTLEG+UltOw+hFopJitMiF3Hq+ErOX1PkJv","baseKeyType":2,"closed":-1,"used":1737994257848,"created":1737994257848,"remoteIdentityKey":"BdXAAh87HH0oFfgTQIMEpwdcKA4Vj7D97wVRim8t+LhD"},"_chains":{"BWEZK0LPjOhD9MMst7rceM9ltRiIu/M7CalTG2OD7shH":{"chainKey":{"counter":0,"key":"0htv8Y4t55Lc2cZ9r3G1q0OCLLzl7ywxToSu1aM91Zk="},"chainType":2,"messageKeys":{}},"Bf1vsXrRTc7wU34sIHs3SPR/6XWe+rLr9LXItO0gR6Uf":{"chainKey":{"counter":-1,"key":"ARGTF8s8JWw5fZkR0oAgCtiQ3gDzPVXHUJgZ8u9g+8M="},"chainType":1,"messageKeys":{}}}}},"version":"v1"}