{"_sessions":{"BRcRWXKE03yHQSWvPvCM9RirjKEt4HTlq29xgw1MZBd2":{"registrationId":192507912,"currentRatchet":{"ephemeralKeyPair":{"pubKey":"BVWTcg0cdAMrxPW8XR48RuEa7jWrS3eHFmlUZML00CIA","privKey":"GEKIVsJGQmIOUKIU2bmxZYQMuH1eqdy3YOu/yP9PvHg="},"lastRemoteEphemeralKey":"BaWdeF1FihL/qRgSWTfIzxtWzcNLBs8BHCyJplM9wkRr","previousCounter":0,"rootKey":"rfuXn1leuJxPAqqE193dXgkA0rOhd9PpJmed9UCtbCU="},"indexInfo":{"baseKey":"BRcRWXKE03yHQSWvPvCM9RirjKEt4HTlq29xgw1MZBd2","baseKeyType":1,"closed":-1,"used":1737993538363,"created":1737993538363,"remoteIdentityKey":"BQ6lTTW1k2tDA0LAHXB4eK7IRmLZ2PFsXcI8HragZ4hC"},"_chains":{"BVWTcg0cdAMrxPW8XR48RuEa7jWrS3eHFmlUZML00CIA":{"chainKey":{"counter":0,"key":"RuiFdpStA+YuHHVzz7BnK339cclFgxR0WP23Nm7fe/g="},"chainType":1,"messageKeys":{}}},"pendingPreKey":{"signedKeyId":0,"baseKey":"BRcRWXKE03yHQSWvPvCM9RirjKEt4HTlq29xgw1MZBd2","preKeyId":7059421}}},"version":"v1"}