{"_sessions":{"BV8d9uLAqD2ZVjF8wk8WfPOwHs15wK5qbCKmdjThyqMa":{"registrationId":875480133,"currentRatchet":{"ephemeralKeyPair":{"pubKey":"BY3/mjMJDxHZCqO7kB2pJf6aULBnn8E7yqv83pPVrGJG","privKey":"QF1uVdFl3aDs8BYrYj898ZgjXMoyyjEZEWg2uQr7Omg="},"lastRemoteEphemeralKey":"BXPVu4eAmI4NGXlSQayXa+WXBjlN3cI5/zM54La+hmZM","previousCounter":0,"rootKey":"kUWKrDQOLbi3oc7GmVi/rqdiYCmTAq2C2FnfIYw/Qz0="},"indexInfo":{"baseKey":"BV8d9uLAqD2ZVjF8wk8WfPOwHs15wK5qbCKmdjThyqMa","baseKeyType":1,"closed":-1,"used":1737993014524,"created":1737993014524,"remoteIdentityKey":"BfkjtRa1L2o+vuOepLcR7EGb96ovKuZJV0l7fAzj/2QB"},"_chains":{"BY3/mjMJDxHZCqO7kB2pJf6aULBnn8E7yqv83pPVrGJG":{"chainKey":{"counter":0,"key":"hjmJvHRL95AKE5eCcGa9+Qmk9NP5X0wWy3YBUBbC29Y="},"chainType":1,"messageKeys":{}}},"pendingPreKey":{"signedKeyId":3,"baseKey":"BV8d9uLAqD2ZVjF8wk8WfPOwHs15wK5qbCKmdjThyqMa","preKeyId":561768}}},"version":"v1"}