{"_sessions":{"BSrlbBdBdnYFn0dtIev39JUaiR3DTFwMml1qn8AbOZBc":{"registrationId":1641574777,"currentRatchet":{"ephemeralKeyPair":{"pubKey":"BcpvClE/nF/Ke9kHvPJSoykR3F2EYfNj7fJpu8wFpLt7","privKey":"QK6BDjLVSzGP56+d8z+fCji++zEXeKmY9wKUWrN+e1c="},"lastRemoteEphemeralKey":"BUAZ0iWCs2zYC4pK5F68nlX/sQWkwSTezMgdwEIgEaIF","previousCounter":0,"rootKey":"eKUeAiD+BtzcQIewDk5LeMY/mQSIKgCFyBdEs6IXS4w="},"indexInfo":{"baseKey":"BSrlbBdBdnYFn0dtIev39JUaiR3DTFwMml1qn8AbOZBc","baseKeyType":1,"closed":-1,"used":1737993014400,"created":1737993014400,"remoteIdentityKey":"BUkbvlJmVbttLEVaGcfbxXq1UJJlM99z0X74K4XC53xK"},"_chains":{"BcpvClE/nF/Ke9kHvPJSoykR3F2EYfNj7fJpu8wFpLt7":{"chainKey":{"counter":0,"key":"ZeZvqVBxgBEoolYTf1xlfVHnjbrZvfhKL7IqrAJxh4I="},"chainType":1,"messageKeys":{}}},"pendingPreKey":{"signedKeyId":30,"baseKey":"BSrlbBdBdnYFn0dtIev39JUaiR3DTFwMml1qn8AbOZBc","preKeyId":617827}}},"version":"v1"}