{"_sessions":{"BQf+E174yZKpve74tMDBsCY0FhXXHfv+lZxyzARyQDMN":{"registrationId":1732509724,"currentRatchet":{"ephemeralKeyPair":{"pubKey":"Bdp/sSF95vXQbCIhkDnfq3XuzWim8TjHGIsVbZ+oW0Nd","privKey":"WNvodsWq+F0VVL438qTdFOn9aP7S2L/9hS5yzvoSrGo="},"lastRemoteEphemeralKey":"BTfFeqH/oIGqBQxQPzP5jqNwsF+m+qUoi++YDbpcy4dj","previousCounter":0,"rootKey":"+SwVUpGozma2kIqlC+u9UIt09akjz+krSCeBnwY+JBg="},"indexInfo":{"baseKey":"BQf+E174yZKpve74tMDBsCY0FhXXHfv+lZxyzARyQDMN","baseKeyType":1,"closed":-1,"used":1737993014770,"created":1737993014770,"remoteIdentityKey":"BdaY7swd49akxJiC+rNgvLoVyH6zVXTGPJfDPFoOJt8s"},"_chains":{"Bdp/sSF95vXQbCIhkDnfq3XuzWim8TjHGIsVbZ+oW0Nd":{"chainKey":{"counter":0,"key":"Bo9W/dOqicRyKMAv5WIPZ0HcaseJEeq1COzbmMsmBk0="},"chainType":1,"messageKeys":{}}},"pendingPreKey":{"signedKeyId":1,"baseKey":"BQf+E174yZKpve74tMDBsCY0FhXXHfv+lZxyzARyQDMN"}}},"version":"v1"}