{"_sessions":{"BTK/zh09uL4kA0wBYahEwd/tA/TVISnBP191tTptPb1G":{"registrationId":1604173482,"currentRatchet":{"ephemeralKeyPair":{"pubKey":"BTUPQLppR6GPIgnF5wL26EPRICkpSq/1HDAZA2eZKooG","privKey":"cI1S3+b4wG1E5AgCDcr2U4bXot+0se1KM1ZQOiCaS1g="},"lastRemoteEphemeralKey":"Bd2DPIAhHspPCoAg9c5BwlgnCRhe6HQXa+UAZIbG/c1E","previousCounter":0,"rootKey":"YNOJFm207PvUQ3wqpiYEZSSo8W6A0zk+ut3AARw74os="},"indexInfo":{"baseKey":"BTK/zh09uL4kA0wBYahEwd/tA/TVISnBP191tTptPb1G","baseKeyType":1,"closed":-1,"used":1737993014331,"created":1737993014331,"remoteIdentityKey":"BcUj2WEhCuR9DQ0LEGsqF55f8pnnV5TM+iD+IJFavFBK"},"_chains":{"BTUPQLppR6GPIgnF5wL26EPRICkpSq/1HDAZA2eZKooG":{"chainKey":{"counter":0,"key":"YiBiBgZJ1ucFeDrgklzT5ZBkUr0RWU6033A+RghXzDs="},"chainType":1,"messageKeys":{}}},"pendingPreKey":{"signedKeyId":0,"baseKey":"BTK/zh09uL4kA0wBYahEwd/tA/TVISnBP191tTptPb1G","preKeyId":14591683}}},"version":"v1"}