{"_sessions":{"BclSqulSqTls3ez5kGAxbHrbtQ+tnnnUEURL1SrUVz0a":{"registrationId":287399836,"currentRatchet":{"ephemeralKeyPair":{"pubKey":"BXrK5/fqxV67NQmE/iDHOKXypRMZ3yichNjGSF7pydsB","privKey":"QJX9BD5weNTSrobALWrbNSC+HSPiCmnoWBa7lq53V1g="},"lastRemoteEphemeralKey":"BQQprqtukJSwn7RcKAyMSX8HtCRIqRwMbu5oLISu00sk","previousCounter":0,"rootKey":"PRpc2C9GyhOKcM3WL7CaC8WC3Gq8UErqa9LmitmrsaI="},"indexInfo":{"baseKey":"BclSqulSqTls3ez5kGAxbHrbtQ+tnnnUEURL1SrUVz0a","baseKeyType":1,"closed":-1,"used":1737994370916,"created":1737994370916,"remoteIdentityKey":"BZA0/CGodw1OqETZbc7WQpTc2EzLXkFWl4Qwmaa3APAm"},"_chains":{"BXrK5/fqxV67NQmE/iDHOKXypRMZ3yichNjGSF7pydsB":{"chainKey":{"counter":0,"key":"8+7ihy2ZzCiAZLVAv7TChT9p9W79oobxz3d5VojsigY="},"chainType":1,"messageKeys":{}}},"pendingPreKey":{"signedKeyId":1,"baseKey":"BclSqulSqTls3ez5kGAxbHrbtQ+tnnnUEURL1SrUVz0a","preKeyId":10240400}}},"version":"v1"}