{"_sessions":{"BZphqxHMEjV/tOGTmJdC2uOe8c/52OjtIDoRj1JbY0wO":{"registrationId":1451337156,"currentRatchet":{"ephemeralKeyPair":{"pubKey":"BUGTwIAI2myToZ+zBErp/MHcAJopJhQzMbFfd7ylNUdB","privKey":"eKEKUO7B2o5nlYbRBmTqZDNWFLmiHEvSfa4G4OcPPkU="},"lastRemoteEphemeralKey":"Bc9lCDd53C4Xr1Ezk1mbpiIHQ2Z93DCMBVbo34nkIE8X","previousCounter":0,"rootKey":"tZPGxZgjh7/ahvxCBcTrQIOBjEEXDC81eIOF0kRRiCI="},"indexInfo":{"baseKey":"BZphqxHMEjV/tOGTmJdC2uOe8c/52OjtIDoRj1JbY0wO","baseKeyType":1,"closed":-1,"used":1737993014485,"created":1737993014485,"remoteIdentityKey":"BY/SjZgFq/9XhqCiOYVBidNgMb3R8QY9bHcAxLhetE9f"},"_chains":{"BUGTwIAI2myToZ+zBErp/MHcAJopJhQzMbFfd7ylNUdB":{"chainKey":{"counter":0,"key":"93HYYUlDXzIIaqnF888vjLWhkoLDEdA8xVYHnhAW1xU="},"chainType":1,"messageKeys":{}}},"pendingPreKey":{"signedKeyId":1,"baseKey":"BZphqxHMEjV/tOGTmJdC2uOe8c/52OjtIDoRj1JbY0wO","preKeyId":10421733}}},"version":"v1"}