{"_sessions":{"BQTBUFn80eC3lD3Z9ReV290VZBJ8wqbA0Znikh+Xj99J":{"registrationId":1758901237,"currentRatchet":{"ephemeralKeyPair":{"pubKey":"BTMIexoMQEoIdiAyVrVRIpopi2/5eglUmYqxuONZtLt2","privKey":"GJw/fGFpGWgN8zl5XI48dcj4VwFoahyKzUITw0lb10Q="},"lastRemoteEphemeralKey":"BX8QDWOL2dv5ND5ZBytYs7Tpf5AX8/8Ff5bByQbqbuYK","previousCounter":0,"rootKey":"/rJzzF4jJb0WdtSaibkMqoRU9uuNiuephLYf7ZFWAR8="},"indexInfo":{"baseKey":"BQTBUFn80eC3lD3Z9ReV290VZBJ8wqbA0Znikh+Xj99J","baseKeyType":1,"closed":-1,"used":1737993015034,"created":1737993015034,"remoteIdentityKey":"BSZ+SXAVYF6GcevjXXJZxdsabn7Uf/oPYVLDbTgeVdx6"},"_chains":{"BTMIexoMQEoIdiAyVrVRIpopi2/5eglUmYqxuONZtLt2":{"chainKey":{"counter":0,"key":"4XrIMd8oIa6Ho3U9CD6y9q2ciFUqgj6r52UQxZr3Zz0="},"chainType":1,"messageKeys":{}}},"pendingPreKey":{"signedKeyId":3,"baseKey":"BQTBUFn80eC3lD3Z9ReV290VZBJ8wqbA0Znikh+Xj99J"}}},"version":"v1"}