{"_sessions":{"BVixMAN690mFwevorvQXYqg1xUlJtmePmh0cuCOwacE6":{"registrationId":1447252708,"currentRatchet":{"ephemeralKeyPair":{"pubKey":"BaphZbW/rjMnJJpMIokaCqQ6GadAIhFcefJN0fMJoFgd","privKey":"2PLcwg31QiL8wjxlYPcgdqPyXva+SjYm4cnmTcm91Ho="},"lastRemoteEphemeralKey":"BZ4jV+COZJug17WSqAPvatxmXJtaUoDdty51JgCupLJq","previousCounter":0,"rootKey":"9Hic511iMXm6u2R9+ymF117GO7EgSM0Z+UqlQFCAPzA="},"indexInfo":{"baseKey":"BVixMAN690mFwevorvQXYqg1xUlJtmePmh0cuCOwacE6","baseKeyType":1,"closed":-1,"used":1737992427899,"created":1737992427899,"remoteIdentityKey":"BWvkgaRQbvWDGAgq5w6y4vHBBuDeCmiLib8PGtdQTT8T"},"_chains":{"BaphZbW/rjMnJJpMIokaCqQ6GadAIhFcefJN0fMJoFgd":{"chainKey":{"counter":3,"key":"svpweiYfthkxL5d4nPkow1UI9siJQSPIEX8S7qB02bg="},"chainType":1,"messageKeys":{}}},"pendingPreKey":{"signedKeyId":1,"baseKey":"BVixMAN690mFwevorvQXYqg1xUlJtmePmh0cuCOwacE6","preKeyId":15736408}}},"version":"v1"}