{"_sessions":{"BdZ/jhNx7UWFsiMS6AuTzckeXAMr0/HgGQm9ASMKQ1oH":{"registrationId":1282887337,"currentRatchet":{"ephemeralKeyPair":{"pubKey":"BcdNAMT1K7xpLpUUwvWeOd2JjAIS1l53U6veqUitC/s6","privKey":"cA+WW4HUDudB0XFpzSWMcap7JUOylX94NH1A1yhcKnM="},"lastRemoteEphemeralKey":"Bd9+QzhbelgzYlCLnZayznhfk3pMWWHWW/mDaPpJoPVy","previousCounter":0,"rootKey":"VVhzn70g1rWXR8KWz8ZRkE9vXg955k4uFYtw6fFl3E4="},"indexInfo":{"baseKey":"BdZ/jhNx7UWFsiMS6AuTzckeXAMr0/HgGQm9ASMKQ1oH","baseKeyType":2,"closed":-1,"used":1737995006198,"created":1737993957782,"remoteIdentityKey":"BfGkw7jaHbophPAa72YZys7vspboNHVUsT+qhbtGg58t"},"_chains":{"BW6+oyEnFzmEmEJR9Y8TqJO/2gb2xhMjtJxJ6mJFlZQo":{"chainKey":{"counter":1},"chainType":2,"messageKeys":{}},"Bd9+QzhbelgzYlCLnZayznhfk3pMWWHWW/mDaPpJoPVy":{"chainKey":{"counter":4,"key":"dcFh/3rOGcLdGwyZjFAT5oaITsPtl/+ovuf1iw84T0o="},"chainType":2,"messageKeys":{}},"BcdNAMT1K7xpLpUUwvWeOd2JjAIS1l53U6veqUitC/s6":{"chainKey":{"counter":-1,"key":"i7wC7HUyn4VIzc32+5hOmSsfvYRyxeI1ObXCzDyc1A0="},"chainType":1,"messageKeys":{}}}}},"version":"v1"}