{"_sessions":{"BWBGugLyOC+0i8gx0UT03GAfGLHpQO2PfzDB/b5Oexsr":{"registrationId":281667252,"currentRatchet":{"ephemeralKeyPair":{"pubKey":"BS3m9ANLfgyMvrKt803uLL73WjuH+oglFphPpwwd0g8V","privKey":"oFbL03O8OLWgt+/q5+v8rv0mggVPu0UX18jXR1dQBGo="},"lastRemoteEphemeralKey":"BQTapLYP/gjO2vDZSw4xSiUs/Kk45lHT06AVdbsJKmEh","previousCounter":0,"rootKey":"CrNeiZ7oBP4Ue5/Lwj1oLNq+fxfgnjg50S/xWBZndCE="},"indexInfo":{"baseKey":"BWBGugLyOC+0i8gx0UT03GAfGLHpQO2PfzDB/b5Oexsr","baseKeyType":1,"closed":-1,"used":1737994963029,"created":1737994963029,"remoteIdentityKey":"Bfa+RqNepMsWfrSDdE7vHHRJtO5sr0A9xMFm628QAGEQ"},"_chains":{"BS3m9ANLfgyMvrKt803uLL73WjuH+oglFphPpwwd0g8V":{"chainKey":{"counter":0,"key":"C5pbvQ38zwhEAr5epxjgBU5zXS1jcUYtpzYqkqBzASw="},"chainType":1,"messageKeys":{}}},"pendingPreKey":{"signedKeyId":11,"baseKey":"BWBGugLyOC+0i8gx0UT03GAfGLHpQO2PfzDB/b5Oexsr","preKeyId":9472524}}},"version":"v1"}