{"_sessions":{"BUMsZoD3N0/77v1DdnEQ76pHeKfpG130bCzfUgbTU2FN":{"registrationId":1175399692,"currentRatchet":{"ephemeralKeyPair":{"pubKey":"BfJJVcAXa4ZolXEr3mpJFtXhTS3gfQHWkRso8fy2R7x8","privKey":"MFGNzNM/+H0j6dyWZBBgzTIsltKq7a10qPu4gvwmtUE="},"lastRemoteEphemeralKey":"BYjl658j9hP3ETf0GhoCEPP2C/s7eQMAC3zwYtaf1QNS","previousCounter":0,"rootKey":"Tc6tU2Ok8aYTYtILlKfK7cDIyJa5Vc1p3PN1aUIShR4="},"indexInfo":{"baseKey":"BUMsZoD3N0/77v1DdnEQ76pHeKfpG130bCzfUgbTU2FN","baseKeyType":2,"closed":-1,"used":1737998605790,"created":1737991940312,"remoteIdentityKey":"BZkFrYhkzKBoxeiHjfjQ4CF9mJA2SbTk9RT4U+d1mPQV"},"_chains":{"BW1s70L9Y2+44B2bZ1d7vtuSquF7+N+esguFtZTvdeA7":{"chainKey":{"counter":5},"chainType":2,"messageKeys":{}},"BRoBgyxAEMe+pbtRoaxqgSPrCq9yh85I5XnB2yyHR9p1":{"chainKey":{"counter":1},"chainType":2,"messageKeys":{}},"BddbMLVcZ7wIrA1B71NP4k4k0CQGsctOv+f9iEgbJT5K":{"chainKey":{"counter":0},"chainType":2,"messageKeys":{}},"BZDarrus2bB5nLwjLhyWh+n07P/VvPhDtJ3WoBSszbs9":{"chainKey":{"counter":2},"chainType":2,"messageKeys":{}},"Bc92S44/XWgW1aIe+awVwrLPERjuJmQGDuAl3TnbvBgP":{"chainKey":{"counter":1},"chainType":2,"messageKeys":{}},"BdYGECwYUwwESpnZBVLCTL2snC6aWeVRVjH8xlwMt4JO":{"chainKey":{"counter":0},"chainType":2,"messageKeys":{}},"BcHQztPUh0lHXA+EfFaSUiWW+gXHZrZL6mDx8VUiPT54":{"chainKey":{"counter":1},"chainType":2,"messageKeys":{}},"BWjYSiVCn26+U+WOUVOzpijDF32xbkqqq4xcCKQl0SIQ":{"chainKey":{"counter":0},"chainType":2,"messageKeys":{}},"BbBIil7M5OiFhWTKt2MfNeCW+R43JZG5OOIkAk+CiOhQ":{"chainKey":{"counter":2},"chainType":2,"messageKeys":{}},"BYjl658j9hP3ETf0GhoCEPP2C/s7eQMAC3zwYtaf1QNS":{"chainKey":{"counter":29,"key":"qmFX+rg3V+NGx8k+hoci5wqxZRWnMfIinKIiAuIm6po="},"chainType":2,"messageKeys":{}},"BfJJVcAXa4ZolXEr3mpJFtXhTS3gfQHWkRso8fy2R7x8":{"chainKey":{"counter":0,"key":"7PSrmGlVLqRHZCzLkI58DgPl/R1Lr8gTOfU+S8Z207I="},"chainType":1,"messageKeys":{}}}}},"version":"v1"}