{"_sessions":{"Bbr9YMDIqz90S4FwuDXKdiUOSGuYFtYdaKzRgijN42Jm":{"registrationId":1065416594,"currentRatchet":{"ephemeralKeyPair":{"pubKey":"BaST3H4UPyX9cFQVKnXtVkH+du5lfVY1wzYN40dgyhlo","privKey":"6GcxwG096eDrVbCFL+KD2d9ahHwPjdZBvMZdW7sM21o="},"lastRemoteEphemeralKey":"BVRfJr0JPyM6XATmcFCtvNDsZYS1ItsQP2hp3AhHq5sk","previousCounter":0,"rootKey":"2Hhoqvec8VZXC3iH1zSDpEf5JxOAhfFTgPi/o9iVnAk="},"indexInfo":{"baseKey":"Bbr9YMDIqz90S4FwuDXKdiUOSGuYFtYdaKzRgijN42Jm","baseKeyType":1,"closed":-1,"used":1737993015105,"created":1737993015105,"remoteIdentityKey":"BVU63THflEXzolS3VUaHvGBxH5N7hPMpUx++mOyCeD1v"},"_chains":{"BaST3H4UPyX9cFQVKnXtVkH+du5lfVY1wzYN40dgyhlo":{"chainKey":{"counter":0,"key":"lh0yrAZlD5wrZwwo9JvmYMA9vYJ4J1p7yV9xzFJNLUk="},"chainType":1,"messageKeys":{}}},"pendingPreKey":{"signedKeyId":15483305,"baseKey":"Bbr9YMDIqz90S4FwuDXKdiUOSGuYFtYdaKzRgijN42Jm","preKeyId":45865}}},"version":"v1"}