{"_sessions":{"Bf9bOm6L1hn5mv3p/OejHxjVCmVyjQjEfcwG43yASEtf":{"registrationId":300967698,"currentRatchet":{"ephemeralKeyPair":{"pubKey":"BXn9Uk5F2uuxrKirz8qjmDljApBjAF/kdGjfIrahnf83","privKey":"YK19IBO3smIgB95ABwgR6Lg+LFknKK6KdwYsHfMCRVU="},"lastRemoteEphemeralKey":"BT5l59zWwWW/JKCmzkOjD+Cl2ZSPNFbIBIj5XYFK41gt","previousCounter":0,"rootKey":"1/w4BrnD6THLC3e3912DuGw8c1k38wuUcHupAhaQOn8="},"indexInfo":{"baseKey":"Bf9bOm6L1hn5mv3p/OejHxjVCmVyjQjEfcwG43yASEtf","baseKeyType":1,"closed":-1,"used":1737994370908,"created":1737994370908,"remoteIdentityKey":"BYHsCs1+kpbbx07bvbbz63GkiNrCcSZn+gujHsSKH8o8"},"_chains":{"BXn9Uk5F2uuxrKirz8qjmDljApBjAF/kdGjfIrahnf83":{"chainKey":{"counter":1,"key":"6iatsZ7LOxN5bNHXEG3dBx6/PlE7Cyn10gMtHq7Wg34="},"chainType":1,"messageKeys":{}}},"pendingPreKey":{"signedKeyId":11692176,"baseKey":"Bf9bOm6L1hn5mv3p/OejHxjVCmVyjQjEfcwG43yASEtf"}}},"version":"v1"}