{"_sessions":{"Bb7HJ/3NOcKKPM7rD8NHxwna8/C4wVrBdCWBxZ3BLnoN":{"registrationId":617417994,"currentRatchet":{"ephemeralKeyPair":{"pubKey":"BR+0unbQv+hysHsPnDPSvUmejWMrtq+PUKfCOIXc1mFy","privKey":"sEhXhUbgDLKoYhRkobWeLPGSiDihUHn+9tuueA3MzEY="},"lastRemoteEphemeralKey":"BfhuHrIn099xMR622LyKHKqUp942NhrB2D48Y2hVdzh2","previousCounter":0,"rootKey":"JxE9bmgceTS1f05otff6C9Koe4LTKsgqDELdLL1+HkI="},"indexInfo":{"baseKey":"Bb7HJ/3NOcKKPM7rD8NHxwna8/C4wVrBdCWBxZ3BLnoN","baseKeyType":1,"closed":-1,"used":1737993014725,"created":1737993014725,"remoteIdentityKey":"BVjv+AhoRlfYJiBiqKtxf098E6fM8Y7wL7MJ7R01l98H"},"_chains":{"BR+0unbQv+hysHsPnDPSvUmejWMrtq+PUKfCOIXc1mFy":{"chainKey":{"counter":0,"key":"u6SYKI0aK6poWoEJPdmcSt6XKMu10PJL2UkNBcJ06+U="},"chainType":1,"messageKeys":{}}},"pendingPreKey":{"signedKeyId":4,"baseKey":"Bb7HJ/3NOcKKPM7rD8NHxwna8/C4wVrBdCWBxZ3BLnoN","preKeyId":5537007}}},"version":"v1"}