{"_sessions":{"BY4jy9AMYN3vly7OmA2JH8H6Ujjem9RrZt2Y8klSTZMi":{"registrationId":1475631917,"currentRatchet":{"ephemeralKeyPair":{"pubKey":"BdhNioM+Ywomq/QUjYuHLAXR5JI/Aip3JE/eSRaUfjJv","privKey":"mEQLBhSg4WAaxLqAc2LpKUog2rEcZZC+JMnlBbqiRVM="},"lastRemoteEphemeralKey":"BUI0ziDnHG4+hZV7gxaxmtgqemIRC/QxL69QWFDHga8I","previousCounter":0,"rootKey":"AGXhXPVrdPtwa+0Du0HYtNc+i+yetcvVjL4AERZYU6g="},"indexInfo":{"baseKey":"BY4jy9AMYN3vly7OmA2JH8H6Ujjem9RrZt2Y8klSTZMi","baseKeyType":1,"closed":-1,"used":1737993538411,"created":1737993538411,"remoteIdentityKey":"BREfA4QPJrklWBWKI8tqXiB0O0VAFepMuAmDxRtb3AAJ"},"_chains":{"BdhNioM+Ywomq/QUjYuHLAXR5JI/Aip3JE/eSRaUfjJv":{"chainKey":{"counter":0,"key":"YsFcW40s3zXuy0TI7Bla6WtEKVv8rksxPJoC0zpnVJ8="},"chainType":1,"messageKeys":{}}},"pendingPreKey":{"signedKeyId":3,"baseKey":"BY4jy9AMYN3vly7OmA2JH8H6Ujjem9RrZt2Y8klSTZMi","preKeyId":1108236}}},"version":"v1"}