{"_sessions":{"BRc6/mV3obS4RjeqxLArLRBjF1Sn4nkcnuwxcSuIsAoH":{"registrationId":400136022,"currentRatchet":{"ephemeralKeyPair":{"pubKey":"BdcKyejFYedKfn+gu47+oeZZq9qZyggcZVu4OxGkCi5B","privKey":"8Jmh4sC3DANNJHUEyM707cwPurTPaZFJ7GctgosmX1M="},"lastRemoteEphemeralKey":"BY3V67Z6BxoPIIGrOyUM+O/2MFTCoMltoJxdUIngLgQI","previousCounter":0,"rootKey":"RxiCUB6Xd8aCVG14woC4chYxpvM2vu/vTO5dC84L92A="},"indexInfo":{"baseKey":"BRc6/mV3obS4RjeqxLArLRBjF1Sn4nkcnuwxcSuIsAoH","baseKeyType":1,"closed":-1,"used":1737993538484,"created":1737993538484,"remoteIdentityKey":"BbGy3FWqKlunZDd2htBx0arpN0O0PRmZEGjQUg3ZaCcp"},"_chains":{"BdcKyejFYedKfn+gu47+oeZZq9qZyggcZVu4OxGkCi5B":{"chainKey":{"counter":0,"key":"9bENq5EIKk4tLxukN2DhDUCwwhh+xv5e4nSPOOq5/k4="},"chainType":1,"messageKeys":{}}},"pendingPreKey":{"signedKeyId":2,"baseKey":"BRc6/mV3obS4RjeqxLArLRBjF1Sn4nkcnuwxcSuIsAoH","preKeyId":13952385}}},"version":"v1"}