{"_sessions":{"BZ0uhunCezweSISDe7cQmRiWU5A5xG6osOBiEqHdwlll":{"registrationId":44,"currentRatchet":{"ephemeralKeyPair":{"pubKey":"BZTnw/3JW2t8gQwcL3xFh6mXg/t8+Ic+HMzu/uJhkrpa","privKey":"cLX+ytI0LbB4T89kxDEMH6MT/xs6CXemoSrrgis262M="},"lastRemoteEphemeralKey":"Bfin/pX43eNl/Ht7yjzZSBvbRP4VH1wDJZY+fx7Ufd56","previousCounter":0,"rootKey":"VAsRIyjdkd/y4SUSLIEgN1ZeP/vmr9xMZFaiNPaYKXo="},"indexInfo":{"baseKey":"BZ0uhunCezweSISDe7cQmRiWU5A5xG6osOBiEqHdwlll","baseKeyType":1,"closed":-1,"used":1737993014324,"created":1737993014324,"remoteIdentityKey":"BRqopGfzXjnge/7/UbKUNd/Zg2/JXGMmfUdDLkNaidRV"},"_chains":{"BZTnw/3JW2t8gQwcL3xFh6mXg/t8+Ic+HMzu/uJhkrpa":{"chainKey":{"counter":0,"key":"H1ePQK1wkud7VQx5LOGM1YOU4rQZDSUgMX+PfRyq5Rc="},"chainType":1,"messageKeys":{}}},"pendingPreKey":{"signedKeyId":1,"baseKey":"BZ0uhunCezweSISDe7cQmRiWU5A5xG6osOBiEqHdwlll"}}},"version":"v1"}