{"_sessions":{"Bc+p/yLg+puiP49wrgP29pWcijuOFqbkP7FD/L9XIftE":{"registrationId":925756936,"currentRatchet":{"ephemeralKeyPair":{"pubKey":"BXdbQd5XJ/j+CDGgNWPCNpyJHYvqqeS/R3pluF+riUp0","privKey":"EOMTfbg5vfGLMcRLwp/p/ZRbQdTYzp8jVUlvGbHVAHU="},"lastRemoteEphemeralKey":"BTsagDuAf3y2ELbCmMv+yG0zwry8tkTIneCOicJcLb9K","previousCounter":0,"rootKey":"sqHtttsDdX3zOPlDLPCSluteZXnme+MTIMqSchAHulY="},"indexInfo":{"baseKey":"Bc+p/yLg+puiP49wrgP29pWcijuOFqbkP7FD/L9XIftE","baseKeyType":1,"closed":-1,"used":1737993015059,"created":1737993015059,"remoteIdentityKey":"BQAFz2zYxVU8wG9V0+56MRloNq5CYrsGNbK3lu/vDukV"},"_chains":{"BXdbQd5XJ/j+CDGgNWPCNpyJHYvqqeS/R3pluF+riUp0":{"chainKey":{"counter":0,"key":"44RYmG/h8BK7di1XpAFon/Y7Yxan/yHMpuRchrUUztk="},"chainType":1,"messageKeys":{}}},"pendingPreKey":{"signedKeyId":1,"baseKey":"Bc+p/yLg+puiP49wrgP29pWcijuOFqbkP7FD/L9XIftE","preKeyId":5124642}}},"version":"v1"}