{"_sessions":{"BebRD05udIeW8uToVk6hisAgnivwdbXbajyx17O48oZa":{"registrationId":984818258,"currentRatchet":{"ephemeralKeyPair":{"pubKey":"Bdhww1Y+4AOWFS4Z7UhCBAlp16lujeqAqA4OAXN31RUB","privKey":"SEngOtf3ae+FPAGfZNBHNgxHSFhd3hgzs8GYUprwkGU="},"lastRemoteEphemeralKey":"Bfb24KgtbXJfecSVxysPF1yiRXHVAMGu0rWdsxwcdHgo","previousCounter":0,"rootKey":"cVPn+y/AOADFUHOpb9asqUiYYMNRGuAyADnspkNUSRQ="},"indexInfo":{"baseKey":"BebRD05udIeW8uToVk6hisAgnivwdbXbajyx17O48oZa","baseKeyType":1,"closed":-1,"used":1737993134858,"created":1737993134858,"remoteIdentityKey":"BeM0HIktoe376apNh/jsj5+rs33+PlDghOFaIhHT90Iq"},"_chains":{"Bdhww1Y+4AOWFS4Z7UhCBAlp16lujeqAqA4OAXN31RUB":{"chainKey":{"counter":1,"key":"vHkYQDI0LY2vivqrZd53lxiJ1yjXYzmM0CuXUMtuyrk="},"chainType":1,"messageKeys":{}}},"pendingPreKey":{"signedKeyId":1,"baseKey":"BebRD05udIeW8uToVk6hisAgnivwdbXbajyx17O48oZa","preKeyId":341}}},"version":"v1"}