{"_sessions":{"BS37uwQAcgIkSkgOp0+4M2Y37N/XNDv7q+Cckao60F1y":{"registrationId":2040826885,"currentRatchet":{"ephemeralKeyPair":{"pubKey":"BUY7mbX600x/0icQbKqvcpdjdazvgGVHD9upRRNBPSh0","privKey":"COd8RHR9uMRjkfj7pe2s/pkW41b2iDIYaj17IQI7MGQ="},"lastRemoteEphemeralKey":"BZlPRpy/vzN03txcNxO4L3GnIMoAqh4c52dUgfwn/ClC","previousCounter":0,"rootKey":"vqyKH6ROHfAzjEbRHDmXbsOxywXU5uWst7vwrjSmCck="},"indexInfo":{"baseKey":"BS37uwQAcgIkSkgOp0+4M2Y37N/XNDv7q+Cckao60F1y","baseKeyType":2,"closed":-1,"used":1737997021452,"created":1737997021452,"remoteIdentityKey":"BfxJbpFJWf34cb7TherQRolBXHj/1VkklQWPsxDN2Bg6"},"_chains":{"BZlPRpy/vzN03txcNxO4L3GnIMoAqh4c52dUgfwn/ClC":{"chainKey":{"counter":0,"key":"QysxhnGiU+RbddxllGe1P/Oe+pqdQVY9Z2AJLjMZIPk="},"chainType":2,"messageKeys":{}},"BUY7mbX600x/0icQbKqvcpdjdazvgGVHD9upRRNBPSh0":{"chainKey":{"counter":-1,"key":"TRQUZ+oKf+CEP4lXOnsI8toAzFlXtoLrKkXcoXSiH5o="},"chainType":1,"messageKeys":{}}}}},"version":"v1"}